route_stop_id,scheduled_travel_time,precipitation,wind_speed,temperature,hour_of_day,actual_delay
3,52.238351494783636,0.9393663058115981,14.123206334690918,20.381754776454194,19,10.828301313478558
4,49.40375075946229,2.1469494157193063,7.7072389037318025,20.866533650506405,15,9.717325889963005
1,40.8088028155008,0.1603596108346783,12.462386954719632,26.61086728253543,21,6.364832654380566
3,58.02212146253699,0.16681516050959388,11.880934046654392,21.351045853976533,11,11.14221426457387
3,24.021353198778126,0.976530685233479,13.286338161491024,27.11851168295049,19,6.347785266689421
4,19.916889463932964,3.5109696383397537,12.466032209903483,29.689274756632408,14,8.048872809079107
1,53.428288512993994,0.6433675198953089,13.51879870966845,26.274723255280747,12,9.134338276590737
1,34.76174174851867,0.4751087048723679,10.754131220403194,24.672342675342556,15,7.0496731730082605
3,53.11359843931772,1.119786543840138,12.234435669487171,23.634161047417603,7,9.760771552093354
2,55.18905923379367,3.1988270870980204,7.088685735772032,26.32679354525035,18,14.241612108627564
3,17.810591712858216,2.176274919447295,10.720370887988345,22.4468036929812,11,4.5564529980313235
3,54.75591433437273,6.480050926991626,17.563334192706574,26.922849229785992,14,14.810814498786588
3,35.174357491623994,0.027392581713525054,13.275233358513024,25.070529026448423,13,7.1454726724291096
3,37.96946200519045,0.14370045889969765,11.916315850467692,20.20079769609806,15,6.26976903699264
4,43.19666299919446,1.1282937130937887,19.584493105017387,26.47925440051403,21,10.991320650375943
1,56.6872173028539,2.0616072091475224,6.5566600867956835,22.457400029887843,20,10.446522384847762
4,15.860224249339382,0.4029774386228087,7.562177778215121,21.46933996193842,18,2.7475686249911644
4,36.45795607430177,0.32807921044155636,18.85084564510509,19.619004198005065,11,10.869191698515031
4,45.94749190937523,1.8556194021577266,12.183843744195736,22.830094239372862,14,9.187882756329982
3,47.52181309642028,0.06964044104615498,11.029667854840826,26.982313077064916,12,7.525202706795941
2,46.163959419169856,0.5532672179244351,7.203182699617427,26.444700027965187,10,7.746405292671071
1,21.04958082336548,0.8458003767140073,13.790785065580048,23.766968987294785,16,8.175356735143307
2,28.472801476725657,0.9861279695076148,14.17783947810985,24.998218203625175,18,7.184950838012838
4,31.142198643765607,1.5650608558019352,7.622022556660415,28.35848395761279,8,12.186311420750243
4,51.199674345577726,0.5259189627693225,11.438897657798286,21.250168544145694,6,11.319965421354215
2,27.544194258654887,1.1382183258909935,10.657936671867736,16.42289998234897,9,7.960301124168467
2,24.481723374024142,1.0564581616922881,13.023908585675084,28.505649260892863,11,5.9030021634988685
2,58.085160856714324,0.951868949752557,7.522999031117425,19.35110873984641,15,12.912829518998766
4,15.398847830106101,1.227593556500919,17.00778981805263,18.548309383280476,12,4.958516378286682
4,59.90193850568902,0.3604332075161439,15.663295126390416,13.019011223327244,17,12.981558994799142
1,45.4569584485828,0.10613689380517323,10.547297765068736,24.856415265821482,13,9.738951444790331
1,52.28111847521027,0.15240728209212398,11.134325153446515,13.892736877238892,18,10.233227303666794
4,28.25787283557869,0.3052242404046625,11.454311398889535,18.248705961541315,19,5.282968424164427
2,15.644187495017698,0.8322517559797725,8.886765787973987,24.941183972575296,16,5.004784467881168
2,48.204128335268855,2.2024229884938156,10.226282327059858,25.60960626204186,15,10.406188473705019
1,52.53650686503041,1.4499519172576552,10.918918529301564,18.741479258908832,11,10.278532343307733
4,48.32142593790836,1.8673075212011614,18.45147348282851,21.32923336503797,18,19.037725955362056
1,21.428262928537738,0.5187420042569644,15.786473233321747,17.637027367969235,15,5.269138513409943
1,48.90425650156361,0.6223345150712718,15.738618829346494,19.258016060944087,17,8.120109618477613
3,49.601525194843845,0.6004205880436746,13.47970245201756,23.331076300764536,6,9.890067752771188
3,44.63432320515247,0.2556435393383696,7.530691964275062,19.491766606017713,18,9.503649482055897
3,49.47521697580138,0.07580467109285684,11.834035581690483,20.778924799121654,9,11.810772870823
2,53.06646478549795,1.0726019903621533,15.88195383845352,14.676466591912165,11,11.085706950556855
4,42.612185140685625,5.435706120469255,6.966941482530848,27.664780824030686,10,10.77969046478927
4,18.98721212863556,0.21902066625052038,14.546212827493058,24.55033296585533,10,3.2783841247308327
4,36.94325143502449,0.05737164704403828,21.290436901051066,25.96452685918601,12,7.826177556947335
4,18.49422006022223,1.814401531391567,16.247266583958925,28.45212662308431,14,5.074474727184652
3,33.33943639645939,0.34936324733652196,17.65611654224795,17.873935622271418,8,9.293887059878092
2,33.319792010653245,2.1238365255641294,12.873355001768642,20.20802758485988,17,7.438469998515705
2,17.97044298631087,1.4606182617883239,15.87172779505996,12.525828162088946,19,4.8745658193002495
3,30.69692402862657,3.495292588351945,9.128587142583857,37.70211455051118,13,10.218568006662476
2,19.99491444560917,0.630979378329198,15.183455249364906,21.25207342341312,17,4.622599405372956
3,51.370584450414995,1.3015441861026218,14.617552536243053,27.19363949957456,12,8.8804696097801
4,57.645961168401186,0.7502605574237788,13.159644696150652,15.809194278322707,14,11.006665608715757
3,18.254241386607237,1.1950135371034611,17.264029678873992,26.981942128215046,17,4.652035683216426
4,57.98018432812656,0.7165296056804248,9.844860648610446,31.287954383248326,9,10.965947330323443
4,38.515946970153536,0.2508406448522745,11.251769934105349,21.698596254860092,10,9.00303279890166
1,28.480455507924326,0.8508816961987322,12.381848165433187,16.945592517051992,14,10.256764866547638
3,18.458793387427356,0.9024177298897652,7.881556115642398,21.30601799527232,12,3.6295661209266026
1,37.5280920631688,1.9966972999200538,12.907727775200991,10.866192375213869,19,7.951286865340856
3,50.75319950208369,1.5959907762258037,5.124278348184612,21.81056649489079,22,11.003546492949052
3,46.818891477001415,1.3080289732823736,16.18781813771284,26.10483569656498,6,9.183598296507402
1,17.26017051587882,0.14441616215360514,12.186549466263862,21.82121177813243,20,3.903965485475953
1,18.280582591555657,1.5302029676905764,9.916428384384947,20.579302226555164,20,4.006840619881669
3,33.12929771846867,0.8325092155027053,8.662505550819514,24.637840580560166,6,8.000464067063326
2,28.288072232157447,2.6943067750738137,11.06168388152325,25.02012423474776,20,10.694613257880645
4,25.457294537522152,3.028939945137781,14.753038843089655,13.700472187474087,7,13.774100811727937
1,27.645202450892114,0.06808328347126687,14.190955914950242,22.44411481139394,9,7.7514452354524455
4,51.156723448359806,2.0620428231167023,9.177848210886156,34.17992562114622,22,9.387726944853823
2,56.81526241343342,0.04611157777295032,8.615841309489461,15.32491877175988,21,10.669445135338524
2,33.22962125374049,0.5490634365969732,14.627594825278589,21.572905835834668,21,6.79270021889637
2,55.77499509596237,0.9378495336702817,9.110610381539882,31.708730610258513,13,14.674402330592894
1,29.46730655615469,0.1923444808795155,12.239639096318014,27.520875782718377,11,9.222383151846564
2,36.43966438547062,1.6459887100281563,12.495018570097109,19.433016596119693,7,15.636148458756848
1,25.171304901719985,0.010067760394099587,13.248248526906954,23.03067689811302,18,7.743800086762834
2,43.821421897912984,0.221571729155735,15.433081720727486,21.98944160007588,11,8.463645317706536
4,59.0541501828664,1.0432795003577584,6.948148252530709,18.259640978391662,11,12.20258030949083
4,42.15718932195204,1.5037433990104818,4.355362698958049,21.62873946253459,18,14.213028438980096
3,31.101633785109698,2.981548706503485,9.730210875086593,20.600169335967355,6,8.776537251550476
4,44.151785069573776,1.4669578887744903,19.206113631328744,22.56374469038375,14,12.72307094292384
3,20.53143053094244,1.3368827284700002,20.088696400349512,18.258084096544835,17,11.377704452656076
4,54.989658611942936,0.6017260790409443,19.32470854226355,15.616908998776694,17,11.7176848127384
1,37.638777785092635,0.0015423013299312345,11.228074528957242,21.793596133038147,9,5.993744596375076
4,35.2207383917839,0.1536172364687059,4.871539672060685,30.5755910908939,21,5.744175770817069
3,41.363915480408366,0.917712436424358,2.6278435933926367,22.411014631313982,17,7.18380944540315
3,43.11527382552311,1.3491957903423675,9.543847353802356,20.342031105342272,6,8.840408788469071
2,18.229911280193086,0.6484047773674737,11.20770547940256,25.77042902519249,9,4.561608054696739
1,45.71777495505311,1.5742216140746863,17.202501604223833,21.20840193702311,14,10.699173855742986
4,25.88692561419883,0.8854278034801147,15.471221838169782,31.34016462479555,12,6.051680490815251
2,47.12786846279654,0.09248560615261413,12.909620315966482,21.98043745352461,15,14.371084958841246
4,52.01406574728885,0.25585599989687696,8.440620916235433,25.502485315790818,18,8.695471145048085
4,51.178132839863416,2.1990844309015323,8.156881767020439,18.226978088033636,13,13.576025625120707
2,39.86254353335501,1.5488003359653233,13.016510748285741,24.515446266683313,15,7.429877248511029
2,38.40764515398381,2.7018368445129135,14.788203915358906,23.37546738471877,15,9.764809160672433
2,21.42941826027353,0.15007363656488903,13.567525048982338,21.71746937670396,13,5.424568535108747
2,49.8905767681411,5.553209989943356,7.861608161573381,19.491211194151397,20,14.884993480837826
2,27.213422120102145,0.28196594445194995,14.602670515168345,18.80984917173813,6,5.706005969454975
4,37.351294026807594,0.014219770523005009,13.703643868405646,23.411763319898263,20,6.0534347339856724
2,27.79233418173825,7.1533268369255625,7.717334375239287,25.144695548482368,22,10.81240286254502
1,21.02227633498619,0.3959960255272039,8.862716118798977,21.36418601852934,18,4.105490508107551
3,43.330096360128145,1.3232146844250265,14.753983898246267,23.43633964560396,17,8.644458499581244
2,17.44494156703067,0.23329577193750958,11.061969859416436,21.81042660933615,8,4.313288164910308
2,48.689035535679,1.0416538080932802,18.356589206545827,22.49263012452694,10,11.105688567298527
4,29.29140578675025,2.8125259154094047,14.004517104258305,20.997775086613874,8,10.373966026549638
2,15.006061185201839,0.46311472679723337,10.053475247242924,22.08986289684154,10,7.437521546570751
2,38.00081126567534,1.3313190542536089,11.95917759843627,35.49020228408713,14,8.007132449533907
2,17.10833588374214,0.2497634554341461,12.253533570550873,23.558171494037126,11,2.9517647173605974
4,27.427630101940476,1.176340558058905,9.08643874703316,25.226484792155215,21,8.244957926852042
2,46.81394193550723,0.49218192036479136,8.349647207289493,24.190118026640484,15,8.71278770283233
3,17.821032972983964,0.28470353467299864,14.805559575237996,20.685915883514703,21,4.482202310796996
4,52.77023215602011,0.4508232187476339,15.381093188168382,28.46994606645834,8,10.202183307406395
3,15.17189651963624,0.2364463265377465,14.415125878211835,20.544181147868294,16,4.669385683836882
4,26.1070741140856,2.786318548843639,18.061272377295207,27.27527274471276,20,11.479882155765711
2,48.34068252684322,0.6073776694198203,9.832907055953592,20.328965009667755,16,13.816213813173906
3,29.232156737818805,0.33768904624959584,18.69708306428452,17.200137404279793,15,11.396573047696778
4,19.58515746297061,0.7139356178445446,8.39631552578339,23.826981041180964,14,6.8247467156249115
1,31.210526346019254,0.46374152690891446,7.949257746526029,16.476658219489465,8,9.453392028301401
2,27.16769788730365,1.6370602646690493,4.960164471402999,24.678201125083046,14,5.486662813420284
4,52.92203559722497,4.257685819044007,10.216818744692732,16.029206719543417,17,15.1268977070712
1,29.10065629133144,0.6915759818929519,9.985110652682184,20.404959847635734,21,5.068378034462977
4,50.501961229920326,2.368225994754244,14.103749121018602,14.841351517376292,9,12.212244418707192
1,55.13424651648306,1.0012743551165166,12.975563766481804,36.12083504701364,6,9.442282763566421
2,34.52178388094383,0.20528149840207982,7.228106515923453,13.730202201918429,18,6.23541215906678
3,55.94744147344764,1.407832616835454,10.42909504629673,22.049068701982023,13,9.925514407203377
1,31.97931242834368,0.86446049443497,10.514151915649258,27.716521371650067,11,6.660503607364198
4,58.38352874205487,1.2618678615901282,4.896071012152429,27.181929542935126,13,10.828221412542325
2,19.018028603650784,2.645324687164027,8.076213091946522,26.256710610865685,17,5.067476558171058
1,45.915866992645924,0.6967137786482728,8.916745477543643,20.41385805889262,6,10.994531529710521
4,37.22163182056179,2.7773174570616277,17.734500079283784,28.75544473168501,9,12.476302447037238
4,32.444196245504116,1.666768806345877,12.76580286382941,26.566955454010913,18,9.297739243170312
4,43.472034543687045,0.8047354179774563,14.648675015789998,23.061498088302383,22,10.927173445849931
1,46.67356912354491,1.109254428666984,6.005458011403152,23.20290378863296,10,10.668072308501962
1,15.19634713426391,0.47268467519276924,16.776857932055968,20.480386761923135,16,8.735336948258764
1,22.512888993623942,4.93237116915669,17.20440825209637,17.451739870834807,12,9.702047500662
3,47.08707227854434,1.3208014669427925,4.006620131421496,28.18575487739358,8,9.867326459216505
1,44.98734361101929,0.05380461915304055,9.178733104336608,28.56103996800766,16,10.722084341152884
1,58.47213773079047,0.4745379634231202,13.98306229206204,17.579454294850393,22,10.010219352755447
1,49.24670056128524,1.171613377610061,14.57755381415273,21.23107417426904,16,8.42705575983986
3,57.784771847910214,0.06957866842689582,9.286021078051114,21.282883917705355,20,11.494810931792028
1,46.61432256906632,0.02900885180742963,10.778002147785388,21.83672048129845,13,7.6029950179159655
4,28.412349388774942,0.7174572883146549,9.61047575581943,22.32147439293791,21,6.12162319618848
1,19.741421501288542,0.48540101124062857,12.441672187784478,26.7343073082309,20,3.899565522949642
4,50.1820738505221,0.692141881577593,16.78871412584765,18.263913457566282,8,12.127616777913783
4,43.986714966416216,0.36570160826143105,8.915831371435182,17.768265042436703,11,13.244739454123792
4,17.16837055769833,0.21598270036385678,16.003281991073656,28.183098710714876,8,3.1622159413516284
3,31.202270965544024,1.4021081135951778,8.87331171061245,19.68677629059351,10,6.333533377835343
3,58.05599169679288,0.8672669789391326,8.609491150012463,15.684823232114669,6,9.822573516666857
3,37.51805155695905,0.26800360074875756,15.274378473372852,19.57435028950065,19,8.16125948606863
1,34.47281112088671,0.4620706537259872,15.687745512030467,20.349736323779997,17,6.866507854855547
4,35.59648223216823,1.0752208809908381,15.405639747050618,29.774813638628824,18,7.539915257633908
3,24.399722580232368,0.08996486313081979,6.736810367127435,26.624131061883688,19,4.073694554352144
3,31.591822688915784,0.19143234029782366,10.136196087711797,27.73760308316121,17,5.9632991363256345
1,31.641596519422947,0.09128003234412134,15.291954368013286,26.09986821173393,18,5.629444695584726
3,17.355975908436257,2.0076032187559996,12.166167362255578,26.73121835807657,11,6.098812639374846
1,49.54054328330632,1.6751736356485425,7.705228615210143,18.55958936709841,20,9.261074162105523
2,33.74269943567455,1.679561611529511,13.833271756501766,21.00698922323258,21,8.313098287909217
3,51.99809490673905,1.5119127277368707,9.140770964034118,17.050423434882255,14,9.958055639679674
2,53.26566005039529,1.3281624048412932,19.17809939356885,20.94755984731483,13,11.156005608784623
1,24.539732461439613,0.7777900282425179,18.179365849673033,25.420524954673706,10,5.986290980273815
4,44.580906697655784,1.2335995051603355,14.416389705422269,22.672916424061235,20,9.914710155744896
3,36.252681187334176,0.04694008264636136,17.444026819079095,28.557404094801477,12,7.861646467353534
1,54.60705320646683,1.16573425787902,12.259165400493524,16.292921038863902,22,12.940974118425444
4,24.708330562940436,1.805432607391567,15.061749977500064,24.5011917534912,21,5.722236159464628
4,45.50159401395199,0.8326369899550148,17.9108811812083,15.758485990653408,16,8.446506176750189
2,42.348845501372516,0.5308910484741203,12.98199472717725,22.470882345868212,12,7.1788829623746535
1,28.288566490732475,0.3899237508203392,10.979251313942866,25.701667112782395,16,5.396451612496772
4,21.147040664302768,1.2353582034381234,5.181512167291537,20.927487165878905,7,4.556403229766673
3,44.32378922147744,1.4163122154075594,11.667465897114024,24.75563302043478,7,7.9560278797021375
3,48.23688561595488,2.45723009076068,15.293692738249245,17.20133832583533,11,10.468219162163953
2,29.20323046935075,0.5028698408366359,15.782533710270519,13.681550109018085,8,7.277335759086419
4,44.01746718100412,1.7624237902382784,14.017460262873639,24.785148112439014,6,10.797753610294706
1,32.78089084251765,0.9888800736332675,9.83480362015104,30.720051170378664,21,6.725651174699407
3,47.094309747717794,2.5730217650741296,4.092713724209638,17.019775299150538,19,10.422910124048217
4,23.96468737023239,0.9004539563553591,10.01913960798106,28.110970900533978,22,7.131904862329101
4,55.059675118627844,0.8748521625720479,10.782620515784194,22.217117044082055,9,9.828748018613073
2,27.933431840951087,1.0349504773829126,10.748284131239943,15.32154239153462,8,8.090036062414715
3,31.55036944902688,1.6602714297192305,14.474225427911698,16.342473493239186,13,12.906190712949593
3,17.61413784361574,4.012323155805438,19.94270564405936,22.07892386680325,9,11.58334444037297
1,20.018049554457438,0.09169153890249777,12.494116807364373,19.97768856037948,20,4.284851536586994
3,38.213785622054765,0.06589825988864144,11.133072843374153,15.435435116208804,18,7.517496018469966
1,27.041670452758716,3.3280733343178004,10.96311274798363,13.529803593872975,19,9.23927629628488
3,52.59661015839875,0.9057095912741472,12.497539067630857,17.76640336036747,19,9.4734737016196
2,15.661202489472924,1.1451120794431837,8.686824958606405,22.96904504165559,10,6.476541337146299
3,32.059232190237125,0.7903177619642099,12.48079423498422,21.96799623698431,10,6.58979549573763
1,30.18054960460917,0.11800554811986681,13.803249345327199,19.49381021249961,18,8.374051530085868
1,15.869743391292047,1.7536838800187589,12.838744254297952,23.009435971457414,9,4.371436485429469
2,20.59657795502296,1.6503049319340959,13.830167736019124,27.20013359931344,11,4.432617202092648
3,33.61392037133859,0.4482423782837228,13.734990437394142,23.970632552170738,10,7.403771426081434
3,37.1789063001351,0.4387537340018117,4.912413271014225,21.393456643052097,8,7.130394276544026
2,33.19303862646911,2.1830163510866694,14.547480633581612,26.640360033303445,8,6.848743370909511
3,38.89219552854422,0.09013031559910444,9.315940617350186,17.200748488918524,8,7.243281216783792
3,41.78092537075567,2.555418931331857,7.616643347984168,20.875402302223243,7,8.680689917041999
1,15.446571950752602,0.3559248096134461,7.582192688580015,20.994560321998158,15,4.588874768984988
3,35.88428217540768,1.0786855433273743,13.734166441890117,15.815233707785772,12,7.4233293419543225
3,58.357465839941476,3.2985374959934695,11.109700291100587,19.90062918857821,19,11.767821112741508
2,38.35645260582969,1.3603010944536218,5.272124864058357,11.625201595523485,15,7.903557776840622
2,45.489402035652894,0.6422030722781238,13.912151260769134,31.56089023831477,21,7.866950561787474
4,29.033873606259746,1.4036178687439005,6.241567476804691,17.312931057818435,11,7.595394224331812
1,49.829612016874314,0.5058761379830303,12.559285434072844,29.930570657106557,22,8.578664441502736
3,49.781466684425176,0.38964425166038047,12.953995702692216,22.190422528597463,11,11.231073815270294
3,38.45832214443625,6.850533976209111,15.54230832678018,24.824320660779794,15,11.44039692244834
4,58.92062204756461,1.6673523505368049,19.126739145867404,19.556001008245342,15,12.443074009334952
3,20.6497596643194,1.2418188052023786,6.541294696397833,23.039648459808372,14,6.010779751165689
1,15.762644920031144,0.5267449467581095,11.790104575747803,25.25244819994218,20,2.8315282357890066
4,49.65711952906932,0.06049241588303575,10.89465881982313,25.32276207197091,16,7.983251110101919
1,51.32199918141971,0.03785923729528882,13.73499874384385,25.873866950371784,12,8.521855577651843
4,20.40932531042593,0.9694113743009478,12.862675083734475,20.158336449804118,7,3.881101254869532
4,26.951227483137274,1.7227465177436676,10.58981502905352,19.598201637543223,7,7.003242568129397
2,15.789856351498301,0.9250170555454638,10.236391245556579,14.029118373661982,18,5.10169615593149
1,28.19888748512541,2.2050002888894955,7.53419657926381,24.616095055884685,16,6.510137505002551
3,49.79138432634022,0.040797563842173534,15.951446329626037,27.411893556617215,6,9.355037083883019
3,38.30822374706605,0.5482719229253393,13.836816726398117,30.079908399589648,22,20.271747186054675
1,30.664301692572963,0.32470740930228775,15.67107279118055,23.52586317290254,13,9.420039913711435
3,31.728268270784863,0.711469215157167,10.758415454097946,18.167601135457154,18,5.449319153406731
3,15.060913157196067,0.09015506950397359,9.372658125222278,13.514519283552723,9,2.604923180468438
1,28.491023740435615,3.6983757101755184,7.686739733483089,27.208333665416752,8,8.59638613979681
4,44.09064337370687,0.3031724209843672,13.435670334962637,13.018617166112323,11,7.4187423278877365
1,58.83874997173607,3.066000116627683,7.8408271018870614,20.296979611281166,11,11.447483954963335
4,53.11773721427548,0.6659277107203073,19.3946522758662,20.87846586028177,11,10.406344919510733
3,16.06177340904881,5.08232685428919,6.769429675626238,21.652724310744905,13,6.60138646508317
3,55.43522721036777,0.9690806881801644,13.094640476850007,22.1790130001792,22,10.600221248614352
3,50.24392859843817,3.205475334002549,18.267418828855146,22.690737781837875,15,12.428865351430394
2,50.11692556069412,0.00643601490516331,14.396359037055236,9.923183689607352,10,7.535380142946948
4,35.60980915516072,1.6551291412125106,12.702694849967116,22.073279549350634,16,7.983129559740595
2,32.910238182952625,2.800279960565047,8.126065412152418,10.852122129440614,15,8.643886324388099
2,28.631207797493666,0.18059762447141747,6.472923245729184,25.661090365454974,8,6.300464720946588
1,17.95626865294646,0.1212781737592154,15.080200435670344,19.22437422098194,15,9.834298130558867
2,25.27059135721646,0.6631706669266236,18.024588963099788,11.214816373883249,7,13.341724187255378
1,26.097163574011105,3.2558967294210275,10.244600038087315,17.92897661307312,14,8.016312825153852
1,36.78346813695907,0.9380765629615717,7.443753969534596,19.14962330407673,10,9.999052248443467
2,48.63499829685123,0.8995504752258328,2.167322277803926,27.953498087775024,22,8.192914923724526
4,36.32144227790759,0.1825598252196698,8.076940625349849,22.983188708751225,11,7.109228702353863
4,17.603000225122226,0.0009477875054886425,11.54537263000384,23.7222247217529,16,4.913213988427826
4,58.100541044469175,1.9937625581861644,18.396492963346937,27.906108171103007,10,12.992611169903725
4,57.42259435923505,0.109978691670959,14.692534768931875,21.519278560377554,12,9.225975225669917
4,50.33352944167838,1.2056540381032739,13.220341618827012,25.770939805162016,12,8.643966754861108
2,59.60975557038993,2.952722247088677,10.399521354795477,25.41930556965996,9,12.281343104000307
2,39.50170497601184,0.28082081855277424,9.667337130976176,15.567652532152938,15,8.236130376245864
3,58.32457576139427,1.3133274186225308,17.622590390031853,29.364917888149147,6,20.172277706596557
4,18.402226827753786,0.09836162159323596,12.802954163033558,14.898491099646527,19,3.378795258419262
2,31.45563367176171,1.1108675222022777,3.5895972323159118,26.58683324738924,11,10.603993531627378
3,25.142157060304463,0.21485399487789666,9.305841408411029,14.414634815471837,16,4.084612705407366
4,23.812488786042152,1.5979563409994284,8.567135872913493,25.006183940758365,19,10.197225062883682
1,21.336132700170424,0.43012258241449525,9.81494396329014,31.309574390750864,8,7.116471627339403
3,43.00861387046985,0.7469827023232264,14.251642641140341,20.935106717248942,21,7.091213879493665
2,50.159483508628725,1.0978417192378582,11.570220472823003,20.71822178573427,21,9.110367852646931
1,41.02342797391623,0.22543798325453202,11.692538371985352,25.052199996584246,12,6.4384661939485275
1,21.613321931469436,1.6240714495970896,17.253892645300947,20.353017720187285,13,16.027390280037746
1,51.50056964700619,0.43254478889420644,9.214155640853246,31.091393518714106,9,9.187808489214982
3,43.61796182236778,1.3029721996740375,19.4567981035494,22.96096124729348,17,11.092557238056326
2,32.467456775714794,0.20677378317832198,9.314769634515656,20.39915245889637,17,5.569181407683448
1,45.335863299122835,1.3981551301661403,12.356792786450285,19.298572360521582,15,13.347127833922567
4,26.69572406592748,0.16461786979668921,10.875185618388933,17.335257649134896,17,4.7769430743036185
1,30.533649382239474,0.6648065087679081,12.493676534003844,18.86122506621255,16,5.71468290377602
1,56.28686294093956,0.34075651072889757,13.778367980292515,20.246633031707017,16,9.471140268764586
3,28.072702755213918,1.6557796635505817,13.735340960355506,19.561804632507098,20,6.777141864910796
3,36.14947206710715,0.3646306645052501,8.98753067751768,18.70912362931448,11,5.751538559466558
2,55.056351182820656,2.5616133733649,7.508341290209717,32.4942061517622,16,12.129541463123731
4,46.847460762038736,2.66875287210286,22.012687163622843,16.84952461755255,7,11.330283561881481
3,17.799145177411624,0.26244607204139414,10.064062641597788,22.733162938230873,14,4.4294217709557895
1,21.628636992553666,1.1418226595296739,14.796849754687946,24.96260504880436,16,5.382307561485978
2,15.352871584736256,0.11016688013737103,5.569434757907213,25.150539977918662,21,2.9466519747816955
1,43.39148056031235,0.5961832048271166,10.881549120381292,21.70696462108764,18,7.785931414902132
1,35.14530414346882,1.4992736408855893,11.491202464070229,20.796487140763453,18,8.91725268615492
3,21.042368290602397,1.29253771887002,13.89126027971133,24.257737456197532,6,4.209673164459012
2,58.10703544755467,1.1760376278001374,1.1101834360322442,23.332608249891003,15,10.418373254227834
4,38.8346875775529,0.3984471429718537,12.664562452313323,20.705205826162434,22,8.424688119343312
4,25.88519823508001,0.5698263584139863,7.401034178528429,14.190607141377846,6,4.669036121663997
3,37.52716070196184,0.13036725524705947,13.297382844779696,19.66038138833376,6,7.377082755883058
3,45.58291497307985,1.5233781893444414,7.854683212647348,16.26724918146271,22,8.426229348577309
2,18.4307648088104,0.8411462128424207,8.578069216297674,18.664202249668367,20,3.7738054691709864
4,27.36167167715514,1.4803523385989885,10.905489558426927,22.1661161925848,7,8.247810412965684
4,51.313447089779714,0.34352931604946013,7.790682121587219,23.79368071998308,16,8.591765009954935
4,35.684919168119755,0.47065281644022466,10.09786221305858,30.90226375646203,7,6.671730083105761
1,39.595971391453276,0.4881467879319614,7.226496925826739,19.31296810548093,14,8.948713602952417
4,34.47672009942612,0.03129545271125033,4.66731819320509,25.873128176375754,7,5.592274891627594
1,16.97549741893523,0.5005252701334808,16.071828209717438,23.529800122189183,21,4.785743733169515
2,22.458740091907018,1.9513185661115904,6.815805228704287,28.479988353198948,14,9.927544314846397
1,35.04937374338509,2.7311142181465917,11.285276449568066,24.88114359797813,9,9.056393645969704
2,24.413345943356752,0.8763170454509815,15.01156432597514,16.95759286356842,18,4.466682924416512
4,17.249056289685544,0.7294685399570822,9.540223589935827,13.384769853543844,20,4.952653349993007
4,52.964234882332065,0.037571629696971795,8.699336401017849,23.556308498337525,7,8.163651065259096
2,59.15366381238521,2.536385881547836,12.904952354669685,19.357745010498046,14,11.565076636338778
3,50.69142932985328,0.015714705061690013,16.471735290908608,17.098431270247012,6,11.847719476456902
2,53.420321476710015,3.475066068424641,7.3227389396541245,15.662111477334612,8,10.815362769720677
3,25.888970864267044,0.8061707587247613,11.399408671930244,22.804877487935777,22,4.68856316362951
1,58.22821389809399,0.5021409585290073,5.0700216201306905,29.538538496566822,16,10.03905968640621
1,23.861656700404275,3.0958802635699905,10.42719598527124,19.956638271469792,13,20.879427791235045
1,57.81434146628245,0.029632056634218622,12.136818738152302,24.95135155537661,17,9.386094826646811
4,59.7668682284678,1.0450787309708414,8.581501432979737,21.488668248912038,16,10.14332149440277
1,47.027526258572195,0.9553660051042454,10.172032664699074,15.553089554483035,18,9.412870484481394
3,59.15146793063199,0.29710854977375656,6.3670929267702,25.674056717552087,20,10.575243709117904
1,40.62929008051967,0.6722027349142512,12.308314445525975,16.526539779863143,22,7.8264468648858525
2,26.679380242924065,1.2675740698660471,16.222776995532598,22.108133152967824,17,11.244702656061413
2,34.66481485495294,1.5585170087631166,7.6114245209181455,20.292397924973475,16,7.103958931549963
4,41.71024209204537,0.0008605389271717042,9.509312933790468,26.465387172828457,15,6.951591378843175
2,18.288670291215674,3.3147560978697768,14.010184985816727,16.709245037646568,22,5.6973488986258625
3,43.005446907776076,0.21570635918711942,16.848362877290946,23.954349539009797,18,9.567837946132759
1,59.15300265430325,0.3192306278304167,6.027240751164275,17.801012963256497,21,9.903691779513023
4,23.55484424026774,0.366971986803352,11.324861050336203,19.444473938356076,22,7.073272443559066
1,50.666780232977246,0.04626465306202356,13.132523289278101,3.82399886229949,10,14.770910168062848
1,55.85544572008287,0.1575692668135989,11.591774437484608,32.460492858089545,14,8.593708622143687
3,57.466571676909936,5.152812134700919,2.0928317324916517,24.75278466413116,9,22.701058224356053
2,58.20610219824513,0.454383474860229,14.004360037235088,18.16326257030918,14,9.680760913934208
2,38.46568374246624,0.14700948831942837,18.077345404362575,16.37672155833503,21,7.900498702682281
1,58.97885585961767,0.13579069468181387,12.466647004678014,19.5217562356033,12,11.963305942667894
4,49.07895932104975,1.5252466157381819,7.875575786822947,25.584397674097257,19,10.771268630803107
2,22.275214630663285,2.313661465810711,9.947491014542868,12.539575372075372,19,8.206307263759491
4,36.46050479105865,0.35639404376530726,19.079652270622372,21.29207790352831,12,8.234049406202864
2,47.32490289174018,0.02535745446735067,15.639850163442235,30.853209362313365,21,12.26645115355181
4,26.13031421185875,0.30291694701731114,14.560106473537317,16.33026832016098,11,7.282612507316284
3,43.82768325969993,0.06981065367244337,13.425650334137504,22.401925193818276,12,7.369891873259345
4,44.99702155709787,0.13096775997105073,9.355451551236111,33.01654907628879,13,12.78590642866342
3,22.321488471385464,0.6777218985923474,11.197715277376926,25.160758148453866,6,10.381569138065547
3,40.42883906037403,0.3135105094623106,11.688309057285936,22.629619102427277,22,7.387604235112371
4,49.723210994037345,0.8706702687462825,14.198297264257775,24.533182274545013,12,10.26589639487728
3,37.45030490411739,0.35082155279595806,18.035675577067614,19.99567332495149,11,10.1812038008698
1,15.544640254924834,3.386887286776306,16.47335254717251,28.4981564265172,11,8.883039110548692
3,15.406731108568149,2.8366375060919475,6.322462576815838,20.00334988549894,6,4.608768133368918
2,31.06632047865055,1.0038838281318598,12.895979875604194,12.204091956320115,15,7.446235061915184
4,56.67873307943019,0.5251347900324137,14.947053380671587,20.0434844802977,13,16.19823704844144
1,25.290455082162396,0.5758647884247495,14.475441320578541,17.166327350616484,12,4.780491770991923
4,43.54636599922593,0.6369325721900915,9.483064946450323,20.594029939012852,14,10.216940485525608
2,24.993414181199427,1.560489357188805,23.656436863073445,20.704579704596846,6,9.122536995429535
2,29.475149534679687,0.7209857299495926,6.8916617506755244,27.98711599902454,16,5.49875706217593
2,53.161894032066776,2.3316287324367297,7.6672462133358,25.476463633321927,8,9.94436008278681
3,47.79876490214761,3.4609171538665984,12.934380325046305,23.316327437876982,11,12.792128867890085
3,19.29296747909448,0.4912704461818012,20.467212219855412,21.985272943337023,16,5.688095631566899
4,34.29159094438951,0.9870721989189719,8.655220597183316,16.705709955710027,10,6.875279828821335
4,16.3126393640369,0.11985937064620528,10.936686537412031,11.094123811671613,9,3.870857653274649
1,36.640056597135406,0.2684760395626895,16.309174692062772,22.565800056963916,13,7.518824776478857
1,44.80953052654806,0.6402290925736406,11.928551380449067,25.973206017868293,15,7.695423991434802
4,20.33261806191682,0.2771125920384534,10.661584581878817,21.458330583777055,8,5.4928026711820195
3,27.999822250912455,2.510404856237369,14.26253160754688,19.325728386066498,18,8.567117655236872
2,32.90264814759706,0.20677835293184346,13.090071960918372,24.322510826071063,22,5.407823842221373
4,56.37889610952224,0.7298192839477086,16.121755142547165,21.583338996878265,10,10.89968105712583
1,59.69647569403338,1.1167695741603885,17.165875556261454,30.428720959869807,13,12.377072147857717
3,17.021008454802715,1.4126564843733818,13.228012240021446,28.163641710341423,6,4.095484419944756
4,49.245356557292645,0.5795984304871233,13.166930901513236,26.797540285116646,9,12.347853028471864
4,31.727582988105446,2.4399773900270527,12.856443929144534,25.78867057104952,19,8.02987063145145
3,32.660618380326596,1.008082487292694,13.956522226597151,15.549162927742715,16,5.94995810097925
4,48.941923800616024,0.6947279013943516,12.220682551485856,25.314968510263,14,8.711192184677904
3,56.32918944654339,0.08352963085352827,11.997566070710842,23.881629788232875,18,9.81239850778986
2,57.79178675261468,0.7498899211911901,16.78650848330897,25.032123641955817,22,9.825024406093792
3,40.970516371724436,2.06267377362834,18.064464721420173,24.463047434065263,20,8.77991607592963
3,31.07045216852263,1.1439845931470916,5.969788221466317,24.263812939240328,7,5.689998295386301
3,50.439708863645066,2.141710504673725,12.040084606962276,35.504332347747976,11,10.824290988278687
4,26.29506224680351,0.8174900092633975,9.245222266219061,21.619071650240404,12,5.417463272404704
4,40.3833312975083,0.15130420224013802,10.75611413405571,26.681686904146652,7,10.650341715133479
3,31.136030768619293,0.016480467790389888,13.610064838941286,19.645050948679984,18,6.3220707234199836
4,44.548398316854424,0.4335418871511429,14.677753486169873,25.95320791943836,15,9.882462228575491
1,25.817951080207813,1.4367560529278245,11.55149422555462,26.696599451162278,21,7.346052832027091
1,23.62168255806716,1.8742633831061337,4.346638661108789,23.82213038567674,14,6.51193825051173
4,56.320758900394665,0.420751076704497,8.139817677695282,30.346234711882502,13,11.515506735805161
4,19.58116573272916,0.8213910979716733,15.585998680800664,17.578619818197915,20,5.343709866999895
3,37.768105848071926,0.6559898210587687,1.038294311860275,19.563895291658888,12,7.163758226504169
2,24.9383752333354,0.6342230520611248,16.749708606728,23.061900430117447,9,5.917757400046763
4,16.751848349655035,0.31574145062541265,14.084919962578166,26.40403426742111,14,6.411887274434951
1,16.62084682311419,0.17593454658973856,17.26470432612009,22.897147606474665,7,4.970182500635342
3,22.88497974476223,0.26281535093649916,11.205723252476158,28.42879518255283,12,4.5903677053018885
4,54.00466595277001,0.06830657497049501,3.7543783039083802,18.6915506451684,11,8.551620668886246
1,27.7115434789662,0.2649716449619148,13.721450566025991,16.29710755255723,20,5.736520236415496
1,57.77066267588831,0.011092184793067634,17.098612496153365,23.540641682682523,12,9.885842298829239
2,41.17300318451371,1.1842438350104354,15.698887222053685,21.61409861943152,11,13.561137146099426
3,34.647638539594475,0.4564156238857409,9.349234066047858,24.7143186017911,6,6.912822411851524
3,41.10399756012546,4.340751012098786,12.347044301850588,21.86298854566748,19,9.656177543979249
2,38.25142733518205,0.2583846533435929,9.868654924880303,20.299901046882717,6,6.1393766930526175
2,49.14493141907963,0.5092630043577505,8.722934143242512,21.625312141381382,11,8.448206947270187
3,27.712322968778352,0.5315035073380406,15.821554284719404,22.144244473965923,22,5.021898051686632
3,30.887267622013606,0.010184894956029266,7.2098707549393515,20.475093500758348,7,9.129157829469749
4,55.234243613996284,2.1931720591932393,8.424734277673549,20.98433976838286,13,13.8927932953202
4,57.59054309176825,0.039020962476643446,7.583897466110458,19.98203331506545,7,15.741188753376644
2,55.165120236891354,3.3796949555797258,6.039009906803813,26.283325599347034,21,13.430044978627617
4,33.87515972807911,2.6715752699890505,12.585657167370414,22.970105022528998,9,9.292428029853632
1,50.116447635309676,0.9202090847309518,16.646012193927902,33.28376236084383,7,13.888279251340709
4,36.43510799854944,0.9412511584851122,11.260492975018938,22.803522756392308,10,12.070423773928312
4,37.3892933465746,1.2728098423790175,5.977008797743334,19.24571264835669,22,10.82573190019937
1,24.21060490757778,0.58736631829483,15.35977815896811,35.35337687431532,7,8.162795036606074
2,41.60086364663324,1.250300542083388,18.742807016139885,24.068131888571678,19,10.590886826678664
1,23.37611539890066,0.05496173156676334,9.415030703413622,26.950623934464083,12,3.5536011713988955
4,29.92041145802372,0.06667566867997766,10.085782933129128,24.960514916012457,20,5.663946247186156
2,53.47635907289708,0.7332844735587178,14.062642520333577,25.115055146488743,18,10.627432214649389
4,24.318411414488487,0.9572024608601768,18.487494991140206,24.67827025676237,17,7.044060950354925
1,18.202122832804477,2.6251554245983555,9.920663417099096,16.489577176119674,7,8.272597070690743
1,18.105341667576734,0.13266294310400378,6.67020087600718,23.83764523780706,17,6.2393685739255
4,57.33530342263985,2.0755420922076087,14.525674425089626,15.375693480748804,11,12.086731531297554
3,37.81141970828256,0.282938707127106,15.196272292569198,21.12818581793733,6,6.00142466662203
3,33.42354323176583,0.6012160035423691,12.024525801740907,18.371912717183562,6,6.416449201721431
1,51.48953614535633,0.45681420254612215,9.767466961370197,23.78735092924362,20,8.608539867457328
1,52.61216675597322,0.6133013344396919,15.977514923968185,23.67063123669117,21,9.503082415854758
3,29.948596490202206,0.1957224460579737,14.112144018191858,24.405729453825934,12,6.569836816158909
3,46.21281258632079,0.8403755306665215,8.92625793238603,23.436482863745436,19,7.74176932361458
4,49.700526713334895,1.9412217283971116,12.196378925222685,18.965873291068007,18,9.053042656706117
4,44.459280908967955,0.6990738699128171,6.593169871901414,20.6949825532416,17,8.376651131904433
3,21.821778366004473,0.8094580410647874,14.74356182575168,26.601980806272422,6,7.076458131082399
4,54.41473875826757,2.2667249461840533,10.951065722468577,27.339283386471998,17,10.037950064562192
4,39.25925487312039,1.4692478400232252,10.257156670461052,16.26608450686725,9,10.84588100203634
2,27.711259186650167,0.8090831370422816,11.868502059390263,14.345361837436768,20,5.772581253945597
4,34.13526834469623,0.35759513072639326,12.161230797320991,18.36555308397644,21,5.658026725982558
1,16.69069906795083,2.5946236433402943,15.579720246262243,27.226037910161253,20,6.429555251323779
4,20.75400605500879,1.032517598455146,14.364362125300886,28.074420150915174,13,10.027303625599021
4,49.44960377321374,0.299920485275439,11.37436288482879,17.37644059799414,20,9.221390132771207
3,15.000523563991477,0.37620678354072606,15.054672598875982,23.536546768681692,16,4.888217449765309
1,33.74546228170315,1.9502728282879394,13.602949014766452,31.172156665700438,14,10.01226110326527
4,38.51295814885148,0.05417956694575967,10.293601454855851,24.07655738620167,6,9.032575285307344
4,17.458548900043752,5.807884829445208,11.501127367054057,29.107516426165468,14,7.416949798248924
2,58.78851733375498,0.16759965433623716,11.407108444627516,26.99363285041549,17,11.654176339344842
4,25.175639906235237,1.9079655004517262,14.021045372696808,17.449006468860446,7,11.27228587725434
4,28.68894238363264,0.6025866151894379,10.531909541113432,21.05009288251461,16,7.197709218516215
2,28.67741305147623,0.8132393755578052,10.438363254313467,22.173772391459238,19,8.573389609537037
3,25.368749795280745,2.5508397175462663,19.875029237735834,22.5206669401067,7,8.637805672607625
4,15.066321993884014,0.6390950102151857,15.758941926988417,26.581644767192856,20,3.7674964430630817
2,47.82051573395984,0.925314259859366,8.957597342299444,24.043423811377043,19,10.168829525525904
1,58.50804749096784,0.060667642224116844,14.283763975768792,7.318995281109425,17,10.180076370669626
3,25.093206747827026,0.002820280204633385,12.473400262620709,15.43579863453637,15,8.279336701001755
1,44.83712363115401,0.3369269951829273,13.566204701040375,11.063095425119785,19,14.324027788086575
1,48.38533471314218,1.3695097328667556,12.549365298260419,22.87682620327667,20,11.780806807837926
2,53.17914205907361,0.1551261412163865,16.758570581940944,23.202438247338804,10,18.462728788991093
4,34.01831386561241,0.14492363392970886,13.382481378605783,23.41612479305359,7,6.075244549190916
2,28.631890753819317,0.635114661805353,11.75164520714285,17.20535866142692,11,9.324905371320199
2,29.6382810310364,1.2523935024202866,16.16876230793207,25.370720025599944,17,6.599042668985196
2,47.06795998943308,1.4940537638133142,12.933140164351489,25.581312482342646,7,8.506649795842197
2,51.755075992753625,0.2358759595258069,12.485914317316231,15.724254663974211,9,9.894373294096043
3,23.17262854904712,0.09952085185389771,13.256090409944457,14.66980899275564,12,4.769408223966073
4,31.692345367099435,3.384059928161713,11.625563906534534,21.99934156886531,21,12.555495519344618
1,55.587308853711754,0.36240721856247615,12.036907971981876,30.958911368066794,6,9.983333248343264
1,51.30120838626326,2.3036191214272868,9.65322164495251,30.49871371099321,6,14.79007469787259
4,59.31862812431141,2.389641638815825,8.995331121504485,24.817021802240262,19,10.973303096481443
1,48.94117168569363,1.7768452199674682,8.00571845407024,18.350016642099618,16,12.312596292851385
4,32.6937840462565,0.22191032580262396,6.432066852811696,26.434213297442923,17,7.928461069457688
1,41.5787025297587,2.06982834340236,8.481130554461775,19.737878675954793,16,10.438444222393112
2,44.745641441129415,1.759707395021144,11.302931862132297,18.162464816630948,11,8.9970433569567
1,18.53051173427058,1.0897579004425955,12.412470329782549,11.280165841890028,17,6.714112467873282
4,39.50236315967393,0.49354207679656337,10.914813747409438,22.511910991738265,17,7.640760582031288
4,46.919437281267435,0.3654010291659762,2.5771860394905683,18.850663254313126,15,9.84219726965316
4,22.529458680047718,0.15597901339979503,18.29834543104937,22.482151897642524,13,6.10064404048453
4,50.12842728415007,0.8554250746820597,16.34592049156153,10.503211518814693,12,8.950000403830707
4,41.26977512313502,1.0561266865193955,13.783039404868514,22.849133362918437,19,7.16884114773458
3,57.84998035639176,0.5343057699702081,19.629962690213073,9.84439418014186,9,11.405932017336594
3,16.909003419310125,0.7740494265874256,8.090543530065158,27.43970126634276,6,8.555421494312355
1,26.939676189996014,0.5421522901182215,19.55050048250402,24.609456170675422,13,7.348741320663795
4,42.069924568492084,1.229339716074982,8.13914369299781,20.60667614287706,10,10.534877973230687
1,28.34519604926688,2.778308547669425,12.954951701165426,24.813599300410395,13,8.190248540411625
4,47.1490873832059,0.21483754814307432,6.904650699463183,17.10962868668224,13,13.579899367730217
4,49.1552377134869,0.5763727926148562,12.058776382177467,22.361877578074463,12,8.756727182584944
3,19.61321838299135,0.18220008567233653,13.544665991993554,25.97387019230168,9,3.205227831892484
3,38.12345088930455,1.1768151824079915,11.38123867546178,6.5285537545430525,11,9.694310705275605
2,37.900075001597514,1.5661904969508096,14.85550977636055,19.763878201612382,17,9.382620862007027
3,31.61763465969935,3.2243580629198556,12.396057797949029,21.88677934931813,17,8.821712251966712
2,56.981618815635244,0.39232622879065054,9.910341086489963,21.018531911271168,8,9.651315437626089
2,52.237784394294955,3.5999584051798252,9.732746728790643,29.285509131137026,15,11.132797440705064
2,46.37442218593365,0.07842284259660136,15.243655090462786,16.380494375385577,12,8.408624294269439
2,47.14469860807489,1.108624703062199,9.38503188077213,18.894203782773854,8,10.153039533109053
2,35.77722647159036,0.070595697442942,15.661611881939749,12.420654868457758,18,7.351249528701281
1,56.44475344934592,2.6906257759414602,16.890847171327724,29.551433256365726,9,12.337162338744156
3,46.256794226397844,0.9055396862722044,5.32514455061548,20.768549286956,15,9.214680400093595
2,47.80414777451174,1.3280278524119864,16.53170554920414,19.807955559816463,11,8.921033355118412
4,53.776090670430534,2.1375100258782322,20.241690793778794,21.73758658844643,6,13.729332342814478
3,27.333221520398595,0.19546132140363087,13.008015044807713,25.18117914215162,11,6.90679629404366
3,51.318190674001634,0.047227136055103314,14.39633674117929,23.736817017580623,13,7.758547690392483
2,23.78582713304214,2.5331795403709467,16.148021297476635,35.239421067785436,20,6.569669528676521
1,30.54038785101995,0.45388676077014806,10.898070739283911,24.269679442018873,13,5.137446804858788
2,30.102470442142923,0.16570690379442657,12.729120894151478,19.673772854154596,11,17.323897903749238
1,59.03364607751133,0.7583749832362778,6.743201881507563,19.193216312380265,19,11.261316481993438
4,53.544175068656706,1.0944778352283062,12.554540114121805,20.036205237915954,7,10.160946728497901
3,46.55264377156169,0.037752396631506854,13.992447982578167,14.49081537685081,12,8.25661664707734
4,47.71755427269255,0.38572765780500556,14.064652091705877,22.19932103745793,13,14.158152346610095
1,40.2932757481157,0.04001981963387511,16.26169889439032,25.917340531044587,15,8.61128720185859
1,57.619080019883356,0.6543667199165829,8.900791287457883,18.93318199688382,18,9.535787160559428
4,37.33164387970627,2.705697648798227,9.869572973306013,17.963099718579443,6,8.953294712963265
1,32.12329694414525,4.865162127879871,19.58202938396542,29.579725731471168,14,13.061416332851273
4,22.336590161921595,1.2161801456233452,11.398686504945161,14.867584216894175,15,5.424472437294217
3,50.37925435174761,0.21156591073882938,12.800135149249313,11.660908117613493,7,8.46691631243393
4,48.04997694340162,2.835431453843706,11.731959833099117,16.235490281763088,16,18.945505929397
3,32.29597673358607,0.8714190417641202,8.71327669477991,14.297836414378517,10,11.027968616643442
4,16.13370362816532,0.20032757025489173,18.494116843567227,23.93113032052291,12,9.30807467716173
1,52.75487974731048,3.05705800803427,9.889194352317578,20.19647749775213,8,10.641251099539831
4,15.513809255433314,1.6999511410367736,7.49085790517228,20.9015647748808,21,4.220845097561357
1,46.666490083307295,1.578803008901876,10.197038890788994,27.764670884873865,20,9.430048560645565
4,58.66156993767257,1.4820638159209527,3.993175993097866,18.543325694186116,13,13.55400852329955
4,34.69475976666915,0.26828210151336174,9.394850140067273,25.875447058728202,10,8.088731088468869
2,25.573803224817873,0.2843969273086153,8.127485608590693,29.556613996016015,8,7.853398173494789
1,46.719195451952174,1.3988299559090953,14.469714523709298,19.721687509931698,10,13.197574466629842
2,51.77076639070133,0.29772716865475807,9.30634304176051,25.68511427778157,14,11.039035637312573
1,39.589364223503125,0.6929392007264247,15.551215742315394,20.790910437355098,21,7.265120443923584
2,58.51658738652658,1.8279223086146967,17.593935972277286,26.620490644203947,19,11.690199271854574
3,17.32509247460825,1.8387084862014444,15.124701345150397,14.142554062118634,12,4.976375985835706
4,37.715801923703765,0.7245421817796747,11.138446844559693,13.772438774373269,20,6.959160042757198
1,47.33042762951475,1.885356937505529,12.564457986822372,20.043661425462297,13,9.180812480751413
1,53.81882120171306,2.1888054922359084,5.900060239423762,17.555375954701148,8,12.616444323695962
4,23.066502535850553,1.276273292195227,11.464882509915041,19.416454452850573,16,4.5501583756022645
1,51.000156679365666,0.31118700398160587,8.558246127732668,20.9023670877643,20,10.505776760987608
1,39.87181840733454,0.38426578885843776,14.777305524597196,25.60006765918126,15,9.757776951381171
2,32.844915689548344,0.45372549322556066,22.291009556977897,19.961697107170327,8,7.613672610067253
1,20.92717628605921,0.14904990532440723,13.999286543895238,17.880693446884568,20,3.3860010562466876
3,53.938309150901055,0.3828580630791865,4.035439404181334,20.242433116205504,11,9.069276067387054
3,22.07729436808719,0.28213673017111823,10.555079228342509,18.15427360096691,16,4.004466250670732
4,28.940453664409468,0.7290874523779471,12.48996370149782,17.329972489686426,16,6.664744892059467
1,28.05204893830966,2.8688808031294926,12.349429701041055,13.934915932115155,8,8.753552837919536
4,54.213631538588444,0.13242129305841588,9.076747497564988,22.347390581105394,18,10.249001741950572
3,45.27163473940041,1.5287076061765432,12.981166970547742,19.156471467014732,13,8.898013164676534
1,50.85066287361175,1.3949479978824206,7.029996652322451,26.831393696173357,16,10.123453774776266
1,26.271055445662455,0.12078486169888332,8.220365109259731,14.763019539705297,16,6.080537754721991
4,43.119334482314954,3.070094443394168,14.583190566414846,19.289582224760608,18,9.178338960428025
3,40.72856924146869,1.0085080189350974,7.937347076480696,31.064536103293744,8,7.437553976602745
1,52.4773669554722,0.5425502858405027,14.152846421969029,17.30195241451075,11,12.729236485850308
4,55.77391772165672,1.6953561633529348,6.522144901375768,20.81733373951938,15,10.56046555633992
3,15.547054716482407,0.35706146869714256,19.059303535166944,15.920780085873158,17,7.06597164694675
4,45.33089635764567,1.4190835426664223,8.90292031038378,15.257862436095095,19,8.512906515311283
2,17.332610960387807,0.04862545717629747,11.105333712786223,29.73655491543839,16,2.723856320857279
1,39.698639928481015,2.1946662313225938,13.322453044361623,22.855197463185736,15,9.098426347584134
2,27.94347280696552,0.7134201433021788,9.738600189995623,22.668394191188117,8,9.222451853157471
3,28.804946978496353,1.2150082036664671,12.573623844285217,13.51841882441889,18,8.714411768631233
2,30.883132655356047,0.3000594819661333,14.301426898080503,23.793706940541515,18,5.455734810534014
2,42.95816020723245,1.3563974332425417,15.842452930013941,27.787109729969128,19,12.59604234798012
3,30.032248455094614,1.7753568568156883,15.165989743891828,27.747385304142647,19,7.281680198233367
4,47.97145727656262,0.7691512097726266,11.312758144789305,25.341666148030804,12,7.911519897095423
2,33.20373235082414,1.1539440807458403,11.41347290382559,16.35257211202298,17,5.960358968919105
4,18.075894013948137,0.7312864036159511,21.39643423210013,23.56561708596496,9,6.542961985480319
2,50.26919291178483,2.6942142368568107,15.799556272997169,25.33792480238304,21,11.51635614785513
4,27.85912460667177,0.826673515985734,8.312705374719146,13.027782074555493,15,5.006781427544478
3,34.474509581966814,2.212740331097999,12.399952655062208,16.393602042591077,21,12.049641753823217
2,45.844974744985564,1.9394653896781893,10.65942744488723,26.440786608717207,10,10.961553321796783
3,29.96052707169204,0.6341864852953694,11.458663064307562,26.380228883359642,21,8.233168946387835
2,17.546354526602205,0.3137693998082188,7.082019369167648,14.257084831893039,6,4.637220524096722
3,31.826447115576613,0.6252170873788278,10.352307062456187,25.97510729634586,10,7.452716982421513
3,57.50018622124365,2.099940056208556,19.24622309277565,22.47651699576809,18,12.56043618580555
2,43.87804787843512,0.30995382280002154,14.316305203502012,25.90504477303576,18,9.104150405321834
2,45.21656169002431,0.8919054457789689,2.0353543673941594,18.827393382830294,8,15.146130248148221
2,43.45269691369379,1.9684751341680244,16.866893969991786,25.225917482404512,22,10.73938754891341
1,23.954646253174655,0.5233766881461113,16.358518091636647,26.219143872428123,10,5.255441416707546
4,33.8250238846026,1.2333696507829786,10.562858782774335,20.243325322721443,10,6.732063761563127
1,48.792290926349324,0.33824928207813476,14.86905417513286,22.08876273086643,20,14.201905269151577
1,19.561780389892164,0.1388694382428361,8.562403156731197,18.757391852476733,15,3.4545025776435927
3,27.503374924037054,1.898095226570845,10.118977134934571,30.258194743429396,17,8.925804611929065
2,27.434359880963413,0.1250582373533664,17.994185442679417,21.39864030337117,16,6.365414040315943
4,34.440851741752766,0.3799258314837519,10.913079840521167,17.38987837411409,6,6.643178389591096
3,59.116593342398325,2.3181317470879006,4.521073352180036,18.42087043062625,8,13.474981792686034
1,18.037614600771988,0.510438899325508,11.746787108874653,22.633853005710566,9,3.4344210272918856
2,38.341544747126775,4.336319324090962,11.685646428342572,25.76665585889106,8,10.476114696223672
3,23.07141069054947,4.678592631699439,16.79347427749384,15.320865774247391,8,7.814610944569087
2,58.68044454343848,0.37482229590555083,12.05734568870304,31.238300014712244,12,11.32171687322888
3,20.09865771273589,0.05020979465419682,10.31367075423883,23.543376470278083,6,3.175267689401874
2,33.162045106271606,1.4651933620628497,16.180224580924822,24.332279864847063,7,6.683200361274499
1,48.204824317557275,0.7195587029217932,12.483160930004441,21.51405228088282,17,11.532791945628123
4,46.704949261235036,0.12743683080237797,8.999909273737131,22.09629483675563,22,8.277911030028523
1,34.02278866022695,1.4752423547443096,16.61999024216647,21.258584310362984,8,7.218337068139194
4,30.59358755787232,0.038005425772536246,12.774647058067197,27.0889798451798,17,6.4152863066971175
2,32.892557034879175,2.4500819736709034,12.01170386671775,21.96035706273315,17,8.358903314190101
3,26.89243184213877,0.17910874717717148,12.711633565646618,25.83525109246355,11,5.235498704541079
1,24.23998224180599,0.16341244367378802,7.717326514333612,19.83076238323714,15,8.483283748835186
4,36.736786390150044,0.23182455779153532,9.88938489528665,22.97820264156158,11,8.464235005687897
1,27.08401902304233,3.8706684683723096,12.014330407331133,17.980398278802895,19,7.487926935657846
4,27.935774920376254,1.417751214817305,11.22134521990128,28.082641162747684,7,7.016113622857377
1,44.55402285635507,1.9395830540132257,17.089713531266383,17.83126379640442,16,9.047546535750891
4,58.584179926495146,0.6082700177143293,12.869623410908014,20.375102778693368,20,9.83540163801395
4,42.16367402517188,0.49193305872888526,15.41961569054561,20.425197937726274,13,11.65677247431297
2,18.46407601792348,0.3206462059105065,12.037581418303398,20.230243061631157,18,4.266218948722107
4,18.401262623433013,0.7862081434356619,16.22515393498449,25.612478847214685,15,8.209916003033253
2,57.81404493805047,0.9630957940841371,13.590111026292616,20.41671117631678,14,9.80562464862743
4,28.378085563830012,1.198872828011498,12.05368194155384,28.969622652705365,12,5.675497352649078
3,19.143014373711395,0.35666248911192544,11.946867644163921,17.90762456934916,8,4.0270583753649625
3,41.95700642176717,3.563003781687805,8.182245494836147,22.846887349713533,17,10.05639416426081
3,43.06419502306197,0.22324638539807537,14.027662880545243,18.121070053437002,20,9.37338568105414
4,44.18271690534097,4.045494826372474,11.839181061854484,24.104863912657333,18,11.693439839840849
2,27.033091253589358,0.017961095948058038,9.992032159275182,21.92025136511615,11,5.680842244774938
2,15.679980789651376,0.7873123270936566,16.425847083248286,21.224689776507606,13,5.2540955122012
4,58.425691625451236,0.4866202399469488,6.999135896420795,27.94237483251762,19,11.788115196025807
3,26.29018705609961,0.7154933719697619,10.310016418270264,18.72829064472448,8,8.982351262585897
3,45.42118296236464,1.0146201580504615,16.110874995118134,24.93257578809,21,9.029534092684813
2,46.79834414454193,0.6863674193162438,13.262091763681013,18.15520043662604,22,10.817196950413477
3,42.450333768576854,0.6430580059874346,11.80856428938897,22.56342600080187,15,8.248773901690488
1,29.08083273961417,1.5833655113098057,13.004014172600586,16.022123358882773,22,8.189648625840668
2,27.199331419382958,1.3895620107547526,12.717656684195365,18.6874142684663,21,9.347614999203032
3,41.895072721621645,2.1496646768789858,5.933349814856315,21.589284772135674,7,8.0694829302763
2,53.97430351252612,0.34515285871997253,10.602952458608154,31.07324583661539,9,9.954360154221945
1,57.6030178015528,1.1284803848408445,18.466086618054995,22.504019352298872,16,19.673213470829253
2,19.765761198169095,1.0559354775946375,9.36270346089133,30.273341579333533,12,5.180861315763407
2,21.967287566897394,0.55394324754559,10.726795943582664,23.10161645845459,22,7.732919433723081
2,57.51313164523859,0.798772762824912,9.83351694676325,20.064578777625304,11,9.67733173528249
2,48.14408527506566,0.4518721515798611,11.65193910672745,29.696782613003467,15,9.437243124561551
1,54.734722117339786,0.18356380941384307,9.667508674702807,24.185088110367094,9,12.442213696836031
4,24.11846853609044,0.2886547270645295,13.94696600863224,18.78639203058643,6,4.978318555070437
2,41.441364199923086,0.1338067584578731,12.789253649161067,24.35285729700149,12,7.657125606800409
2,46.55128174878631,1.3788876111469992,15.094190460428072,20.53702625046195,21,8.285214273981861
3,45.60503484511377,1.297141613563999,7.796235335244158,12.05482901914352,22,7.964642825297332
2,33.366826089001414,3.6095206109477567,10.638638068468387,26.679865796328087,10,9.157528535951327
3,15.692770126108881,1.5697715618014856,11.097109473551459,27.474670278209643,15,7.318816080611963
4,41.23167255619184,0.06413895721733648,13.82258764035438,31.18971014996138,12,11.592780945346867
1,26.389569263082393,2.587537071559966,8.827115211171861,24.110718460976315,18,8.178176514570104
1,35.26144107643006,2.382487303588993,15.662615217033377,20.75638287958734,12,10.895977386324631
4,58.09114567877178,0.7029183439862754,16.745662362070433,26.17494713689293,20,12.454655785187487
1,32.95658929390956,1.057870276837707,8.044510609457664,26.249101826594533,22,8.20766034796863
4,52.7910722998992,4.47956476757062,10.036508420425736,30.19140591568211,8,14.433274386076882
4,23.4843272587163,0.9119250536841266,9.872273966831631,21.776861884667788,10,5.6598085894544
4,45.260722411126295,2.82872616676185,22.529544818709994,21.172105137162028,15,12.535702908436484
1,58.96531294975246,0.1040280881963586,10.280399579168453,18.422277901207362,10,9.274687993463463
3,19.585189539282155,0.25442457429085835,18.71050176862454,24.68731043362601,12,7.967900830302404
4,15.374397400223641,0.6974010216758956,6.9334720195735615,14.258691658845823,12,2.95535983974821
2,34.511225668467645,1.054669111653892,8.041396135342547,25.880436864312824,19,6.642850451593728
1,19.168146737311524,2.032870336887409,9.253581872607196,24.93917560932895,20,5.969107273888508
4,48.67729573543041,5.333920375598897,8.61724275421391,24.92535101229186,10,18.691330011858014
4,56.15468987318515,0.5908983592582425,10.928405063366005,22.6911261825092,10,11.979227836550846
2,34.530943771894144,0.05829192590630482,9.164887189114008,29.664891237655425,9,6.146132133594533
3,26.642023896994843,1.9383751817369859,8.722633629061706,26.359967327134317,14,8.050169793315217
3,34.54814935529744,1.1127635304068486,16.63388798589331,18.9646140431215,17,11.920632833266328
3,47.55515180325005,0.26558853802206045,16.89517449005266,19.054104751511765,21,9.462504850552614
4,15.407437271116693,0.8194286610356893,15.797185993501262,17.601630932926817,13,4.445385445985133
4,41.52542952681137,1.627198703657958,14.095995822337311,24.756416663877935,14,9.140936659230873
4,42.59812581993206,1.7657615439138246,12.37097226311821,16.999305393800217,17,8.548895297167885
1,43.695971110317096,0.8308611547538303,10.011877237336366,27.416960717916762,12,11.976911569712907
2,25.890993599139474,0.4369825890145514,8.187369980979632,28.614866541727714,9,7.4251121174084735
4,47.1323725520157,4.367768089026584,13.45198281373075,17.604918655247744,8,13.00891501298162
2,19.11261688492994,1.3064987098002847,7.305478429812808,21.072257327035732,6,5.6908637603498775
2,23.967165141006035,0.6295799276621283,8.024316283298427,22.083104906812068,12,11.077142715476885
3,54.48615209945169,0.3949771691667234,16.61165302481924,26.41991580234834,14,9.679206005713946
1,48.24254178269548,1.5761121709504164,19.602596166888347,30.046716878049384,7,10.543785795567251
4,15.618549930510536,0.3327767223434877,13.573180552665923,13.572538035657113,12,3.1635126818021337
3,26.176931716641008,0.22607031727091662,16.425828609178577,20.409096412366587,15,7.243000213496378
3,24.648291734692407,0.9056030627743545,11.016606730224067,20.669916522198264,7,7.613640978027628
4,27.186284761663764,0.41096706271822786,6.649303255649263,14.99665072556726,18,6.224920509878128
2,26.14018966259489,1.189557089992089,14.448686474474336,19.574449903479692,8,6.983686103242826
3,17.813683308428057,0.1505924349256408,14.277157293080256,24.138844721753056,18,3.6508971825404672
2,35.652323246856916,1.2768481981454904,12.286674215520977,20.606605485802213,15,6.450465978513056
1,47.97300636537743,0.3997117098779412,11.030498167579555,14.276894156962932,17,8.100803627967966
2,42.302927612284634,0.0002915567374349243,15.848842314324392,36.37041349004957,8,8.355923473284255
1,45.27922508691359,0.1628957777583537,8.057067866290103,23.330889326020902,11,10.274773864560032
2,18.65171303413076,3.2547478118685325,8.90487768443737,22.558470650533376,8,8.404471670077353
3,57.81708195795542,2.424091405931642,7.967573972958288,16.51036818466477,7,11.007487355319396
3,52.73213252293612,0.3192754048930761,12.339891850543308,23.303530809856376,19,8.270873763754356
1,51.22906433230482,1.8081054571241781,7.648427951562967,21.178931079792527,20,12.932565159827272
4,52.03427122687954,1.1255431790074504,9.263031277939026,12.557382936422968,15,8.86277273278371
1,56.97197286597426,4.244614828087914,9.176977751091208,16.648722799927917,22,12.94096660881271
1,39.49142847511639,0.5613302032349019,10.957566670664168,25.974630088369725,22,6.570708580377562
2,24.012690804043167,1.3728109752596322,6.0505022143840925,31.720088250002206,9,6.360601926987747
2,42.75526235336435,0.07877268291833343,12.348819968149067,23.835827025215224,16,7.379335324061246
1,48.42966721505726,0.6055088154216268,16.989214602658713,27.515416391466836,22,8.798152398590373
3,48.20628270093114,3.98302098879384,12.541965489267048,21.22122345708395,15,12.225923782565818
2,38.4652060875096,0.9291788997036482,18.165284579205284,21.567269196596985,22,8.365911141430798
4,18.080642370011013,0.4074097739998139,17.335992743507703,27.454895138097324,17,4.10375693676113
2,31.70008222935575,0.15376959788503344,15.110940188991417,30.313886445897346,15,7.319831844806501
2,56.43449738085108,1.4589643770148932,12.298743370547543,28.50548346732811,15,13.258005621030437
4,41.30020093908417,1.24227847228646,12.090001552981759,16.668184623075906,11,7.828554402149617
1,39.224937446507106,0.5619684132992067,15.05519908945304,21.66520554842377,22,6.7625095117457175
4,27.098408147198707,3.6176865550666255,10.43331756198387,23.387623422381477,7,7.115378189679239
1,31.58020139624605,0.02694360683488722,4.469916994130145,20.701610182462353,9,6.259723000412309
1,55.290574011892616,0.434410718929552,13.96801621641184,23.939287717077978,9,12.200306565382636
1,44.990837138707604,3.047024864375051,7.475725480260115,26.102884058344735,11,9.763717103872894
4,50.43241620385498,0.4644468869604773,8.151435087238461,27.014048759775704,19,9.171155732142628
1,35.44554403804448,0.3488284455868211,12.000895791983153,30.429350761107614,12,5.946515036326288
3,43.36112487552711,0.9168512873197976,11.619500489786121,20.352794476375827,17,8.273353004600205
4,26.177262393444337,2.083374596368766,6.351697574737479,15.17983417580343,7,5.624420287680357
3,46.745737362756884,0.1306356519945188,12.661966256532562,23.791172970072264,18,11.948527829941712
1,34.24206001665018,3.4380808851420643,15.864558643444195,31.419055155924013,18,10.403698165354406
2,34.91454816666355,1.9021210572145413,7.486633718936869,19.615120700229703,10,7.568251047077394
1,44.21950460595967,0.2399721649881084,17.089933323395037,25.434234885318595,12,11.712481872238495
3,57.1326279661017,1.493786930732932,5.759316699480224,25.478728962363213,17,10.168983849394536
3,17.880285597387942,0.58327907491848,20.469296577483814,22.957210236723046,19,4.953467426511782
4,52.11344568061534,0.617588903024098,10.354958278066066,22.03462360521857,6,14.027262023522697
2,28.15723996854869,1.835034781576319,12.582467987307565,17.382853971393036,15,6.430893824876994
4,34.976375452787,3.949245856147002,4.43186571005732,10.591689637897113,14,13.902766132742546
3,15.986099794875402,0.16251073396344723,11.751455734122766,16.440746466679855,15,4.558008265714639
1,28.547073502544087,0.6549772578532941,12.913928710872767,20.048479254441503,12,12.6343867387395
2,37.618405918355876,0.7868866723641244,11.655351583602021,27.487113437113535,21,9.072482535991087
1,17.527923480634755,0.5665256905996088,9.747675691790505,21.48435968824312,17,3.3053537552582464
1,37.09930782224243,0.5415390780077558,8.21374192588874,19.404871405409256,17,9.82230593007424
2,56.71997829862923,0.0644210657935542,16.522106478149244,17.545072790232847,18,9.336217907121487
4,19.742694814851234,1.3882728123159835,12.1232285399918,25.284029142547404,8,6.428617030273692
1,49.3998327633977,0.6876975263598135,18.16300950606709,28.791785832153025,12,10.296960610652093
3,33.435197401919666,0.25998826629523464,9.894070580820308,27.317178609337297,6,7.683390557234296
1,44.48281715359521,2.031601938815935,10.260821226511132,25.030748498792345,8,11.193954572076994
2,26.71064690933532,1.9467891930395633,15.262376978384651,14.6219362680853,19,8.898609428087035
2,22.177151814361125,0.7995530715471161,5.508100151985744,20.241628785781142,9,7.569594038242359
2,22.22081764220519,0.42535685826313424,7.146146559388308,31.736521144448375,11,7.43097992588941
4,18.17213755394151,1.2196406982924102,16.389939885412655,27.609752459576125,14,5.18252660621148
1,23.35410172055594,0.4078692770956042,7.312264283107221,14.312483908826374,16,8.229974471570372
4,44.88987232450357,0.3230374438492174,4.723795938789809,21.722047384003645,20,9.534846211461444
4,54.67607753295786,1.5734895179726733,19.474108752292363,23.815492163305194,14,14.454776630205819
2,51.63565585160228,0.049393011958810885,6.424729408503178,18.1892076848689,16,16.83968039635651
2,45.831043944351784,0.11947744186916995,12.736477593312678,10.453979892955756,15,7.21777352863868
4,19.96943385349962,0.008173582170462854,12.276340770897084,22.49412022508216,7,3.927866020271911
1,28.013435083317745,0.19918501247934553,0.7574867335276654,18.061208711897805,19,7.6468048666967645
3,28.941309389511105,0.08578232397614359,10.930731907328765,18.08079130457658,9,4.590335844124273
4,26.248062587892953,6.567881603744504,13.793652997916439,20.22659820034621,7,10.74797107337884
1,38.175254686937535,0.4089787360515945,13.417237526075443,21.33162042672594,10,9.962940558835992
2,39.09992166958527,0.19398976622287556,15.614082735214007,21.95458602952157,19,6.242752710881263
2,31.05986888269996,0.33089828570640506,10.450034740378264,17.58005050538999,20,10.534547632212401
1,30.92051214313962,3.3010034139468694,14.850017768368643,20.898952351829614,11,14.925514539142867
3,52.28500190577366,0.8811636345247601,9.242683727679712,13.212883147986224,20,9.325726048507445
2,50.51817817438585,0.54461263032562,6.3581303343489,23.55519532684039,19,10.92505893531685
2,28.850812425633556,2.4799863581727952,6.80908649727507,7.718622933294213,13,6.583653879895525
2,56.12047997429667,0.6030128872121626,6.151558179218341,20.552549597831902,17,11.864897331904054
1,57.87667576511277,0.4895773506765033,16.038343871564777,26.59593076838477,9,10.69838054021194
4,29.703414391351835,0.2787460696574907,5.941705963765774,16.70329656362587,11,8.614639658648688
2,30.94912269568747,0.569386307901622,13.096155362597212,25.582151018287,16,5.575931577000247
4,37.75353690398815,0.4569580592482816,10.936303223710269,27.77866356060446,12,8.262096263451202
3,57.35043656401531,1.3572533391409092,11.589405706197473,5.46050023751306,9,12.773040773664412
2,54.43437449140402,0.4102832900374089,17.454429180798797,21.243185482121287,20,9.682239051234184
2,19.61555831626154,1.0330265102745733,10.246290531138907,7.621132861858625,6,7.179411529964821
3,32.67288344721373,0.08179607090378621,14.446406246198734,21.40895777214527,14,11.305850383009501
2,39.90170353873973,0.25477662078756996,12.150253405524447,21.964143945093365,13,8.103711696719062
4,37.6409612648193,0.6278934475382325,11.39192437746921,9.587280070445807,17,9.221302461570609
1,23.723838057160172,3.3165784599763577,21.199876497545894,31.624191810399328,12,9.592872075124902
4,53.64675470256696,0.5683359761629087,6.234633017138521,23.430079038173126,6,10.324802666971147
1,45.462335234857676,1.309037690596151,17.15652734174978,17.754882839589825,14,8.540423399902709
1,52.70587686833116,0.3533857734388026,14.625626261959889,29.326897137492594,12,9.674472366375841
4,53.64439257072625,0.16302982119911302,10.081900021472864,13.021933896788417,19,9.891069664112733
4,48.67601341495829,0.07238376703510985,18.517274069766447,15.854144832408414,6,10.632104672759333
4,34.76447705623728,0.4373262868913332,4.6075595504458535,10.502722381650507,18,5.935723870675366
4,42.47460397569411,0.20588731770300273,9.912933370803714,31.005225982696672,20,7.088393895559628
3,22.216443275388443,0.22940778536530776,7.166071182923695,23.661731857360017,10,6.337204792029395
2,45.314043786370846,1.7163421871213747,13.64833385948584,25.297008949242475,10,8.537157961283961
1,23.066396508267633,0.01915780010500809,7.54774359525129,23.505006169592377,19,4.55108359961748
4,46.227731572957055,0.9792190912359997,13.732255786965275,24.868838805722923,19,8.294206831885287
4,25.33191723392859,0.5726009245221044,11.254254336713784,22.390388569479946,19,5.833593455222598
4,20.289808506759897,0.8476004906145449,10.082584229375662,23.35460671353721,10,12.387397074442513
3,22.437802056433085,0.9929204233555121,13.554588984133241,22.538017181114753,16,7.981604853953845
4,15.089646084858162,0.45114761710854057,10.925513504247743,18.957040972153607,10,3.252346849875819
4,47.34328280340886,0.4196542796417802,7.645460627763845,21.766876173926654,9,8.356884661055926
4,47.95804720762706,1.5864153696020034,23.205491958539916,23.36797286630839,20,15.942072269385697
2,38.17200074609667,2.4601108534630827,10.051331267883421,22.552745597760655,12,12.265245876904181
3,22.26132604749227,0.25669598618813766,3.129563679391941,14.611139461233414,10,3.894520100090727
4,18.75994518798104,0.12326182566548408,8.631605241114446,15.275066656957954,20,6.447958332000017
1,15.860803489677915,2.736939082449902,6.930893246509079,27.414207169581957,19,5.275198770797658
1,22.458667963434934,0.5167465246387023,15.304582464162063,20.46502977058299,8,5.443233942370739
1,55.088499074241604,0.961727429563071,13.286610638366344,24.923626735179703,10,9.042879665629902
3,25.869157876575677,0.5346882247213798,13.594851207161376,16.53940045138802,17,17.436726203467025
3,30.942209724774706,0.16133852293169323,10.519910136651022,14.634270616767349,19,7.63379317152374
1,19.740546801659995,1.0679631746839786,10.882599011772314,17.782016937341435,10,4.368892143221892
4,25.006258713667663,0.8936844587550568,10.516275585569327,20.887174646142935,9,6.768614787592859
3,38.36510568510923,0.2722710226903649,11.67522726345812,18.674298503577937,21,6.6669015707946535
1,42.34887073930437,0.7214892611642155,15.34133374145934,28.46966761552857,12,7.219347845459165
1,26.0408541374795,1.913148878956383,13.344301650021386,22.897616507687307,8,6.544496099943943
4,17.597947165130275,1.0711655226939878,14.000451318483467,31.244693092809293,9,5.399004170898262
2,32.59647911073294,0.12232941134431839,13.998235632996812,24.022040770357087,11,5.175467711590731
3,25.539151691685035,0.952944792626855,15.537769749526952,9.937245910400945,8,6.215868439540076
4,24.879926545341085,1.455770857186324,13.152600166161019,27.280208032292773,6,6.343258655783367
1,58.193826122105484,1.8883256266943818,13.435392290715676,14.452241887650226,8,12.220929316682234
1,42.73352186665758,1.1902442281776948,16.755224964772626,23.152668336056696,13,8.449927725782516
4,40.05952994274432,0.19878129836519418,9.339816327987553,18.126579711680776,21,6.209669522875361
3,33.70987965854948,1.486166406670914,8.577029680193972,32.71355517232093,12,7.0310780926012875
2,34.30249500435649,1.3573942358468782,7.256313603252576,29.197989637150677,14,7.2482171115231795
2,39.34072517271363,0.029676201971673304,12.731658254481024,18.29089679149121,8,7.9446302895273515
1,46.339341316624825,0.6367191436620769,4.585071035123507,21.36321165939444,21,12.783712974781011
3,46.59657432818233,0.48586877230568126,13.84861638423871,23.222990348246086,6,7.832950036353204
2,22.72622584674523,1.3282591035076246,11.56322762199779,26.317070357808053,21,6.796778286882982
3,37.505073843448216,0.2922234043514351,16.53855879928423,22.145759561625063,17,6.52606103797149
3,33.538114276534586,1.072472430236814,9.312330758140037,16.875525503095666,11,6.311672936712334
1,54.17371348212229,2.933060813003752,11.186726858329973,18.412206803999737,14,11.895675958795028
2,43.41385145482694,1.9182116453468667,16.488813333173475,21.977591018116044,18,10.95788182000678
4,38.96268298871918,3.05294208831446,17.53254258711261,28.172284893823456,17,12.95839895944346
1,20.19275889805128,4.607975896944727,9.27939053699272,24.13918930268022,18,9.439695925868287
2,42.253705019553514,0.012872953220197325,12.72712493034864,18.132925366924923,11,6.379297837936481
2,20.274175755610504,1.1697888688243612,13.177675910736193,25.24186388854895,21,6.280548990333958
2,30.174295900458844,0.6389482778505836,13.494613622484593,20.0650758056092,12,8.51933348062749
2,21.427888416644933,2.3580888496546604,10.949697362737512,26.452040025934206,12,6.591782775023273
2,46.143314116096604,0.3481255285195277,17.12553359249454,34.635052091643026,21,14.57697894202795
3,24.281345122626867,4.757843477033637,4.4411860655138184,20.205868145282253,22,7.45712004553484
1,32.63367179346117,1.1413939679700884,10.315479060795663,26.008025798631856,21,9.222906454473982
3,55.30536499284504,1.8931632090970956,13.791722931091787,18.273033339811352,21,10.625729706686469
4,24.194237252953663,0.10738401295522615,13.828899247797374,21.438681164043512,20,5.817258881537867
2,37.85122787814506,0.2432121452306817,17.411036122459052,22.147811434360506,8,8.960521641257037
1,33.86722475247099,1.704584419191819,16.79290157280515,21.031581699778098,20,7.712906112241489
2,15.815581847057839,0.026678193475671547,10.857833498771106,34.31506844387512,21,13.167758343539104
1,50.674115110776576,2.0371231254789106,17.19948497412242,20.46703462660809,10,10.10861764698051
3,18.107065784156987,0.01685666464266147,9.143833024890181,24.93425769392434,15,3.0711908464474997
1,36.34147594396291,1.2844456337004468,15.72354953116735,12.349565653382838,18,11.150644113393847
4,40.230523272252746,0.5451338362865494,19.242089913683973,24.15998281684805,20,7.997116227828916
4,43.27919054765642,1.1345386321778077,16.859776427419877,27.710272961761234,17,8.917667569131284
1,45.9884233188544,1.4289970744526463,12.423081534096493,19.362013287104745,22,10.683539939997742
1,26.39725725852218,0.5031273914279507,10.672884912911512,9.448889294797937,20,7.49764490541298
1,15.449044949630222,0.13709645850935104,5.885634814962855,21.806741155863374,9,8.614570017887292
1,47.55496480597104,0.08662797353818728,13.242158551656816,22.085919251927642,20,10.31978799160048
4,39.10454697064104,1.0668076964823143,7.539131088116323,25.62037525372152,22,10.441763856894864
2,52.62529664432619,0.8824025139102794,8.827461345544252,32.054515177067174,16,14.566375746419878
1,51.962476330531246,1.6266901234095783,7.237016797053314,20.099731746998465,20,10.709196209265203
1,52.949677550454744,0.8553723096020287,10.158430669373379,17.718559381698597,12,9.468211949952808
4,36.82925969907931,0.6587435650983703,11.888122342052071,16.165410993142785,18,8.919104771610524
4,30.013277812658956,0.6091711902069891,13.09445832466282,22.990393085157997,18,5.3464855732259275
3,50.62011911661165,0.032163495445344505,9.597973458344146,24.39677129409251,7,7.7600908001713265
1,35.30823508631647,0.4905677842159599,16.27713482558073,19.27172302818708,15,9.149144625467844
3,23.254898838154553,4.47665003807892,11.167178968040137,25.893413728628946,10,13.088055644739612
4,53.47383088026635,2.481542886138265,8.849110266937924,24.326920384095878,7,11.174704169343089
4,54.715194454755625,0.47945968680529827,12.905169068973745,22.21615844822445,9,8.942254213016323
2,35.98393902630765,1.063482555897259,19.854211334175265,17.487926396279374,21,9.07905392234434
1,18.406487728940437,2.2551105050220217,13.34064226614047,19.590678422576385,21,5.564562101652465
3,32.4521740462619,0.698516027649308,10.548577490505572,9.851223511587275,22,6.358579086205151
4,51.159194675817155,0.021745275532181706,5.890154575525184,23.178935320990167,20,9.669432941980963
4,55.579831284580294,0.09291894119571581,11.122350716111718,22.131706443737176,18,8.795413041926674
3,24.156273412391812,0.8569820176418302,12.939712500352462,22.942394955447433,6,5.2666522143151555
2,18.01381254113722,4.185651462525904,10.44967643497772,24.521595077822802,10,10.110781284150317
4,54.48077039097774,1.4179083748572363,5.338461447036002,23.929107432161114,6,11.922629677377763
1,32.52322225404939,0.08826759660068884,8.597738441986264,21.448084096769822,17,5.06348393865847
4,39.37924339204035,0.2519187602562649,17.81815384355103,22.243340215813763,20,8.396565118030026
1,58.56296154228415,1.7705344532707836,17.736004014921843,14.978417916519152,9,11.213143237987989
3,17.995412756140027,2.2099448334036573,8.453443323181608,19.08139677155287,21,10.783602143827846
1,44.1743103353443,1.1538425726642305,14.691027148797687,22.252355268417308,22,8.110343949696281
3,18.334744015869017,1.2408167206853575,7.285708860919305,18.320732120438198,16,9.137709506801958
1,31.896101780992517,0.03449604717106083,17.61726512797981,26.30075397936273,18,9.188827934223408
3,51.1716545337051,2.116018162382568,12.980943391576945,18.70683959522485,14,10.9716514687251
1,34.50625047400355,1.8629615992658735,15.798565994466134,23.081527056241583,22,7.725740506410292
2,59.87320592563277,0.35976249930063625,5.139626611269844,22.58282828407668,22,13.17189649581518
1,40.1576678225971,1.479986040577054,14.710548407699552,25.731387968052047,10,7.539237498124295
1,29.452296868617907,0.2902636363255639,11.969303745261985,26.50395587014151,13,5.046894180965724
2,24.90500966571389,0.04939916572262916,15.40771628316337,25.4701630548397,8,4.406654623346137
4,30.77342404287728,0.2694782876067917,15.659471192391399,11.469968993084333,11,6.850536572254658
4,31.763997319179786,0.23613628033203862,12.263138757898998,27.970740740065633,8,5.708212326023794
1,18.092115497578245,0.49453095107590805,9.59668144361634,29.63654112097299,13,12.162426191758554
2,31.630838974204792,0.6504689538830905,15.118784728717976,19.589378578392655,17,5.734743283724869
1,35.89073338826512,0.8524469648401143,11.759382002379489,23.18323456336425,9,9.341346241023533
3,47.52319885074621,0.7772439891513357,8.50886018588943,17.54584159934609,7,7.951764540496762
3,44.55282681247236,0.37876234783252133,8.319391074169257,12.258107466339244,15,7.85813275466385
1,46.89445448531194,0.035525510305406974,6.091342334750474,18.30642367228807,20,7.621388178984681
4,15.37636568445857,1.1149521824009505,9.958835361747747,19.29930480268195,18,10.72872402252284
4,24.795032981124123,0.6045104437455561,16.410768184297513,20.22574634324092,20,4.678228560357418
1,44.77579297799355,0.42573578735752315,12.711319198821737,17.20542954997006,18,9.614849806245466
1,36.779521568088626,2.4203555543932858,9.880929176307838,18.332874165913807,6,8.022511697110456
3,15.239106405075567,1.6480220531084981,15.219423752720319,21.944968391857962,21,7.0047603395528295
4,51.202258909432004,2.3403342181142217,8.670093513106444,18.14886508444929,13,10.298285710545127
1,49.776430798065185,0.8197953364929927,12.381401097331114,24.71762166275014,11,8.537048599759611
3,39.67886233471032,0.16839965444307253,11.281478509097939,25.408303256987196,8,8.448623771795361
4,17.990849659932245,1.4297475015453507,15.116522502353408,33.90193873082245,21,4.473053184957655
2,49.49317722896631,0.276917692665283,5.691086516321997,27.628399660617312,7,8.974812390415797
3,41.267111447911375,0.6984200967639517,8.599209016741376,23.21551529164207,7,7.030855148285957
4,50.18819897210816,0.08065151218729046,5.447017363621866,18.898678516661608,20,10.17179799686246
4,48.82861465781282,2.093679791154237,10.96161311276292,23.468736758369992,15,10.043805439695477
3,51.13509323810267,0.16152838705343195,16.845710014529722,23.63297979958178,6,8.656194211614883
2,38.31036298820811,2.800860040045252,9.978211161385891,19.433434554971697,20,10.693697157251137
3,21.314603318708173,2.3961569247305645,9.957264247217397,25.91865698376439,6,5.3323225975792825
4,45.20208630208599,0.7496507477776315,15.486897696736545,15.009509926590624,21,9.236590180611145
1,42.92132032733868,1.6368206014902844,16.2741982338212,20.778000822312446,10,10.000275916928011
1,48.40139342395892,1.1593497113425466,11.64571573092484,24.779292296587034,10,13.516248308493365
3,22.64464527228309,1.9499227142850908,14.738859416199569,20.562079262039514,15,5.283981208316959
4,23.773883995513017,0.6783489440379384,7.692181836488214,20.966227982853646,17,6.227620059288979
1,55.06842827486978,1.8490616768842063,17.511897335701654,21.311070694038598,15,11.451635218154655
4,48.749000930343186,0.7448954182362252,20.594825175748205,17.821993796561273,7,10.611081608267206
3,55.87028199151453,3.395565763275687,14.0848631647549,27.86950465787104,6,12.490603355916186
1,49.142189452376435,0.7995074487100768,3.662673514628798,16.909811640385925,21,8.543518303728751
4,41.871988769563586,0.745258133851325,9.767078950408862,23.590796637049426,12,8.11376427616304
1,44.435973166254314,1.8449418558664172,14.451301286677285,24.068239491411866,9,10.46347092846814
3,55.01075657730045,2.0683224245642475,10.314068011334548,17.256890493955165,15,11.127979739614144
4,41.046303953037324,0.9702403171499397,17.08879421700039,22.365521271903717,15,7.646652830488148
1,43.45760959477744,0.2378452802502132,14.35262905774346,17.45183913627649,16,7.305261454413662
3,22.041452220162025,0.7567889277429184,9.174097996936814,28.95521237527973,8,4.777712823969338
1,36.32645490522462,4.133145195273343,12.129059243085011,16.306085315118935,19,9.631629811429132
1,47.23787003811445,1.6779732543475787,8.42466711744364,18.730514528840178,18,8.597012422546431
2,27.192421424236443,2.000242766652541,11.269660486350233,15.878874958222097,15,6.873170407341326
2,24.10143812360407,0.04005161228705312,9.781627038269793,15.21150636566224,20,6.002236982253354
3,29.122206370098702,0.7570171878549691,16.699047200932153,29.956076454411466,13,5.583451655614414
2,25.867528259677506,1.2482574262078254,20.46404822732398,24.713873369562812,22,9.297945448625669
3,24.671068666637815,2.126578940461542,6.275246667056992,22.70146712850272,11,11.608790192099518
2,34.11828792906391,0.06063481362026626,4.307134855160991,18.717115183265392,12,5.185015100859482
1,55.852733124759034,2.296215425260541,11.019310312594458,26.53805905523384,19,10.645462043523855
3,37.81768410324232,0.9539526251787352,5.92633720468527,17.878887803162733,13,8.00409434672744
3,23.456417136689538,0.26374996617122476,12.184846414683669,25.968196471650515,17,4.22139018838552
1,18.463725122139333,0.45796099081030855,14.995744455223708,17.63744361697182,19,6.029086911246479
3,46.327026531206634,0.3974251168913339,17.9765675890673,18.77746149062164,6,8.908287720593188
3,32.225944399637456,0.9082223869774101,12.805578234861125,25.791411930589604,9,6.255688410934859
2,51.982392596341164,0.06368312448747676,11.227379100601684,26.319136720778836,22,7.850153994680581
3,44.67798458883466,0.20713468245261174,4.086460333707663,24.987364669483807,9,7.497172674914665
4,50.830865274361585,2.0100078343299344,12.104740596743193,16.751629421216027,11,9.723594657989171
1,27.237571773830194,0.17071157808758003,12.285149042197848,19.766365671385856,13,5.063081221816377
2,46.15615151074762,0.31894231164021614,14.555827256850982,22.784493705992567,20,7.4981082637706065
2,26.882789311217344,0.7247810761675753,9.166047593883636,17.75359519044954,6,6.418245452842718
4,57.25808157526312,0.8735867311262928,10.25978959905656,28.854813800646465,10,9.833146323804264
1,43.63684266900185,1.7307291893303147,6.087990978783263,9.990265280247272,21,11.494728652080074
1,29.603031007890394,0.7115983097096708,2.834828772463739,18.106302423154236,11,5.6794426409888805
2,27.12803380315227,1.8720039530811046,7.566011636812867,19.45216748565084,15,6.04045563015912
3,23.591696328223957,1.1558899733981964,5.718696742987934,7.780281676141161,15,4.580317155988874
2,46.25884315021775,0.14402729855302054,13.346849181682444,15.018854348819046,10,9.747477967012088
1,24.84220258490673,0.20399467323649095,9.92746377333257,25.126447562710343,13,5.308925670375972
4,41.788646966737005,0.6894426668935806,9.847051479700843,22.151418182764818,6,7.061438047357887
2,26.90857621164108,0.6067856056352665,8.062347815299152,29.865680110214512,10,5.022063086138583
1,44.78860251572409,1.6329590645345047,-0.9302617300497342,29.726132229424095,6,21.344998649894784
2,51.67228778432426,1.0431086453323264,18.033242994990204,24.165231893019733,12,12.77539339658594
3,50.011135941509394,0.5894885672809368,7.998917908892847,23.56619124500356,20,8.834425535294175
2,49.23830989188518,0.22469520256411665,10.350319720600371,22.329655542894503,19,9.129699145411063
2,23.447508256151345,0.3087186218612197,6.180431338842758,8.72458991060255,14,4.839868492440994
1,18.977322614303343,1.0282148069448134,15.887721373762535,15.027202433369624,13,4.009623008897746
1,46.45269728193235,0.6608085546679007,12.573715748149297,22.50337751549467,13,10.512815731298538
1,31.57562462074581,0.8681483195363614,8.694538858936525,25.080128543738358,8,7.955380974061357
2,34.45558018815063,0.22457531827760038,10.431081554623905,23.448349060690703,9,6.399206931379964
3,16.4017091757026,1.3048730452340018,18.71271968849948,17.53767516142171,22,8.358240633510668
4,26.680940217377213,2.2970277450860923,11.708122272474887,26.68703141234748,11,7.3700771176455895
4,16.51543817435088,0.3579894142758571,11.273065849536376,29.412220143773183,7,2.898570666369716
1,54.56335976705614,0.8115816479463784,8.23447405544294,26.6899480014567,14,9.434375491387
1,25.95285074483387,4.452237905126774,4.421675398110788,26.947996647952355,19,8.69366707618446
2,40.08017263078536,0.48639327404554084,11.359845305682622,19.203871010223946,6,6.6195412456786915
4,16.754069429750867,1.0847791804007398,13.30194044929847,27.379670613503997,22,5.073909036221
1,45.008132608754615,0.11343090931682749,16.39833785731068,22.728793196638286,16,7.518424412561106
3,29.53623055893422,1.1177309373217885,3.006013862001378,24.557777642610024,11,5.772177303727082
3,55.406363413094965,0.11268733991716509,7.499614691907884,23.827159214123547,6,12.889428500757095
1,54.965318502031614,3.83993050534391,9.6770356377742,21.392564472797943,21,28.47901173425226
1,29.63807782627865,1.5091126811215239,11.986076605707193,17.69998762438849,16,7.251143501888505
4,55.543240306071056,1.8623076073431777,11.419865233886311,21.589316682229768,14,11.754651618511621
4,59.82709530744505,1.4612981484000025,11.513245257250922,26.933808087414114,11,13.336453684935723
2,52.14370488557766,1.0691249399465494,13.632384234279778,19.79262097343545,7,11.059228788755798
4,53.01921064898531,0.7172141201802469,8.386827556883564,26.46673631304073,13,8.929579799648645
3,26.205393124909044,2.3454733432246364,15.736565768934778,25.68535335308836,21,7.089097084642086
3,40.95160794859903,3.771288914795277,13.733809766797922,20.50531301490085,13,10.691709290310884
1,18.026516128531554,0.8294656582911253,10.720670943487683,28.944000518097884,13,4.259224329078244
4,19.271307156975137,3.2177199973921256,18.40363196755566,20.22226664404647,19,6.873388870061803
2,59.950167541498075,1.0505612655922296,18.225664142287066,29.54773431306316,6,13.465144589567956
3,29.698766224165993,0.9276267686618836,15.731581420775235,24.170634907704862,12,5.859795967462704
3,48.66827604219809,0.7272249847191176,-0.07422708227116992,21.920670407732434,7,8.48554533188029
2,51.29992738620674,0.281785406406857,18.315780370871902,17.56099309831173,20,9.590352212045087
2,53.61104719532531,0.004471915151139971,15.179034089887736,21.558698849324795,9,8.45189236854012
3,59.893273383097046,0.3317048275940862,20.02563455085175,20.981202432527898,10,14.54531576193602
3,25.867341836559053,0.8553421097926593,16.949858366934155,15.708518073745473,21,7.035712662675054
2,16.815787208686487,0.5735654518795377,18.313370709989144,20.911922886411663,18,7.575800623961753
3,33.50361830975637,0.7141039866247332,15.514619400721516,17.980984099514572,14,7.112579354363691
1,20.853630142302613,4.733965021854465,17.39477279458205,24.92995884489391,10,9.099766889404108
1,16.00916501229248,0.5174424428517328,19.97649496293776,28.531402378641015,13,6.223256071639274
2,31.219207221366876,0.7221766544606147,12.866218953512824,15.865421618523797,8,6.1876146455368355
4,50.26822129838564,0.1719733407690924,5.711077823687481,30.561538641834613,11,9.050489069956274
2,40.478131105128185,0.05897501577086597,10.770156399939431,21.35724482807435,16,7.702251314377958
2,29.075009514465933,1.7921719199565271,13.559782397533747,17.12489307530743,19,11.93342094119424
4,44.445390247172384,1.01467213557579,12.299550337486231,25.788773901040916,12,11.768139153956858
4,25.440818113896484,1.7160688416360257,7.013752135362294,19.76772760872476,15,5.465768992074762
4,15.647165073243826,0.19482903533858215,5.475729499220084,21.59131661984253,20,2.5872555703432707
1,49.39590238963923,1.0178785152909307,9.035349325460682,19.978608778939606,11,10.504645025401675
3,43.06843881888041,0.35106064400429454,15.230958223936604,17.9163103406755,11,6.911302087509078
1,49.3036181025432,0.3106209670417442,18.321359083291878,25.61998516200952,21,8.764945107663479
3,16.752210750944954,0.01391154409527989,15.666270455110805,20.568492985529065,14,3.070795710222311
1,52.670383252379345,0.16758453639517962,16.229709148456543,14.816741039103771,10,9.270363190495733
3,42.87867900163365,0.4440042426871094,11.676737707345769,24.755300621079662,21,7.9288505767549315
1,40.35279078206881,0.14915134059538016,5.031670169176144,15.972088244881224,12,7.6375881954714675
4,43.107632165153916,5.110364794007649,10.179117676469179,16.233699136623706,10,20.284442148603986
2,53.89949610907638,0.44290076820051455,10.964942352510485,27.963031024886583,16,9.412268122436421
1,41.412142795150814,0.1675613870464037,10.011790052657272,16.01830050394894,12,6.902002365404895
3,41.142767094968065,0.26639651973112044,12.218779461498505,10.417775715362549,8,8.097052658110112
4,59.58056206795946,1.0632142432544485,13.765679039571802,25.11430742480748,10,10.272183456808861
1,49.05285751808556,0.0794235641294881,15.41206075297399,20.48068285259435,18,13.190104063014632
1,34.90322124530108,2.3803829076793868,10.887520542534663,20.911724394309417,21,7.73998531340717
4,46.83286500148175,3.908506447464525,4.384962377421626,20.427498033249,17,19.3489456023975
1,32.51537122613048,0.34002561204712906,10.06848912283546,23.158349695093634,12,6.234193342062725
2,25.299395811757456,0.7176122776547073,12.174841587967935,18.23640379048466,18,7.718937124370687
1,41.85833445994918,0.026859712665869274,16.891231688533633,29.38057437282882,6,8.957449042949909
2,56.768194415127816,1.2283512511456625,9.728768631263579,14.618847598453009,20,14.918841628830478
2,56.81127840069583,0.641171179881146,14.050174513597607,24.224374583385615,17,10.998565589472959
4,30.385737514747063,0.3777490063166351,13.16035159854173,25.210605019382918,22,6.600869295788922
1,38.74548597997627,0.27807200325880793,12.175602132493553,18.20174119583311,10,8.150291214862815
4,24.523615435643755,1.2736598455014914,15.722133277298365,16.88132777361091,22,8.002024209733026
1,59.80339992744975,0.6458711924458526,9.356635212989676,27.085871070850782,20,14.069342927185296
1,59.15030585405711,0.23764262860502067,9.699254201425934,17.045696229916423,6,9.683374151455363
3,44.22790183683513,1.4019758071904476,11.952396707623087,18.966680296247166,9,8.204271984097295
1,51.1986326854863,0.9990905155215759,9.4394139796252,26.43654481229873,8,8.548974343447847
4,47.1795072577665,2.348006685175438,14.0320491642184,22.173706167695123,13,9.879653810038715
2,41.69211985677607,0.1499630165911589,9.14723078253547,13.014281661854477,14,10.11779808355912
1,17.400659864500398,1.848267049731354,12.905216830980537,30.73529572276757,17,4.233547423547117
3,35.46439541486975,1.3432520952424556,11.599308924852973,19.34994620610017,10,7.940894445653717
4,45.36538359753347,0.14661599045810264,12.859703859106823,19.986213550467912,14,9.295601824840157
1,45.488922624765806,1.4242270849584002,10.161034419747843,23.278921261631826,6,11.588927755905585
4,31.79051782900726,0.6991024023406659,10.643646821892691,25.125383985020363,16,7.079262670605363
3,57.376139399611375,3.4801746068955075,12.3840370719882,31.805521456457335,12,11.802936841841664
3,22.531066450655146,0.18323797289627736,12.80829802464525,13.699659252971518,19,10.204739271320037
4,37.51617507970023,1.235463496411958,11.983192338435376,26.129761044629728,8,6.814667735133008
1,46.08977894478703,0.5774814397809743,18.821449426052336,25.715048470250384,16,11.45255859721675
2,46.37111126513142,3.770705326103106,8.037052325034864,21.314175445629417,22,10.153304424770573
3,44.1887530545967,0.4805281170997107,11.743184820189146,25.93636847408111,11,7.322348492812661
1,27.38796960533371,3.930088177258714,5.7054839115320615,26.671370088182734,20,11.822062715234054
1,22.029295590897988,2.7810661169671644,13.488325914669545,15.090186075064977,12,8.326585731388379
2,43.617314707201984,0.3782830350809945,7.539013854492744,30.74883252940415,10,7.755085689623634
3,41.9685952262747,1.9527665699892625,10.886758976493695,14.206188734309292,10,9.893730654012783
3,23.07102046301584,6.512527379592638,10.511742698674697,16.323418593806135,12,9.892877675776834
1,46.73126155067535,0.3494868727222871,13.123564506404685,20.691061631879517,17,7.426988266175813
1,35.48273962801454,0.6888959250442087,9.78883632981928,31.62470256593528,13,8.42752970030714
2,45.04922662214188,0.8812149366014436,9.61877720922407,20.458716851233067,22,10.34390538959458
2,52.68151858965678,0.4193517614752679,17.743425856343592,21.840330549745946,16,13.340672855754715
3,22.637779285961543,0.01845905603986688,13.138267161898105,29.160393019522818,20,4.966264710432454
4,15.86151905985765,0.29835248486041815,9.755796591910928,20.498409287172635,11,4.854343978071818
3,50.05961638781041,0.39743737077698693,10.996665312755077,16.10781643534662,17,8.979578645840434
1,42.43638413186772,0.7035207385460199,18.58141980908298,19.913825823808427,12,8.77081962368478
3,46.483780632995476,0.22519049807042907,11.059340486995612,28.853959169028887,13,8.213755991270489
4,52.716973874488914,2.47868761130697,9.242893507390448,22.35432498527568,9,14.74571274609643
2,51.126492067102525,1.4645744676347443,9.26001539949443,31.6532912952813,8,9.19929653078521
4,58.24140661179711,0.1068604066450579,9.80349407604169,25.689674631310776,8,9.393066971289423
4,39.11707854834532,1.2601035666065963,9.62200911029311,18.775955318032583,15,8.73942209362252
4,36.98230346969574,1.2723889844501726,6.881408606603028,22.255381522325393,20,6.812489716120134
2,33.08492399508285,3.7543259940052245,7.503199612212088,17.733909409290604,18,12.41494002721863
4,21.916096927989205,0.0036305320776701252,8.68271850255452,18.65783484675615,13,3.387095835519906
4,40.76732547969101,0.3419149580167687,14.366284073812391,44.39542125512878,10,9.204175884173049
4,27.465563594669046,3.1538366710250125,10.475050850908506,27.093122550169056,12,7.578845021510846
1,56.458838049583896,3.2282626315274214,11.17135324362384,26.305489945033365,10,11.156477747180743
4,41.243586192469394,1.5300746723234693,17.08035210101959,18.88409842345968,22,11.736803903818636
2,41.67780812286496,1.7417078715348555,17.180028599753673,29.847920331405394,9,10.34490708576027
4,30.97160973946545,0.11512995942174618,10.87150022744906,27.497078008964685,12,4.755641790050883
4,17.339520838996837,0.8655494444600611,9.476545957266364,31.408106446788857,11,3.9160412480326197
2,16.428469441784486,0.31610725572283976,8.542278745305849,31.165570741992248,19,3.5850261556429763
4,34.05008148689389,0.23992495451211346,14.771103078832951,14.60455355951239,16,6.078374350264361
2,18.805442014375704,1.9947945521511683,11.18117106591085,16.450802553650462,12,5.796325392340098
4,42.30811299930626,0.17408383400426694,10.45402043870884,16.98106092268182,8,7.98197081248699
2,54.643785253784586,0.7588049063918628,8.745341699449789,17.280296783337814,22,9.814472182670729
4,54.7311667433425,3.3479893229748985,8.921334363954447,23.617261821301952,16,11.694313190497006
4,44.65704345595046,0.24670633717959928,13.280232765972979,19.165982739520913,20,8.299931491376045
1,24.505432416281895,4.579696739162956,6.738246936450952,32.362992703812594,12,7.4079590380700235
1,53.834857411149244,6.1982202733633995,15.979474775151754,31.52339941040819,20,15.400059241287178
4,54.87420458909437,0.9732825886287967,9.864621424740326,21.9676920296048,22,10.872476753922527
4,23.849411322883142,0.2238018829177671,11.40145622299283,31.77663108074895,16,4.411295289091356
3,48.18417385968048,0.4559408616731452,6.652088167437783,29.44067313620101,17,7.988099158201381
2,27.893379701720534,0.6630043161804154,11.950536247030541,19.746467204113706,18,4.865981413783058
3,51.118814055881835,0.4441017308247794,10.68671622923776,11.953923279872193,16,9.793384213473624
1,59.87570549566212,0.39526464798432653,11.799677604574134,20.910158075196353,16,10.980399201798392
1,16.351170239822675,4.300546207890243,17.88683559344756,18.776889344607635,14,8.283377957382946
1,55.38146396059194,0.19978248727758005,12.71079218316096,23.03252812572915,16,16.950638587696204
1,43.01837401193961,1.5860825974529458,8.821363263416785,22.446141434373747,9,9.238248850681895
4,58.80221786241695,0.0004924483570995155,9.154720357813726,22.315088294496142,7,11.37948999522312
1,35.92542828868925,1.088151186310321,14.380524743655075,24.618423706895822,9,6.498971514216676
4,53.13245687571182,2.9715122230510542,17.194773163973696,15.937390264581607,19,11.715921704209087
4,17.807733086922475,0.40750176885380646,13.1276720830042,24.056801387848537,10,3.6415610471942377
1,30.087557253523308,0.24625529099458918,14.754850978219078,19.80191923491497,22,6.426065933256057
1,18.015744198804448,1.2655597111293264,14.43895089334682,22.999910999318434,17,4.5181935536926545
2,58.89044100655818,1.4962622424039813,17.676257653430085,26.78704922616095,11,12.882689122293524
3,51.76382582723265,1.3978198957330208,4.201639309095869,15.878001133894852,17,11.225774800084432
1,53.36463395606867,0.4615900762429973,14.668875757218114,20.593531736652153,20,8.442507987960942
2,57.20843541452524,0.3487475144953717,15.934944175614255,21.40732882985568,15,11.182703482274379
2,18.82965687539034,3.7460662684997885,6.645105175457706,19.428655142146795,7,6.069680135203754
3,32.351891663100005,3.0814165914557035,8.457327263974335,26.499147480664785,17,8.56939995210058
4,18.196570006980096,0.7334750452941327,8.596869005487386,18.398058205997643,17,5.909732862415002
1,24.485689569751287,2.2464748088936357,9.084839214490467,19.222998002788305,12,7.900404118320511
3,25.321459966695258,0.7224845447715526,10.073131796257897,18.45040433523968,6,5.089049568661041
1,36.10982449714104,0.6627878700662637,12.970411252219765,27.46027705719401,8,6.5826177685115805
2,27.085297535413915,0.20460859147203594,15.462698604669479,19.537779437938916,10,5.5257371956705015
2,19.54401480679925,0.6670002581882631,16.325267831074147,24.30022695441778,20,4.280936391436567
4,22.537099009234847,0.9251149751253301,8.648707755328873,31.87852550615037,15,11.47448055274511
2,21.627400359844092,0.027313697003321973,8.621188005188069,21.625907898247075,6,4.111947896939547
2,58.78845590605342,0.7046283025287898,17.263287360064894,27.560303400165786,12,15.18868225685467
3,49.168162811331314,1.8243737297738853,14.586975741674578,30.35677042046564,7,13.612425184277576
1,58.549265937130286,1.3674938636595877,12.331459367475984,27.13595780020207,15,10.784169968498054
1,34.78832189285588,1.209945749278201,13.89334670221987,21.9159934201113,20,6.772491149953147
3,27.526581674819546,2.883621701797593,11.880784872594237,25.210538794993067,15,9.382516172119177
4,50.9231938744134,0.021835881266785633,14.09833873219046,15.563107034323274,15,8.177061986586782
1,29.681426311851606,0.9771515192974716,10.655733213977038,18.09978420925024,17,6.707073558150436
2,28.472251816740673,1.857722690245649,13.075219737756923,18.976624091840407,13,5.9916333135003494
1,25.462769649352403,0.9353232207187594,5.957815798522015,33.20306060087141,19,5.542973742903651
2,20.83555402009059,0.46968924822853997,9.248862820698276,17.937077428723665,7,3.663840700674157
4,26.54083774575447,0.17576706975769846,9.291955292838626,17.86261624369085,22,4.788324770440767
3,30.989388681324947,2.6224354235043115,10.502439867172344,16.780395098755083,11,8.935360565436717
1,45.32973936655787,0.7635813410869566,8.293946980881007,24.799058809653804,13,16.900836345474826
3,17.81541789987532,2.525614701491675,9.865825496707673,22.713106963344416,6,5.281030114620969
1,24.47281228494043,1.057838612093222,5.942343750407518,27.433794885132826,8,5.799521884105841
2,51.406063813125435,1.3457368633194853,14.1948019055796,25.35629833038677,20,9.976080617148597
3,21.611486561269686,1.9571687142132599,11.669945924354423,15.098050766379663,22,5.214516393480179
1,30.41903159351347,1.2915948579427867,5.179169568895933,17.963611149948147,12,7.479701768218555
2,53.9096514836163,0.6091067223555134,8.660680357813307,28.826643741379108,19,11.153556772099211
3,21.971639001454918,0.8649511024888599,13.346405710248668,20.983508777115976,8,4.306212876734629
3,18.723157602818546,1.9497392000097262,9.827912214456841,27.937959090090065,10,7.198678223338712
1,36.80420977860049,0.5614157182401185,9.212234159447613,21.251595260423414,20,8.378787512398631
1,28.608878007534138,0.5894657699248955,11.701629291967695,17.161717858557395,11,5.202559629092192
1,40.35337640177343,0.12069982243016084,13.374390140712865,20.483696111666468,8,8.243206019129321
2,51.17122007175638,2.952272324925459,6.254590171843358,17.15975102225152,8,11.03816818349554
1,21.171681966873443,0.114540163245273,14.200513924871517,19.17223618798788,13,5.55337661655191
3,41.131458804942824,1.2536622409658575,8.798826873570494,23.00462853282623,20,8.543391006537849
3,37.74789421754387,0.6396741885172649,11.928288127000805,24.558025451845104,19,6.272593226427966
1,21.48354537059398,0.6242824892051789,11.858319437233963,14.04904338372851,21,6.8145740769794605
1,43.07993184880421,1.3656417027341037,9.891735527040904,21.913159962454507,8,9.176563243143264
4,27.313818803734726,0.08334065625507327,7.905361015477142,19.06692132220124,20,6.744220613730397
3,36.952544334480564,1.0808132511544168,10.857253807630945,18.757925955205938,13,6.677046309070511
2,18.702254592467785,1.7742588862871107,18.50132123630078,22.663423095665383,7,7.830182826113409
4,35.681282574613036,2.1137982387571586,6.553299878145476,19.24774063655394,22,8.11096299203958
1,28.790856061926917,0.22436256698393106,18.7692520764195,28.91068997423337,17,8.840453748815413
1,52.00715450334094,2.732523644113717,10.96111531569387,27.9403093812553,16,11.8155072736443
3,17.564042714881573,1.281046076899487,12.141485668354557,27.9091414697102,18,4.536149728612894
1,33.83732737132485,2.563009091332025,7.653156754461091,19.52544902254849,19,7.577091612927659
2,35.62941408591471,0.7969603304362184,8.914922333290077,17.187505825403388,17,9.366795335863188
3,47.62527343346034,0.9371506840890201,9.988361399847923,22.410149646940578,20,9.53634860174726
1,40.8429408790595,3.01653455029074,7.817220116488351,21.248258168568665,13,17.298620175078447
3,45.02455517373815,2.762017122497337,11.164328170516512,18.955884187883175,7,9.89847381558645
1,49.96721785432903,0.7133984549325822,10.371936432772916,16.121327766665193,13,10.380738429815592
1,53.79913381461849,0.38492854664573034,19.403124569742936,21.79241015365964,10,11.648820406835256
1,29.124397352511174,0.5994087710021402,7.336103257278156,19.979652748737635,7,6.878099089730008
2,39.21102174137563,0.588765583792738,12.41076206699435,25.441735185190097,15,9.023715866706876
2,52.80486352976399,0.405704597870537,12.991385127607298,25.325530257607397,15,8.544866294133975
3,59.52530089342754,0.375320265438416,7.71871780539265,27.503999027113586,9,10.824485337498391
1,55.02836899696934,2.3684810745805107,14.747309981811354,15.70352224059981,9,11.572190770322544
1,31.716026818096957,0.08690667776842138,10.406691948473487,24.005291538468164,13,5.665641010045631
2,23.78249327483927,1.3583963434594908,2.030441393667731,18.36267146883164,11,5.800026051956485
1,37.02266418329649,0.2276796188124664,14.63939844841826,15.897928945944576,20,7.198538106832874
2,48.373865332621904,0.5068391598046424,7.532236463590545,19.85698881525645,13,8.43559062177396
1,37.16560818389839,0.07622193380754817,7.808900215443604,27.34352490067309,12,6.329717363920819
3,36.743138849115084,0.37760955791419676,14.751608331569592,20.13840823214758,22,8.494461829888792
1,52.72036894868103,1.7554014216800193,10.6113540703262,29.82727329979556,7,9.45090117248688
1,31.263170058023384,2.5955476997172773,15.671088602206002,24.744392577601666,17,7.71797473938617
4,53.69076036652405,0.3005053986229097,16.840664381461274,20.029547605097115,10,10.967181717203387
2,33.30621604282756,0.747333468066877,9.420286158710809,27.800242144532042,17,6.062139848580835
1,29.770489755525276,0.7625878447515557,15.173049983820123,24.22698386057143,22,6.826097303677623
1,35.42954600398646,2.481730140631092,8.978156794428472,17.337203057766473,10,8.01935874076113
4,49.31011314036908,1.7266171427177823,20.932463668528705,31.294013177902578,7,14.26441029717127
4,20.670091253879743,0.8635796732984498,9.228171981875139,23.297394115432382,9,4.6529104349569375
2,23.838864714240785,1.3331153227819317,16.104349763840016,22.09398095992746,11,5.495101132987214
4,57.81501715483914,2.255568801808253,15.375160103526301,17.72233665047192,14,12.09974246768298
3,22.897123232161082,0.011501689505988273,13.264351288435735,27.89769133803869,15,3.7353491616103858
4,40.54772930689745,0.6187847759478199,9.317827354333268,24.586377136806533,16,9.771059661315336
3,41.069150999787205,2.8533286944435603,11.394410032234363,25.146190901476203,7,10.722080750148525
2,37.03310079226102,1.6179340057186713,3.385647548221792,19.462343282371158,14,9.793094424709828
2,44.01353618595684,0.9392698154403754,12.897680153529002,26.170502859550343,22,8.371361685071891
2,25.34220266089283,0.9051198536290044,13.39846132411354,26.55906796785401,14,8.129087272688224
2,39.86980204995367,0.5128298018064085,12.533997676245486,18.656108806094387,13,7.751386120824628
2,31.74779648611037,0.8820650503232615,0.1067753148297701,14.915049301595046,10,5.666797178111592
3,44.775026683313506,1.2783866428119393,6.937454219640756,24.90686529669462,10,8.246244219764748
3,21.355059451791725,0.6502905638997647,9.00763606860535,14.133265251971302,11,6.2065139925126775
2,40.68948375777643,1.5027589061723414,13.166635732756184,22.760078889188897,21,11.840496112181144
4,23.337165992249567,2.3699441312899325,13.157355622571938,19.763774476063464,6,5.596581065486503
1,27.538937840176636,0.201654912515463,11.319104832115283,28.093326053944605,14,8.28552658210123
2,24.841941014561243,0.7207844793386413,14.540982146415827,20.035780546163963,12,7.512514415918584
4,23.227700094096768,0.6291390991867123,7.8950304987884,27.53636486001902,16,4.869322580983388
1,52.156992820230016,1.3956458269281118,14.440940022775985,19.42895277818487,20,11.277771203418565
2,27.856840544740066,0.34500645008910547,13.898968419359564,26.999955025298057,10,4.868459888787372
2,56.72057018390022,1.2268181718218107,13.510218931351641,32.30170771918416,11,12.847044235400302
3,58.64669364053359,2.5194677163041233,11.271838275657377,16.659764308168796,19,12.954605664122568
1,40.706721147169375,0.6498131679633282,19.322975299325048,23.46017860865454,19,9.078211862797989
1,21.435050519957688,2.90315439488635,13.972782753959514,35.74391207955033,16,9.535603967584313
4,31.854670952081158,5.9826171894055085,8.126656546985764,22.33294413451461,9,9.864160736107412
3,50.89795185066963,0.13458296790887045,12.993221902943937,22.308941351148242,15,11.481182446590674
3,31.53258279136817,0.3184053906019255,15.009933508296875,25.942494736755098,7,5.035944408838803
3,18.915774823625494,3.6040275507706556,9.647565604302763,22.20540432047377,9,8.518945514619105
3,40.055320991768454,3.8135019781006037,16.357088987724396,13.463870027147237,15,11.169874963972303
1,53.03043831732157,0.12337953980568989,13.528134822864043,27.661436874194692,6,10.439488580576981
1,50.81668742145761,0.018134538421736873,2.6300866493386117,11.985257930674036,19,8.700239605797083
2,22.880541305865897,0.21079655622289054,13.198687909351705,19.91604174430829,17,7.597416916392848
2,45.274407648561,6.629594257254091,10.375883382349139,28.037128745783242,17,12.84611241395873
3,24.922691854604118,0.23814056541120562,14.148719258166944,20.217287856786072,10,4.571960131401752
3,24.819339054847752,0.8379065026389791,15.776859361007258,18.531517537677978,9,5.344641866572961
3,54.333229798733335,2.263952089886093,12.780648188567271,26.3963195258328,18,12.938809143943745
2,26.235102873310357,0.024735117763181814,18.66100893577878,17.744426065828065,17,6.42090561088979
4,26.846130593310505,1.1130919612906431,11.285172461746017,15.88887140204023,21,6.457818219991199
4,15.02940258425848,0.3892575077192038,14.4992712922155,23.372569937466416,11,6.1293010323617345
2,54.18010653564829,2.379517769181059,15.21977029454939,21.085383507937046,12,13.680466887687437
2,50.666766594411065,0.3999873722936919,11.610616124429068,15.78163442905579,14,8.272854292885201
2,43.229802079080514,1.3929263357378663,15.115097231911129,25.18476269997435,15,9.22932364397632
2,48.761959377247905,1.345838212595957,9.621308051351324,24.322438027886168,10,8.660355946071014
2,21.842185534102132,0.30045360133658944,10.309726323915125,20.20122491697184,9,7.574620634770506
2,35.6245617564409,0.04250293950173347,6.75004523865475,20.543339969375268,16,9.00576673702902
3,30.80487243069514,0.6316339697218615,12.965636465480188,24.351963710045784,12,8.91161490921743
3,19.21994368156574,0.409625458182077,13.301006703417377,27.95180709876033,18,5.651292674607215
3,36.875871834671585,1.9864384362616332,16.717052634316918,20.586033949453377,18,8.89365468703474
3,56.43328426541859,1.933512617569935,15.164560017423534,25.273442465040723,14,11.098621651113923
2,16.80266035728125,0.7328280850477134,10.860817773410268,24.826001085422995,18,4.112457661386652
4,28.115741107220725,1.119246335727654,7.287281250662892,26.396536463544884,18,5.249771618209791
1,24.339342129256657,1.1123959511524002,13.731401610079896,22.196545993717326,10,10.487597025462028
2,25.716599414956335,2.1064539064051697,16.443012689658566,17.43837242966821,17,7.172233485141168
1,55.879554834571884,0.6640673240024716,15.020739895215772,19.687504234000155,6,14.241214660548984
4,36.06310744054306,0.3866399088685561,16.337910099429152,23.71426732890824,22,10.348341922046313
3,35.98347358229185,0.3695187462864479,11.15244187520703,31.092321891907964,15,9.220767794791719
4,49.2259039104877,0.9219422491751638,10.133524127297418,19.579901884018607,14,9.896403248466719
2,21.95214918022166,0.715547371780984,9.052394591072805,26.023937217636995,13,4.079441822175956
3,36.926940934502284,0.6960410171814452,11.776414133545618,20.359717746616198,20,6.8787363933808585
2,34.34933463544769,0.11467354119252576,11.685636816124722,22.55234377943068,18,7.094732402746363
3,41.86098107459952,1.5215897130388005,12.826710514156465,29.576983746317964,22,7.523513247994829
1,59.980096646269736,0.28855624810346164,11.482810171857968,25.821462907102166,14,9.314992078889105
1,49.62520023369212,0.26321138521181187,11.465489081092915,15.793503636295217,16,9.91866690840711
1,32.903956635784226,0.638782588496153,8.893223788111424,19.137624880942045,9,9.828758014103848
4,52.23988735233211,0.31018037749480054,15.766476054205963,28.281106722206793,12,12.178364620503144
2,22.681876349061607,1.0520752477927915,12.306072248974845,22.709390213142477,8,4.612136579709406
4,16.370865883903207,0.5572331066861558,11.302224262858871,16.255799401920683,15,7.7449072046192615
1,24.200176760892287,0.7150323234980781,9.010282987003182,17.905237775131397,8,6.585496679116149
2,30.318520025141687,0.9244727966288437,6.672347558435656,25.51746761355586,6,7.807215093998861
1,37.976134085680194,0.27308729861523623,17.231856770197375,26.972051406088152,19,7.309376616526831
4,42.680811324353996,0.2031702503704508,14.218554832527229,22.089276507410872,18,9.082197274268234
4,55.97725727464898,2.548542706357734,5.504328629720131,34.37656900468051,10,12.909601585159836
4,37.9434304297706,0.6824077948169117,15.052569202838628,26.120761817278193,13,8.05929694122848
1,37.55740400815782,0.6374250525750272,15.689924680932437,20.7825946518355,17,7.234646413527743
2,17.260935442034196,0.04351407785309197,12.497504489203719,17.921469759503278,11,5.956120892003336
2,16.571019869530073,0.8269295452840408,18.392443583007037,17.125578476804794,7,9.710681233796198
1,39.802198286236745,0.9693803293381806,12.866878568491533,23.677106602401846,9,10.82455986161746
2,34.718037596175506,0.9820195581405063,6.3327058882032405,19.556114775432967,10,6.550050368729485
1,52.76311777411344,1.4732268666784822,13.460676004193283,30.368718769917123,16,10.273053177971294
2,22.23058131203303,0.23446165376300615,12.979589206850918,29.331559014589295,18,4.360517041301609
3,16.123724795267233,0.34878078396627066,9.586812604887381,25.165332737486136,13,5.1560247483446915
3,35.20674455685567,1.997499803951329,14.2942353475097,16.10501913521552,10,10.44053590195942
4,25.686535053851586,3.5288252926560255,5.329338935236552,18.638905637237976,11,7.1622130067651
3,17.232646800247686,0.17532560941454967,15.962267309771157,28.278387628705502,20,8.899189113189504
3,47.606922908143304,0.8261487651032453,8.48751318557819,19.18466900102449,21,10.064202375953723
3,20.021684998076136,0.2892273021902492,8.060215499531871,27.61070866959762,16,3.727581448080661
1,42.37437750034972,0.07434389450782515,11.544700910770093,24.373019615173806,12,7.343180638715405
3,27.64723875751001,0.4725462628614954,13.73189171217454,22.258589424065935,11,4.7461076087447145
3,22.80732226597599,0.18614405467042797,12.65569625437372,18.485835935322793,17,5.387993404476192
4,32.088818531369284,1.4851723216395556,9.029363336910487,21.52878078237624,9,6.372172603745506
3,51.065059930032916,0.9155766928109154,9.975642835232446,22.94823977437449,19,10.75462140875642
3,32.64421096070577,0.18634985582833605,7.467830610490152,27.162694491505608,16,7.718791277455328
2,48.78463421449751,0.011141468183354852,11.10128039348052,17.571321996831227,17,8.631904485417992
4,20.64688335596178,1.9812938464043355,16.30008485804364,20.685915787369424,7,5.269120545993978
4,49.77471388492856,0.23258484806335378,11.982948249424496,22.224115659661425,16,9.539974958582889
4,25.66199962079919,1.118345249113431,15.437657019037813,25.313391788430824,18,5.806357249178098
4,45.482690844999276,0.4930350210801481,17.82160535090477,17.457678312386115,16,14.040726122742907
4,40.460169967844834,1.0567780566373781,9.647925923852132,15.417151035563926,14,8.354275222138256
4,56.81151227452593,0.4551493154792509,11.253706987778541,25.36982575855025,21,9.035866892449967
1,32.42951330888913,0.1091438423923099,20.684771444249982,14.410254425266483,10,8.678646032294118
3,17.97743349754982,0.30270070996037685,17.77737364791978,28.424898573810843,17,6.794376333968182
4,15.861996849806381,0.2499924811529245,5.31038189675059,21.22036951258546,8,2.929197810378493
3,52.20863524377389,0.6703801453333513,13.548593264243626,14.26234458862777,21,9.55984857236664
3,38.61310369476445,1.2885295949689861,12.002239969358781,19.59789890298253,22,9.541680915985877
1,49.885982332572716,0.36751405179856694,15.30581244343505,23.895618165346185,16,7.9100653711229745
4,25.549152000518163,0.014572042148220249,9.02008493005978,19.336494562225113,14,3.902825844193637
2,30.52876854809552,0.878109357036541,8.641566511837311,22.10014874412174,18,7.541464275957509
1,16.35467424950935,1.1169529473883737,9.295717138825562,25.70039182852643,11,5.929652057446425
2,58.267154605835046,3.9520119786430024,9.712285815206268,20.9890483230619,8,15.641593226077415
3,45.054055801536606,1.068369872867193,15.261296667236056,17.31471161766933,17,8.711511013525318
3,56.99422894916878,0.7645117194490881,7.27519530740448,20.505080013140795,14,10.148604249824958
1,26.947338334308256,1.0222947410944894,9.509544400162724,29.0742006822963,14,6.467504046570937
1,42.515862505154736,3.155651964815804,4.843950437994235,30.42532172666592,20,11.7339814188304
2,45.5324985731687,2.114954092084415,16.028471293649492,11.900369130288624,6,10.879201758101555
4,29.289736511591478,0.4680631122135112,17.08412039772456,27.455139545957387,20,6.186127999434938
2,53.164915575703354,0.3249968116260394,10.691706276544855,23.25073858017678,13,9.085704908385859
1,57.622265830511154,0.3656044517894812,10.808202540747107,26.61991339560075,16,11.815255362491289
2,54.818480296320196,0.8424342997743359,13.81288760913159,19.24755869866185,22,10.426636073804161
1,48.25801391727176,1.635325226428457,17.89792802951302,13.15868245249257,19,9.622569370358702
2,27.485910587622932,0.83952769309405,13.63444299025567,24.922443943237308,10,5.126605996679836
1,27.67272189475343,0.08424483449211853,9.209832230099542,17.295113693586416,7,8.028479113488244
1,58.351214420071706,1.5430036377353322,5.524709712054238,15.058537842575738,20,23.443680208850022
1,15.462802317106142,1.9676917870187596,7.539494949346049,15.407993087632669,21,4.71156516098629
4,47.222248795896505,0.4101399920302658,12.29287780124986,25.00456891207667,18,8.389256864130989
2,46.7810773149868,1.309222095738984,9.378689907196822,22.697262330145985,12,8.400165168395024
2,43.02102934274089,0.6673891214484875,12.779870823963034,25.912330109373368,22,7.5246897303524065
2,59.55489807390896,2.6391611196221874,9.788303935055064,25.345376272481825,12,12.150047004431997
1,29.034574609367635,2.238943723026343,7.767414274822354,19.895332177081173,17,6.815580082334923
2,30.298733870696168,0.8944204306703233,7.291873474187716,21.64763213061272,18,7.677813693973037
2,18.552273132594998,1.4112616950043295,18.24941803749292,19.442812356087302,18,6.430404850738599
1,34.92591614446819,2.5782896609809858,15.555950996734573,20.948361135672545,19,10.923589216538232
3,26.747183680568163,0.8215412166554527,18.922071807311834,17.16372631009467,20,8.424448267444518
1,30.45240159799399,0.4509432387099107,14.15980360302041,23.952421469371675,7,5.202777315504318
2,52.555730561503246,1.6812810002326237,10.280034365540644,27.375603744908783,11,9.49176819106117
1,57.096803108737305,0.29825556592552127,17.29336368995975,17.916934850895068,14,14.011117222396923
3,23.357988240233354,0.59026951464263,11.86772799455293,28.406348227006713,20,7.400087390861673
1,31.762901919905964,2.4094584047575442,12.88336708116141,22.567607482389707,21,7.953914800044146
2,56.788375295192736,1.5466629643343266,11.828702483697924,23.205394882029065,7,10.03494806707722
3,17.78138073101502,0.6206370682735349,0.21238312286394212,13.502852401962409,8,7.740613555251078
4,19.156223765012033,0.29009536741928843,18.41894004917941,12.96368845217133,13,4.655741859523085
2,22.325594514280322,0.5280089658283846,13.964015783831014,22.72058181389841,13,3.843609353510976
3,41.78457753570936,0.40106469889997626,13.31929224347404,25.948660623160038,12,11.74889550979302
3,21.771252195269888,0.23243173691892632,11.752895750917757,18.64309778177524,16,6.761922905728586
4,58.563437165283005,1.6319705008144487,12.653711281544524,30.350469502915445,18,12.455047563374828
1,35.10215372663342,0.34853488438865,9.610884256615009,25.67467987127158,13,5.613396708693303
1,37.56830821575748,0.7265316866460024,14.466317409229084,17.458293741460075,14,7.719852030576904
2,26.09963771124329,0.5850377557009072,6.77160662240347,22.154243335267537,21,6.503506824326411
4,36.19321135956301,4.826029920767558,12.744273729882188,34.38464566861706,10,12.138606075768738
1,44.78611346866552,0.5953061891620667,14.246293882284418,15.787179986001473,19,8.467975022998914
4,48.802971162931925,0.10003508241840947,11.205323464708387,24.641349694575528,6,13.530608436755625
1,48.924063721946084,0.11294306053357347,13.4834711698841,20.38627723638329,22,7.990459179328325
3,41.005100071233976,1.0721257870522236,8.034662431063,25.53448145459256,19,7.153037037036487
1,55.69618987472357,1.0976410508533914,8.136692916416143,28.33636823159191,18,10.041770996299084
4,51.78335312877492,0.6511077476366817,12.946868484105572,20.06881455644316,13,10.456653654008981
3,49.06716516143815,0.6784304502326388,14.714198618484208,27.59456135853587,8,10.575217455221553
3,17.50224847562073,0.06652973636833893,4.500537377993156,33.10601697135981,6,5.361179320097397
3,15.30950829988422,0.8721601967239875,14.088082540443066,22.331373686721175,20,3.2287368277552253
4,24.560127473796285,0.8432056110051537,9.827193998494652,25.924443437470927,13,8.685786249166897
2,44.85856172610535,0.1943866278586184,11.22877565077035,19.047796148983625,14,7.543618878415551
2,33.50388699971457,0.13156275059894493,6.641928305739851,22.09629654515606,18,5.602052886248154
2,33.10828166846903,0.15828153919335905,8.593531039253168,21.116624536458787,17,6.999075053233433
4,54.806409970332616,0.12780439788650505,15.864501302121244,25.98467962829298,14,9.0586867596104
3,55.30032816593274,1.1290327236726094,12.131453495920853,28.02337967878463,16,10.616985009949506
2,55.91288688241136,0.26250780479724517,10.468886393161766,21.451725754412703,10,9.642161195658973
4,29.124513443176227,0.3475089149104825,11.53404658947586,29.668114228664617,16,5.1747044676592076
2,46.09751157326678,0.22877118513649938,13.956847298657205,29.650237207808146,16,7.788434515165156
1,27.22349315734663,3.7994064076675116,13.76197798465335,26.234268715899503,11,8.238210130515894
2,23.57744248835024,2.314064190364503,11.699891998412797,19.41986734139136,6,6.237653996419992
2,23.308460580631614,0.3144091399570432,16.371836443586673,18.940855916300485,14,5.1205085800487335
3,30.394842938861732,0.4762221008258028,15.881850547626664,17.938093226549807,12,7.864093047375663
4,34.348092890091976,0.2827040400813603,13.653488116521583,26.745830351190804,11,5.747136302135654
3,52.392712697478075,0.8124356243035539,12.218447131640282,15.941158962553178,15,10.484528698270847
3,20.395099206272043,0.0237664445084169,14.629284380478156,25.384188270555036,10,5.345665716556125
3,48.07166313277024,1.3353800668275706,13.257069687204734,16.594453260879433,6,11.51890946759205
3,38.91547113851874,0.8886844728592256,16.24320028722379,26.117730599209867,20,10.680144431132206
3,27.95754042041966,2.7468794037979363,15.59824550695323,22.086097913652804,10,6.916140256120857
2,37.17688130397711,0.21551579321487255,7.926984394329086,28.668192809299136,11,6.046549952529256
3,28.49739313996602,1.956237783608786,7.656147317033175,27.707272891606355,10,7.747433898787493
3,41.823687985723765,1.8840357436742747,9.195001822383695,29.17532706001056,22,10.609482755509163
4,34.52297652848599,0.1632327509630684,15.904554760267684,29.304093591445564,9,6.216204557183886
1,22.398248808549543,0.6101126510039684,5.694764012915018,22.718154169940988,7,5.340278758324489
2,20.24623835500635,0.22381620011698097,13.579029556431973,16.206034667876978,13,6.17490938547886
2,39.601305693245855,0.35279515654693044,13.450172364371845,16.737384725013108,10,9.140188824864895
2,55.608586497874654,0.36660175851289584,16.65059223474477,11.565757353420313,9,11.25134082757874
3,30.478095895095848,0.9749559327746278,12.72135476265555,16.581670832859533,19,5.515808639605954
3,47.985004825018045,0.6360324189997083,6.627162437664397,22.344118288523244,9,7.810519202594428
3,44.63976097228951,3.541663598825806,8.162580157407508,19.20172909587419,13,10.512796809146634
4,56.919971143926645,0.16211819568160943,7.272017912408701,21.099321977950744,8,8.721790230514117
1,51.94414577846134,4.365464795257161,9.848224134667438,24.463577097307006,19,15.973817054294763
3,40.49723665074583,0.3146334133859317,11.268393730304293,20.47967370967121,17,6.366992898941926
1,44.56637242053483,1.7787000831755928,7.338233895115772,16.39085599793708,20,8.168036281449824
4,55.42739099628157,0.49674713123540715,17.882647962609155,21.73383166218284,14,9.937732145046752
2,32.978345306412066,0.18529481045363624,6.698874512190236,17.507547566135777,7,7.0674224991541355
3,29.70576176359998,2.3413777681602297,17.384413695449922,20.646067515104683,6,8.604116740172413
1,15.486498763583835,0.4432970062897618,16.74065212575736,28.713884822115016,20,5.3544128092994905
1,52.19479833861589,1.2905386284605564,15.593210198756141,20.647473479519128,20,13.519870082783026
3,51.04413151815142,1.0028803004049915,9.224933570012999,30.854787766738724,13,9.67266350006599
2,19.700453314506813,0.7658370798071404,13.369803516707606,29.158179934689848,8,3.6574729450270813
2,40.95858215097151,0.8217850630269542,6.890515465797528,19.103473457104784,7,9.684800975933221
2,35.87917641750993,1.5811877182744385,15.643628140134997,16.444381167921122,9,10.182163691719731
4,20.341909297910014,0.11023958667709788,11.704060873854925,21.737229190399034,17,3.241829634794432
1,59.12557021773256,1.323797544839542,10.362719141653258,27.766638816984447,15,10.484259491845657
1,24.661314935850996,2.7138711512039517,7.105020613374923,19.54904546885656,13,8.814842405416394
1,18.025538104075252,0.07143022290170908,2.0899755254839327,26.540451491310694,22,3.704682336502998
4,41.76813207758593,0.18189945028050233,7.845836571856976,28.04219994568044,11,7.690526304131289
1,48.24900047098647,1.5132103791983753,16.451192782451628,18.12987174818697,19,12.348474078767307
4,16.459955072123414,0.6899712471933807,10.388666286100785,18.619744558557066,10,3.219770306728083
2,44.64229374271599,0.6201090611180952,11.32268457153981,25.563310160635034,13,9.45439852014115
3,38.95313441781545,0.17676231176703922,14.62221743315381,22.759237748207852,13,6.468483355902646
1,19.646925399377178,0.8481357178135124,19.22267551246506,18.569692367281604,14,5.021750159228896
1,22.76357446258629,0.162358828683978,17.300018619782556,20.239097759402064,19,6.406795588781961
2,40.558843379223624,0.7769380477950708,8.110659984735248,21.647402236362904,19,6.964255932234895
3,28.336092608097978,1.7307536543571111,4.229717714250374,14.175727875222698,19,8.38380577787088
4,57.224207789309226,0.35851485212714,21.438457036400415,25.828215532413477,22,11.255042203792122
3,51.84331032678229,0.7865273679685701,21.075966446637814,19.606539055304044,7,10.32796482815766
2,59.260524293114834,5.7963742883023865,12.753814385717131,8.081418881009506,19,13.735338526029993
2,26.685187752768627,1.392523024044488,6.918047017672714,21.880645158452737,17,8.797900983150875
3,58.63756347590897,2.209316931168391,15.852906135575758,18.29214370553246,21,11.746106893189193
4,34.4055241406201,0.6430595568828332,11.56806525594956,30.44411096151338,11,6.395112780385281
4,30.638345789118958,1.7525023411687868,11.548075507573557,19.07277489540016,12,7.349149635725918
1,17.265728713620895,0.04962302844782822,15.577835372420516,16.511783182106946,7,4.807327764930881
4,17.374436603682117,0.15737642106681238,13.337498987493195,24.53966334981008,18,2.807682720530519
3,46.14050651759946,0.27238701289766504,7.256740355940219,18.697763159962083,13,11.708250281471841
2,35.60680474953126,0.616900961571438,10.701032259672104,18.10271899373884,17,12.197767305810089
1,25.193473171624756,2.242976895630125,14.644611714645386,24.54750691412203,6,6.653591497125068
1,42.628663784635464,0.510065778934644,14.041008889620073,16.79766346055217,14,7.866549121991724
2,26.378615321255005,1.2757361693885527,13.048066297433904,14.713631709002735,13,9.19404986767072
4,40.99342894549902,1.482615175628361,15.733691817903457,30.629990010471687,14,8.67703857720238
2,31.164393614221066,1.0587958452049486,10.55313204873094,24.897493688003223,10,9.40021940187248
4,52.05985019753186,0.5303843242487685,12.714679100876289,20.678953575028174,18,8.290777359685176
2,51.93132723450507,1.0326110534751194,-1.5023164007104004,21.98261395149032,19,9.961107341910653
3,36.48076791550806,0.5027448787182278,10.201399224628744,24.52932179058078,9,11.965376866853331
4,30.7868599200757,0.10512130055801694,15.055611634302577,26.8666872480671,22,5.301666772758271
3,31.315190845159254,5.921072317792931,10.43842213153143,18.22012354342494,14,10.053050880333771
1,51.25715365506981,0.1632344893534755,10.135090433131552,23.83073262982841,20,9.808330100798557
2,29.76807672589254,0.09011883635725274,7.834188192900726,19.466479118948808,9,9.749852623507625
1,24.40767181680807,2.52971295375113,16.01346357091658,21.055093777436877,7,6.432105381869658
1,18.810975384388808,0.4311591945104729,14.193853094162282,22.803464337324524,18,8.259738470161599
1,36.00119043979838,1.2608051784350276,15.301658391292339,21.966607134736638,9,8.67468714375482
1,36.69594445139288,0.4787936172441929,5.095144152168442,25.677834491512858,21,15.824681075093643
2,52.84089196813082,0.596019862404844,11.358199826937465,24.43543279557797,15,11.070041170643881
1,24.95574134007288,0.3647574536555241,10.879555968999975,14.459153953139111,7,6.239206582915985
2,32.14460731507799,0.5041658911665803,10.87771317360579,15.210883964672789,19,8.598776202227182
2,51.37825825021609,0.6345846802862951,9.535889825128177,20.151416576203538,7,8.59949046396467
3,52.06306248370381,1.5293432903904105,10.615582912879939,31.143126312209127,6,14.869943690056786
4,32.30749841904457,0.8597878834123932,15.398579130826608,17.742040837491988,18,6.0156027942966555
4,35.660581047900635,3.4496035121940847,4.348594586608683,20.958886451936237,11,8.160781173599258
2,28.64786508821773,0.05133919073907677,19.109179072121815,19.318269865217392,22,7.964713513775791
3,56.96496952886904,0.8391632789039403,13.935364500105846,19.2297780795596,22,9.624217810961339
2,20.338969458371114,1.0531326270423595,11.83067241735915,22.891198719525278,16,6.737220957731915
2,57.01872403506615,3.033832808096133,15.627336585491705,29.00388638097826,11,14.337946736227074
2,45.773990332590444,0.060489506203801516,6.19266101932626,24.279841999402947,8,7.45469644557195
3,38.9207468709029,1.0225703266351651,9.341196379395944,17.98234519286454,19,6.837594544140736
4,16.469657735302313,2.3059405538271904,11.515698270437785,35.76614755401604,11,5.704782028489388
3,36.40182863199037,0.3323718628748686,17.46224148172871,22.39286610480563,22,10.883370926675703
1,33.34866472512295,2.5078009756741033,11.814013675493769,19.113895218089432,8,10.76698407126649
3,22.254846538880514,0.023072484504717005,13.800218684740585,29.060481873387946,22,3.6057318983530067
3,44.538432157529556,1.5821593395759812,9.641684016255489,19.654646910280906,10,14.638960034388727
3,58.70179083157286,3.2457047486614456,13.947368275869964,30.314568274937216,20,12.014744692923667
3,40.29849649790363,1.2847215251140802,18.70895837189783,17.646786045166667,8,9.044932613830653
4,47.16389743997756,0.6937038037506745,15.982106766696457,29.150151944606847,13,8.246984073385015
1,18.080270365470756,0.05510322741741937,11.674176048888482,23.005238321408473,12,3.7051200582562736
4,33.79501481176476,3.032582788550386,14.701963389061879,28.45526116351217,15,9.514550303498918
4,20.236131832402315,0.7625248073083428,14.310067818428847,31.50882854350772,15,5.056196011977735
3,42.575812599142964,0.035310549358003554,14.026350686789103,16.33696354739373,6,9.929794264611395
2,57.231697119636955,1.4047271505006482,16.447813443441635,28.378859103791612,7,12.19342263358801
2,44.77999796122373,0.7889590845388285,16.417910815349867,14.955480477872976,6,8.38535306051331
4,18.45613717414897,0.15934015650698244,11.491365612500463,16.764078223758858,14,4.5262422669182785
4,30.959979224328727,0.28937323167839346,14.567516245911076,17.982952701037814,20,5.008183504352133
3,39.77985207483832,0.07999700546164526,10.467620315360826,24.518183180889306,12,7.769744673436573
4,33.14434902599635,1.0248062766872708,8.30771041473769,22.1650793846743,19,6.778988124249554
3,52.51398047138275,1.1675268886114867,10.922024977184055,21.164319579185822,10,9.01828386907223
2,51.660195211949514,0.8456378814781157,11.69488739304167,22.731176395111806,14,9.160329564639843
2,42.532395904644964,2.038592862933672,5.353676043288032,24.956447946467364,18,12.57800507251238
1,31.805607530971738,2.368013772615437,15.441330237666882,25.341240619706763,10,8.561613158672762
2,26.490136819345985,1.1473620849812554,0.930698309590408,27.470834178075656,20,9.562967063484244
4,19.76434431959082,0.01540625067309465,22.859267757945286,31.100174063837198,16,6.392749698212356
2,30.97039575689493,1.4258361067961676,18.007516535185275,21.893188137792617,14,14.406262960737635
3,33.59276327434738,0.649540182904712,10.955965103310746,19.394555189345418,21,6.451180385800896
2,45.41203162968331,1.0004299685313292,12.037705442255094,25.06768064592594,16,10.439928930917187
1,44.617192093390805,1.2566384607215395,13.211887494349133,16.278725918676898,7,8.426736738383681
2,18.154866283856563,0.5173764052874612,9.643358448044232,18.606479339441943,13,3.361208930130219
3,32.7866691944021,2.9881226223601565,12.770476590347746,26.99690473196395,10,10.88869933027715
3,23.180049024781287,0.1726096183343383,11.424000089193356,21.37935812591148,16,6.490957019326023
4,22.056571739256256,1.335905261664353,11.622909131076137,15.959037708209806,16,7.813808332033478
2,52.228596738176066,0.005242932762243724,12.725844253922554,14.55098467317413,14,8.55096116857614
3,16.88618475223159,3.1027512291500465,6.745888806584023,22.243583396969036,16,7.447635337776264
1,33.863229415595455,0.14322169777570967,12.158278896534593,27.709482684840047,10,5.690786672654319
4,22.56916450949332,0.11963090516967237,12.65379098646991,27.642728887655934,14,3.5038313970762625
1,54.56985970553133,0.4859720123861194,12.515398485423658,22.554402514464186,6,12.601396019820022
2,40.066823097376584,0.5612547767726308,11.136676978255382,32.04454709548064,15,7.941709376762131
2,25.412128636958162,0.28941639701920685,16.551431103877487,21.475898170297686,13,12.73624480396344
2,37.60922792248694,1.0557239527097269,10.585389780473795,21.307161883012945,21,7.458345457248684
4,47.91688618664021,0.7020429940800971,12.909303627292761,9.162820451305,18,14.036379703183233
3,58.11531040137452,0.04172787658237605,17.189190135702184,19.76318525419392,10,11.316757286280842
4,24.920070191043852,0.46218112622170404,11.682495439918752,26.26007517454247,14,5.543475810881769
1,54.87817974582053,1.9956147588308868,12.857853069870206,29.81980668429852,9,10.549612247647865
4,57.04368513753706,1.4042647847046408,11.614461454740411,17.848826831663576,19,13.169063890648488
1,56.23892450394298,1.548617601849849,16.949479174254396,24.31126164646524,12,13.78936076666919
4,43.59364605878594,1.4372586028977523,10.969101753654819,27.23439516161644,17,8.767748248996037
3,43.341929449561846,0.44696982305049254,17.133418309152823,22.056040765979496,12,10.097606450073584
1,33.144478493272025,0.12598459853639662,11.585648421411742,10.583597712363849,16,6.258114720146445
2,48.85790470367046,0.3817154077146372,8.562161106207933,23.23644999787126,20,10.325586231525666
2,38.90823082579193,2.1390169684867577,14.717492682296484,25.807153120304466,12,17.843851563513997
4,45.48471320527325,4.723013260842577,10.781328664977377,17.262885524907706,22,11.210085974454454
2,34.280605673195794,0.8170995755795345,14.482003596396652,20.729227345628065,10,7.806301074404098
1,47.91734088194126,0.011697251825354155,1.0823824603050642,16.22251978935618,13,8.152636913428054
2,52.101218292204706,0.18104999787003825,12.020821047579785,9.149262257098236,15,9.549813703492857
3,21.589631547126725,0.4664722089041378,10.161578804970079,27.135022058938283,11,7.756908393112723
3,52.48183720084026,1.036965611770377,7.746965253874888,21.981257330990744,7,9.555968912655773
4,39.313343930563825,0.09367534236377201,9.787035992640803,29.988374983524913,10,6.122225989062183
1,53.00996590906009,3.4451905661578484,9.705187422829393,26.286610959530886,15,13.915923156316222
3,34.40857678534566,0.5451144692682584,11.808056820597676,20.228951191672756,8,7.216851798746661
3,32.05682184223657,2.9244953276153405,6.530694154860177,21.584096699477957,18,8.341616351377786
1,56.177732963275005,1.819802856707456,13.265095121038854,24.83088695385086,21,10.287550056600924
2,26.302617039678058,1.6899401386117086,17.46485914082315,26.834417083778717,20,6.231703356037373
2,52.98955463787644,1.1198788609318795,13.123713987791305,23.613353153710058,7,9.497835164511919
4,36.78092576292319,1.182716937935826,15.235954436916035,27.52796572644742,8,9.072218681547199
2,38.13429491480669,1.2193440051093127,16.37824981845518,20.516656316627643,20,8.170372046457814
1,28.88107266702678,1.1889630238201878,16.945958048736706,17.014282266071568,10,7.5561177005286515
3,40.7868990278557,0.9681925990774901,19.48055477128522,21.675953732194348,16,8.40797038946482
2,29.63450383242951,5.15846014638042,10.00319200689628,23.02592445368092,8,8.834994603188767
4,16.767123640874352,1.5814237121531531,9.126064059355535,15.992323026303566,14,3.8029479711180425
2,27.239937240496022,1.800411750744232,15.13386259329894,15.31638957926689,12,7.803809496668314
1,15.287056953296581,2.4712167726019745,14.8330648786296,24.236931482367137,7,4.8843177785748875
4,59.025965417558545,0.2914642534130068,15.102701198462757,19.968215743147884,20,15.935927608325919
2,58.45862444188864,0.10503016445451804,19.55712981700101,21.17079547168999,17,10.957613194621125
4,32.78198838625373,0.7914098889452508,12.045479635193976,20.201536671495884,21,6.454338825274179
1,47.77668844528407,0.8660552510840954,13.704626238584739,29.60300450881606,21,9.127179774153836
3,30.561274428469126,2.120586394260871,8.0784469940661,28.308805801975,21,7.0494596272214
1,45.199192068868925,0.7039173774876067,20.54128449590383,15.81323154980416,8,12.406786143778284
1,51.24435193706906,1.0151469851142487,10.653820315163555,19.336033934597765,9,12.677056235263535
1,57.60403101115083,0.8985718529438916,10.76713628735668,26.250021339847965,6,9.38165699106493
1,33.00955241323524,0.046741973355833855,10.61300043596703,25.00968118551621,13,7.1152875523285
3,50.248409233022144,1.1460843282118551,9.420416565422649,21.792710188351073,20,10.77141580507877
3,26.966780278445345,2.11261499438275,9.082251804609403,16.311998975178824,10,12.245404400723457
4,59.564953670714175,0.2056587207490927,9.9051828684419,18.58729976923227,17,10.024608640991286
2,16.1596319443958,1.0826634384096392,6.5368162877962215,19.416162162268552,9,3.7245972400325553
3,42.15879629255044,1.0805319948417815,8.858728318947048,23.384971655595503,20,8.658605979651842
3,44.67776917430972,0.2152175270973842,19.795852445790477,30.51863577348619,11,9.499400406035026
2,45.9620500683358,0.1581324200471929,14.942620574565474,18.56559882605936,10,10.15866744867754
3,20.417441045509005,4.697548239233046,15.703616706910871,16.8698237622238,16,11.71804235982136
1,57.23384025629087,0.600494380611501,16.70883514966766,21.457067615860282,19,9.759521397886884
1,23.153247557253728,0.3096263439626748,19.33653825744956,27.158694902570296,16,8.770794930516402
2,43.02390314579284,0.22551202750465404,4.914309794224624,14.765585166196484,14,11.427146702105794
4,25.020423560538823,1.3217056454380234,7.080467538853838,29.268170754374736,15,9.968050871922717
4,28.824738765957193,1.1282246830131084,8.785105356421258,21.139843189421654,11,8.11676515706256
2,39.590634377765596,1.237880708826586,10.121080814041608,18.32839998843313,16,9.639131221279598
2,33.77370383540594,0.11054627765169651,10.797722437659004,13.999053566189202,14,5.184510290130269
1,22.210152043942784,2.6879220891035547,10.212089788775836,25.532603867103138,10,10.538114075286376
4,22.692138108938174,0.5917132994530723,12.877235652528217,21.144144023792325,15,4.743393986014401
3,33.816515467325985,0.451150609059604,12.141181562980863,22.853527413772532,19,5.517380447796469
1,49.077734022397536,0.7446825355627346,9.108660819287001,17.49594129494318,11,9.022796557685652
2,55.40840910815049,0.593285558621334,3.2978048920497205,20.40451982874488,9,11.425799488171375
4,18.785744801672227,2.3903939389167874,8.028525178485207,19.56709376822631,15,5.896808943379079
3,32.68967584017305,3.178509457156942,9.803045386749698,21.49703447310896,16,10.283985698032636
3,19.51105036752945,0.43394438223260623,11.011682252769122,18.652238368120948,21,4.698103785731636
1,15.746661628466905,2.3935542007607986,7.481330162757852,14.329095196563893,12,4.988556442466499
4,44.77734071897805,1.8252901512434518,10.036774134014319,35.64249872648303,12,8.63041447683754
4,42.11022488849645,3.205038353447282,7.476050446057655,15.18297876331243,20,9.973826856739661
2,22.33586012166988,0.3384381778145468,11.496722593806668,22.907295034712696,20,3.6940497942829715
4,25.521577489187884,1.0323438393367208,7.707634686549539,13.139860857879789,8,5.752357425742714
4,16.066848914003327,0.3851467948296419,8.604381374518141,12.014762816910125,6,2.8603208241833196
1,52.57262425624817,2.0853699670398904,6.765263476043444,22.489132459261338,6,13.745408009384413
4,58.86107682218481,0.006406097500459688,11.385997217720865,22.871837938841516,12,10.547883582754373
3,21.095679155761086,0.9983923401329946,8.534208920190407,28.30749495401192,15,6.040225220317293
1,25.416384619438418,0.49717109926995817,15.627137066701717,23.99773420507853,17,5.080118840631997
1,54.07842857761203,0.4675403008268127,13.623401066771596,21.250946406271044,13,8.99770105689167
2,56.690870908028316,1.2424483774549573,11.720592527265428,17.251998779674977,22,11.95894341860201
4,33.88323222630646,2.288478729357229,8.810058010624847,29.495060341167743,19,9.140103418264307
2,17.278011252108335,1.1274570793597325,13.52208122126521,26.64425623025112,22,3.7554307780815486
3,16.772632516176873,2.302200132691627,14.762803557394548,15.768352611257876,11,4.902956559258883
1,40.82774397310547,0.36880413941568685,12.570753648806521,22.189818641053176,22,12.278187305298324
1,32.68027990019306,0.8795182927824498,18.41480742186772,22.720261157632486,13,7.355419991588268
1,16.289359240994454,0.7185756029602525,13.838549272299264,20.271731716971654,18,3.0706063744142185
3,41.24635765406505,0.014055878819291644,15.654428870272136,25.859252429033972,21,6.526340968104339
3,15.50861414650601,0.9765138512492098,12.534261662143912,26.158665691740886,17,6.0952159947729285
2,50.431738116717284,1.2999636574098308,14.702657813027907,21.04757151097447,22,11.435401079809944
2,28.78947702165172,1.0755340001891445,8.8128750693233,20.59565377101171,13,6.140823475957363
2,16.811610135415446,1.5994403531207004,10.166406547148824,29.49479231333766,16,4.133877116084503
4,41.4758499442419,1.0165081380299348,13.39745421392952,26.664194461811185,18,8.413313555486793
1,32.89579864948746,0.08289892111949468,13.368397926229527,22.361801949541924,17,5.807289805386702
1,58.82101860107173,0.14856279589146545,14.03044729177299,13.853954804599732,20,9.878711720265335
2,39.4889398126666,1.0890189460909847,16.401571569114918,23.72000053152518,8,7.819902678858187
1,27.385763146665372,0.38586590857596803,6.300115312738352,25.490417324588343,8,4.5463979340373895
2,46.92474890852887,0.09959514480412711,8.102189809558816,8.227391858008136,11,10.250755267542065
4,27.21714011442201,0.6737066635032248,12.918290564297013,23.259347241590127,8,6.5473621739587315
4,55.69094811334043,0.9697918833225987,9.102545472786158,19.916540066021323,14,12.728677474600186
3,31.86248867283194,0.47832918814679753,25.511072965157446,20.895728599352243,16,9.714501998212492
4,39.74408532492923,1.5294189758110497,14.062878476680543,17.463095236183396,13,15.582777475417775
2,17.275789672090298,1.238616475649083,11.686676604279372,21.25905354798179,9,10.1504192663479
4,34.17545570785039,0.48563153752569865,9.938122907664564,28.959957880906657,20,6.149137320534066
3,52.45635928474477,1.6871722962867242,10.079350867227822,19.768007505922423,10,10.19689712698772
1,51.254196241350385,1.2553207296405204,12.12056264526071,26.82786779396592,12,11.486768356199411
2,25.094335148408682,1.2174961639674204,12.44792773048503,17.968343905601948,13,7.735760981903715
1,25.173558195475323,0.9673847609338051,10.173203421225947,25.793780963280195,12,9.381429775237496
3,51.77873904959566,0.01374603253252008,10.907391013920392,22.008279278109757,13,9.892559325121923
3,56.86792890761965,1.4308768050597698,17.377138300938384,23.760124143946403,9,11.677207220791733
3,19.29124145728516,0.5660062629442041,17.538019850604137,22.035766280487437,6,5.05640745121601
1,35.25263877418014,3.4294561877927854,13.008135919739509,25.208126162206042,10,9.118084539842418
1,30.185442553390303,2.0443979040071545,6.634961091053049,9.16207441033121,16,9.962983998686367
1,54.18098049558477,1.0631887507905773,14.154012626556174,14.900873432712153,9,16.802628642147067
1,18.758621160600846,0.3487147461719967,18.217129766444103,24.085402490043222,7,4.164513870595714
3,24.500667415111685,0.27336134709178606,17.479124407849515,11.782308230518822,22,6.373693049276084
3,48.861075191392246,0.4993184416961453,14.937703411238669,19.347098221763954,17,9.196779278457793
2,17.3082232041547,0.7768176531095848,17.689691821143285,21.728295794816752,7,4.968261031801629
2,37.16409213214302,0.4212839774237821,12.213537089916088,17.859299311935516,14,9.727011444022208
1,34.8948165605874,0.8681532339421414,14.51241187933482,18.54219298653113,11,7.643576901483688
4,30.04805305449369,0.2169207311163899,9.27689773469928,23.357911000767963,11,5.431924426451216
4,32.75575418935157,4.564491998170048,13.16906182462285,27.046474778899046,8,9.739304970042552
3,38.84732641186048,0.13704548441175154,17.318136975882098,17.207753093725962,20,7.5147866258555185
3,22.26153112747724,3.2249117224338004,9.642306354052437,19.12470901906315,12,7.043697283885965
3,40.73981452276168,2.9382157654766003,8.554226282142855,18.343695133364776,18,8.609410160417402
2,51.244454818499385,0.8942396065901533,12.389955756094787,9.893101240613607,15,8.63943738589869
2,49.20724184055716,1.548789540362723,11.093351185104002,22.708558951587545,9,10.574810869148878
3,21.925495711219817,0.6873439990249303,14.596590884281682,26.67358872914246,21,6.143158501854119
3,21.716226138366324,1.1932148766339048,10.18696189621183,27.08321603657941,14,6.236620428258702
3,27.0678465485211,0.49966614885990324,18.873758462410855,17.646168117796307,15,8.502064081968422
4,31.248362685346674,0.4299984704952127,6.841295608155777,15.741509757399287,22,10.779487123684966
2,33.380501163381716,1.03595355628645,17.014939144878937,22.108027737958423,6,10.381397994251971
4,45.586374757500536,0.8272962093204389,8.940603086767588,26.146368432832336,18,8.584114742506246
4,17.550619447462594,1.0396767522711472,4.816069061663907,22.77425224155192,9,3.954967289222954
3,16.56027169017299,0.40535751451763397,12.95150062539547,23.446523179368807,20,3.555830075935598
3,32.63597533247591,0.5486618911846605,10.981568055944466,27.709154638681166,15,7.106535152734383
1,46.37236614620912,0.10515302858259266,7.561562528387877,18.304317203846484,14,10.918756932898578
1,23.704590433041716,0.0644308213962199,5.274492433138944,20.900149566634852,13,6.026706143446207
4,43.867701656531324,0.3507626822597978,11.966556850914174,30.173027558806005,11,8.426966522572657
2,26.692266207313477,0.09257719995188556,15.90334756649527,21.015944384511865,15,6.190901343300428
3,54.873874896608235,0.13147614762886975,14.339813972345777,15.663315170167145,22,9.838921883604835
3,55.306047491997745,2.0115166518520193,12.226826595357062,18.653219518748525,10,17.02979106949398
4,28.37792419265969,0.04757933993414783,13.91539029287094,17.309100743893787,19,7.68138543696254
1,25.349718928345823,1.2908460672558562,11.891143470488572,23.785812928506353,22,7.875035042550117
2,33.50867874298041,0.38186479548266067,6.281103027878515,17.520264982056105,16,6.788633627090296
1,25.823921333106693,2.4626183156893426,6.316424059106227,23.35517126430622,9,6.650046658437914
1,45.25727294812667,0.796288076433249,11.187325884061284,18.319673907296753,22,7.465035419550314
1,52.172910804672846,0.43760785856764256,11.357386854535703,11.38310730800886,7,8.264825577082766
1,45.289145891004765,0.8748748191407465,15.40393071402706,23.53309893490961,6,7.675859995660015
3,52.09577012622073,0.5774386721809757,15.029216895098989,22.742318407734444,12,16.157381675860307
3,32.86464729933634,0.9969645473356463,14.420532063035797,24.588789078544202,11,5.970434486155382
1,22.03426368189874,0.14596792899494662,10.878869147691278,18.635063904173716,11,3.7284933202232446
2,48.207792632891646,6.967178713841377,6.477391319559442,18.10227762320312,19,14.128790324252202
4,31.221352731369926,0.6652229395240338,13.648284548264096,24.007334292407727,17,6.528630573251369
2,45.20718713531096,0.5136774258232439,14.100677253048673,29.595097862654903,19,12.242821589199249
2,27.178977389179455,1.4863178793850886,2.4458741500892565,22.05584004753164,19,5.4186540362529705
2,18.65533356630027,0.5428782747132938,8.662647253669348,24.122925480235725,17,9.53686799288489
1,59.666180796949355,2.1496864345247153,9.235782490424416,20.392061577871463,14,11.157364538237877
3,22.029067856876967,0.7267587100375175,12.473400804493744,14.281847390631576,14,10.909163270940121
2,59.478944728356645,1.525667787169664,8.786558268937224,26.83714709577029,7,11.701198770859433
1,58.97759696549013,0.13641161777956698,11.84746172470144,26.542071195430808,10,11.066947691281197
2,50.721814675861786,2.2458922900616107,11.157860238588032,25.55387012587597,17,10.163787850947399
2,44.67403329368989,1.596886216906101,11.363402113849089,21.090272808287907,19,9.871206583549846
1,41.00131726129881,0.28547740260483595,9.134422825197015,24.985280498692703,18,8.860059046023478
3,53.97456954200256,0.18838605639639697,9.44405978373329,26.468808986939152,8,8.267742900677055
3,28.024778472876957,0.45626983577164004,7.678931760877229,30.100793424783536,20,4.638388514995426
4,36.04565456181947,4.4791762401422694,13.520269762295328,26.94263052323721,20,17.596917620998166
1,42.872548621492584,0.35619909240192865,14.284410514365472,22.319106125168194,8,7.939186490311913
4,33.503571414127094,0.7308478793357438,8.917528199498644,15.458733722878142,20,11.102264190448366
4,34.23689043406206,0.036576070748501846,18.082560384068177,22.778291488358704,13,8.707470926699493
4,29.862810037593796,0.607458579310558,10.741594210231804,23.282886979246538,18,5.898904757327586
3,40.390431750804126,1.0164535141665527,18.120742495186242,25.54514887659152,15,8.13497035086154
1,53.27585376068022,3.6723150338747814,9.431491304673587,28.76945929661713,7,18.576497443972602
4,24.06877701028408,0.8726307405527571,3.893688893602258,21.524247439716103,16,6.064948457065645
1,57.049486743904865,2.0518216630747856,13.608791299649406,32.504935949065555,14,10.626149708938682
1,46.00894441867034,0.9505739578553728,12.99418042047595,13.203564899797113,14,9.951027297595317
3,52.04729457060136,0.049968061639436574,12.137575181230332,24.096709362308125,11,8.040197288364324
4,40.02858116835053,0.45401822563427474,9.431070086224043,18.00739803907986,15,10.417973392876766
4,50.078251564082855,1.0283518875045383,11.861711098056723,12.463890001555985,13,8.52334248844066
1,15.729017880276025,3.6092192581252593,9.954962168521892,20.991128118504207,20,5.7856119242391175
2,51.827119115079086,2.3519044241939033,10.790601734672997,14.714136507895217,11,9.847359867637026
3,16.806248658841493,0.31107777025518946,15.3665290230603,21.192860509835917,12,3.0989130479616835
3,55.04610193632881,0.2983226123156558,12.736868918120374,22.173846240472283,22,9.979551517804495
3,59.63832362573895,0.26953300337120445,14.43980554932791,27.59270704667975,9,11.48441396513828
3,28.233035797955,3.068955721759461,11.072525973496841,14.462074326180312,13,9.797008254006522
4,24.464335032860717,2.2980650398124354,10.631930616780899,26.54222582822886,18,7.883351879161793
4,49.44135137361183,1.7893643184701526,7.386069876445426,22.49040225139897,19,9.75120387058805
2,26.386185341411394,0.5985482375734454,10.519853549727213,27.144245768047973,22,6.0664370956700555
3,53.950307242749155,0.8423366351558403,-1.2844582223565553,19.841244124844362,19,14.019284149245442
3,19.62791664708645,0.7490882836587096,9.639112134777461,15.338777066182773,16,4.524120986655288
1,20.66798383707112,0.3506678133118226,11.672503291236644,15.91250336892067,15,3.962517921189461
4,59.0618199795277,0.843905012286024,14.254694617080624,15.54096273166442,18,10.999501347273615
3,45.32275042215021,0.03716549226677482,10.925288489900172,24.389070764603275,21,7.5338956199202265
2,53.10992509930288,0.169614149362685,13.390694168979998,29.3846101110735,19,8.709307260450455
2,29.59482198081831,2.6120905768258074,3.280845354439018,19.175242366723896,8,9.546301626056893
4,45.4417687284272,1.6716433245706248,11.772652591172202,25.145676491288917,11,12.58338523700266
2,41.740882228886875,0.6596219735036615,5.281988828346386,14.382789709321901,8,8.184412539871753
2,42.141755405532614,0.873659979447173,7.166785937362669,22.901606245886494,8,10.046473932682007
4,45.71396067919747,0.5544404295367512,11.251337808544557,25.342813081685634,17,7.714914787122653
3,40.89116279080943,1.6200931734350101,17.10505595149422,14.759376123615658,13,9.647832976227132
3,34.30780661861996,1.840012581007377,13.484827053880235,20.980582655100726,10,8.640482768418053
2,27.416521247124606,1.7290790359505723,12.07292398854847,25.579585702427828,22,6.845036799462974
2,49.58615989109409,1.5388044466579927,11.921878442131591,7.331146763852615,15,8.917556405497953
3,25.18225935014338,0.27454786231700007,9.145484427182131,28.677265308508712,22,6.646248897498284
4,46.15594377694864,0.4949332505928088,9.824066346509266,23.768396879455242,14,10.97301137608017
2,25.4999770192197,0.7615040194152872,13.709504181883188,25.583638238586715,18,6.451155756943478
1,43.13985764795042,0.48199420423611006,6.4585579262220225,19.93640360402618,15,7.227212505225744
4,48.6185220208063,1.6875036206806984,14.372216201132085,13.386387592173223,13,8.797736819014341
2,24.842125000794262,0.47941577114915146,10.445971731524589,24.670314781584757,12,4.8277891077773045
2,17.697448538758874,0.17852314413720363,15.302228299478262,21.58704837291744,7,2.9634874843043275
1,20.893818434737835,0.6110731855354562,15.844373828928333,22.160577277161604,7,7.531667769189722
1,42.26986352719615,4.68930452485478,5.30766394997704,27.438034925994767,9,12.520376474580566
3,53.2250882801581,0.3072362446370994,9.673676947091128,25.81031936931299,14,9.88835065812005
4,17.024856955594096,1.1365907253473482,8.577889248237504,31.606187085448063,19,7.870880331819873
4,48.036806656874084,0.6808181342844619,4.749088139707428,22.769271144367494,16,7.983453261350961
3,30.359339067752344,0.08840758293717633,7.869866895162358,18.543937811044415,12,7.131371483819038
4,36.53377664637851,0.8030276148832396,21.76502338106136,21.057915765456368,9,8.469124900165387
4,56.79867974305046,1.4534560595903643,14.438039584849761,24.078316862693033,7,9.808287579560986
4,29.938717713113046,0.8639315444277696,19.669151874423015,27.079282594964887,12,6.867910788489157
4,35.94016202727687,2.4678647778966067,15.316393760073343,14.664830242806406,16,13.489660432602392
4,15.615708664230649,0.4091931227228296,9.032627355966099,22.042688075895846,15,3.8308961899010976
1,18.671942400217727,0.10823683320104951,10.472915213303828,30.047708285191845,16,2.9878542084313953
4,26.63662160106528,3.309298994058789,14.35374472096123,20.798955644987398,14,8.395316744944408
1,16.25335083694835,0.570157092673563,13.750024813892145,26.655059274345522,8,3.339700695357653
4,43.4118896721713,1.0307745249064597,9.690631937166664,24.465587636080024,10,7.35012284188041
3,34.18792605607301,1.8842786746390305,5.960027317683172,26.7793030326249,6,9.476437881760006
2,39.66653412276099,0.470431572523615,25.151044749554956,17.951197292000337,6,9.708152057240085
1,22.85912336533483,1.5112326821939759,11.435401310628777,17.972991649672096,10,10.349324841640211
4,28.316941324647726,0.1746121305179115,10.697044427269521,22.10135946061144,11,6.184131886136504
3,44.872101368372626,0.41317698035690353,12.453337855621207,14.338891063798442,8,7.243386435275661
2,58.43862256336799,0.18757851604214681,11.029085642755886,20.65129696694171,18,9.407208293083356
1,17.268754812099413,2.0006746731722616,12.490915630821934,23.264383287578337,22,6.078406210395034
2,55.067294438486975,0.3022363149191068,17.147789144465676,30.92317803474886,8,9.971540004260532
3,40.95965405900438,1.516482467835062,11.501806081254305,24.013590946349108,8,8.876319471967227
1,40.376380504003066,3.4439433616506014,7.349158242688954,25.126142354365513,18,12.02561399855188
2,37.51253408434921,0.9003525622912805,11.353424822085556,27.82237923525003,7,9.49338867315041
4,18.122733865688254,0.9319107035388433,10.142392874360358,17.176712055524717,8,5.858507776967437
1,19.04445832812723,0.7417223861845553,17.695595748987405,21.17458668814507,21,8.60279201016085
2,42.041040254658874,0.47323462722482373,16.684476258950284,34.12706295901946,17,7.634776087514503
3,30.343135714600123,0.774726568009079,12.430100001723195,21.604388888077455,14,5.561436703778017
3,56.27706299599563,1.1080011724820413,6.885056580722974,27.582153743911036,21,12.54034193013435
1,33.296574181176254,5.121715371214571,7.096430946240217,26.818689385865536,9,9.86580082196766
2,21.447665641618848,3.3321967867472444,12.060493046338214,14.609431428061555,6,7.318534756381046
1,47.16234750759162,2.3779327223707503,13.345291877285124,23.552396385029667,12,11.701480169846324
1,28.200903964845445,2.639282120446012,10.50150872269578,22.73373736102613,17,7.3496994898720995
2,38.646163831015194,0.7569940077163848,10.079321663171063,23.649793939202173,13,6.681417054193104
2,46.40247534773265,1.2855853033229407,9.628803067285412,18.2294376010447,13,10.264318496361126
4,55.511885004093166,2.705316704817678,11.906424159024215,16.415402440439205,14,13.889317058537303
2,50.648603766075425,0.5989744550057255,2.46895059170774,19.619949999895745,19,8.102229877305243
3,45.43624805427258,3.916725603826404,7.5946934849211605,21.511025014578987,10,11.602413097237703
1,45.58349320778146,0.6449856373965653,9.491796618210598,27.924922238001578,7,8.621025360598123
1,57.56660898144389,1.1028012779927314,16.83001277980768,31.086554098628035,15,10.667354812809263
3,28.31208438734412,1.4846414161515438,8.744745432284283,28.982989231115887,14,5.785683035233359
2,15.050044238828434,3.6091718270785322,12.721872567324827,26.300926053909222,12,5.561445876971263
3,27.23795517291894,0.3366352950697465,12.906171003723983,16.97829868850205,17,6.93677486031244
3,24.80511208320348,1.6451241687840201,17.191666022643048,19.955519125052522,16,7.230948680169041
4,44.78255633012992,0.8828037096627197,17.0503096278566,23.04963026206499,15,15.981668952939895
3,43.51702198944881,0.3752834110643661,11.769988124820335,18.837804809619126,18,7.385173942143702
1,41.705762221712575,1.798586411556457,10.098061035242228,24.886028262639755,14,13.98339185409585
3,15.730954944425417,0.9641499969577645,9.344667588697238,25.60243054127144,21,4.578627857441891
1,47.79501245027914,1.2980135392334464,11.035747110136876,24.681450312827344,22,8.523372644623423
1,29.55886856184712,0.4679254615923563,10.2638665827056,27.125673022787907,10,5.1289284900498
1,44.9275195052984,0.7876552568411886,14.214509637432927,17.47704393143463,11,9.245139021816918
2,40.046029282596905,1.1527747861507271,13.681239269940818,26.66414352046099,15,10.489846535902332
4,30.422891644255824,0.6228527912228793,14.367204764580062,18.52177274939902,16,7.816080189876015
1,21.05593201968485,0.2653335510735167,17.037134845744674,17.29532023678557,7,6.113858900874364
1,19.248850394721643,3.9129034357549584,19.451476485600708,24.660580670931907,12,7.73083854022358
2,52.41832499005006,0.8596192337795637,12.498653573630227,28.079367810994903,19,8.779784918442626
1,56.32788939367011,1.5887515862147685,16.397855085582613,24.44006743188005,9,10.140037312640004
3,44.24046210439348,0.6352910681084055,10.593359264663139,22.10402011886272,10,7.359013537809011
3,19.65453516872175,0.5264511220399669,16.740027934332062,23.550769130507536,15,6.799353734893961
4,33.09122475997083,0.6274055778670099,16.246036628703376,22.6821345903364,11,10.35174636184263
1,47.80226400473207,0.6315264570539084,16.033663879771964,16.370245519323028,7,8.535456094540223
2,50.09193978045307,0.942789046317671,12.376279364766095,15.786899275275424,8,11.436481269384146
3,20.319838003098987,0.940920694672511,9.326567344036444,21.605870602632727,20,4.244123341711409
2,15.001382348042208,0.8249651431580038,6.421886248538094,22.399284178846518,15,3.483602376328344
2,47.04616706462723,0.17373378625865457,11.839851169915603,22.05666189183867,22,7.703525107584067
3,31.046827919379254,0.8223945372664582,18.13205016899673,25.380508068249565,12,6.3607866908968065
2,26.45165992282171,0.22230062704091966,10.760620394543707,20.9226164191783,7,4.577084598810807
3,15.580386140528645,0.16179633274917482,15.140506341840219,24.81489590952428,12,3.443998274563381
2,39.31347330426749,3.237346548051586,15.375805602075724,21.27706616336776,20,9.639607160371835
3,53.30178309416918,1.1144915677134115,10.865255116291308,31.11679481018233,8,9.62744205238632
1,58.09342408226645,1.2927731471361843,17.265379350078078,22.403568633632233,10,11.87392618916799
4,40.45852277759802,0.6165834619851746,0.36535702207798515,33.70361305762839,13,7.511669875441523
3,38.150759748295236,2.8760229786602958,7.1089988850473,23.76005795545432,9,15.061006833878558
3,18.82753734701585,1.2191028814244174,8.33747081456616,20.931614147058923,13,7.093178039666932
4,39.69927606941699,1.7592878458529413,8.721139908530441,17.502760118701627,11,12.708962704299275
3,32.09905855344276,0.5517075164924986,13.345051804743582,14.785557129711531,10,6.886524265922267
3,42.32108763976096,3.8630074673587873,13.160151212215608,17.042788578019216,10,11.707087195165379
2,32.4926856544446,2.0608373287075206,13.575962288700032,17.601968454180053,22,6.887239125099208
4,25.813460555266502,2.308554871812143,14.384325976529947,23.974100102060884,11,8.513862858147126
1,19.273437385276942,0.22677212954389575,8.199581723417403,19.36917314469906,18,3.610732667265851
3,29.171330006500305,0.3792372947214669,7.127295732770724,22.93463526277249,14,4.994346275464023
4,19.349017542948854,0.40361938045520085,13.58527872803145,28.40989181188343,17,3.310769524182259
2,22.960362787079276,0.37914843891676203,9.479071705414244,21.56095824182573,15,5.025563507550269
1,59.43012713607957,2.32060850032603,5.718099818528118,32.39578349233402,6,11.446962538067423
4,34.984660060797836,0.038885022687367696,15.885377138165925,16.120945098304013,16,14.188492946702398
1,38.93422949272575,0.09498171165429353,17.58040762600919,21.24708225812536,11,7.265164413450613
1,54.31283379317469,0.384105615535201,18.228643558794637,19.303435381945107,8,13.450758730739883
1,59.80060052208095,0.2675817386765908,12.748030885898881,26.68253303028504,11,9.945033554315652
3,41.22215022051067,0.31653932173914634,14.50372838389161,10.801041848169396,14,9.202169701069147
3,51.561321946987725,1.919047655761874,17.479472893447642,14.784423554110944,13,12.16996435503149
2,29.712346095150387,0.9937341772734365,9.434336839906264,21.463265887745187,20,6.901923902545562
2,28.7584780851281,0.006944851071273211,16.44271073621637,29.756888605047465,11,5.8306765528619
4,33.121667444755204,0.6731177916939627,13.101584936572834,23.129209170186535,16,7.730777884359602
2,45.26282682031421,0.6288651392006381,15.654846609370363,15.242262728678831,15,8.535030884152734
1,45.698626016479444,0.14517186917874172,12.744372083503741,16.014167036548848,16,8.559521160020974
1,29.185774559225287,1.3529393737359705,17.18502683899201,30.364948514224764,9,7.897955069515545
3,20.994446586148293,1.453185577406555,12.894095050166147,18.894326006018797,18,4.933904061437511
1,43.457831540947886,1.5313930115644667,6.06408376213033,17.28518313775118,13,8.574021634076605
4,20.7746637984944,1.5644233569799624,17.807706529258887,29.3868628031543,20,5.246480120429829
1,41.03216287031985,6.339399322599855e-05,8.209877036111552,27.055485027934953,12,9.97811087047164
1,46.20399576253391,3.6928724488043816,17.012232840975656,28.37029821633398,6,13.30960312639588
4,46.527517337750325,2.0197579669862256,11.639028474238712,17.249790598670916,14,9.000465303526669
2,48.90624497968185,2.811859734191317,16.704043940790825,14.374471794928198,13,10.99562359448909
2,54.2786739704549,0.018920331419994045,16.53907445946706,22.66583244681353,7,9.711805326158913
4,37.49815463841548,3.259156037453563,13.720571897261486,23.67563066536832,19,9.046116779258229
3,47.8612135288307,1.9915425826198982,14.034141270508524,23.82300901852416,17,11.973796730379124
1,42.86277309146266,2.178420501682601,13.690514468770264,29.39091967819501,22,10.757182751337927
4,23.398797290895715,0.11751567723461458,3.9447009748756887,13.331164549958759,11,6.518628741043248
1,16.156034019123368,1.6108617230226547,12.473320875592808,26.298475256488828,10,8.401619887644634
3,27.80436235546202,3.860154278227199,7.53574329571242,16.51687477926341,11,9.067261281885774
1,34.93651678519287,1.361885997403818,12.684748574982653,26.278676604304206,8,8.236592596902844
4,42.76976749928953,1.0143318185673118,7.428229814467138,19.625216477393113,21,9.786725007108354
1,53.24816987264424,3.494324185009959,7.2601922350957,17.930141020547442,19,13.069271986870238
2,23.83105725177745,0.7020925896663621,18.419738007015606,18.950486465253988,20,9.239821145424411
3,20.64974054543147,1.0974314464120234,16.27778955249676,14.771948996117187,9,7.299819316959303
3,58.35659763634474,0.7762912817053058,11.983429660223383,22.202144699167334,16,9.631231995711863
3,19.86200517193832,3.240924103163828,12.739074600996096,18.136633046697714,10,10.844204809225626
4,36.532098154823515,0.09496188861410447,11.008335897027965,25.93149115450139,14,7.854117779682477
3,41.35036779569859,0.8344669121043481,14.279505503918092,25.200280405164587,10,7.1421024821475925
2,39.36184894083472,1.3936801866346857,9.29578253380478,30.440785264513956,12,9.975810415300309
4,18.871447066482446,1.883721558831435,15.97496105147183,23.831637417705387,7,5.5178021255106495
2,17.56621113016287,1.0496565315296078,10.987652635943556,24.60338883540037,18,6.754223436583937
1,19.746754235746607,2.875190723992013,10.320612016675085,29.00049905913907,18,11.48247507402867
1,41.35144577426756,3.416597774146236,12.08685207393937,18.861686519866517,22,9.525387073598855
1,39.49551994354445,0.07977709331515367,9.635412680297557,14.558708935884837,22,9.883728138240372
1,25.518335641653493,0.6177412181069195,13.314729397985932,23.000470295641968,11,7.2925059620044745
2,43.69983638305162,0.028486278123148582,9.850549642746401,14.88683265392798,19,8.802283865736399
4,51.90303759250422,0.47952874172049414,13.874094411275344,34.269693364626946,19,9.141086279621566
4,16.87105319309672,0.9236923667771157,16.864026155645906,29.277491460394714,17,4.061577477720951
3,37.415847459661904,2.9001808897955894,9.122713252767305,32.819881666507904,10,9.255419005976709
2,46.01896854462106,2.2492904002467498,11.477698170819314,22.312234883315647,10,8.925630953844443
1,26.35403671813592,0.16367077396280819,13.845322852141686,24.75286796850799,9,5.470925482243864
2,28.84969073819171,0.11717558240161847,10.256570580074373,19.702622840236778,18,7.854052154453898
3,42.613705634522276,1.0677752824659268,13.85728224330666,26.414624027933762,9,19.342882999481276
3,55.40708820496816,0.9114469112938165,14.22159544260696,15.922283939744716,21,9.481535826551228
2,51.446598913630474,0.3717130567537544,16.333047105177215,9.284534052626107,7,8.880303741537446
2,41.24085985948126,2.7565570080598607,9.576039815660351,18.046446902557165,9,11.722156911240047
2,47.85997729907621,3.1467933414739893,8.228899039078101,14.722632621913421,22,10.962638632991819
4,31.417011159350942,0.618225024304167,10.769690441745025,29.38963368079768,11,10.156361581196656
1,43.8434487644441,2.6520350664384877,8.128990641811601,31.07838727540158,12,11.628787929948952
2,35.97817160074007,0.5813104260373406,14.257992816189988,14.985354637934446,18,8.52862970278738
2,23.54712614059024,1.6018860387559857,7.352994799294355,28.4585780376062,14,5.028645077345763
2,46.57822232447657,0.7753839946621209,21.332065673010753,26.756924917503852,7,9.57973006816903
3,40.04090868069699,0.15692771205957262,17.183711446295003,14.151116576405618,13,7.5486183398726485
3,31.137971187911614,3.156210846701473,12.050303078401257,20.04866234534191,19,7.685671763442086
4,56.01026355353838,0.7263758758028266,15.469577971991903,19.0991813893774,6,11.61524941525675
1,15.942035302202997,1.591309952575718,5.452792542756834,25.739976993136,14,4.862697128036401
4,29.209791806227322,0.549071379483982,22.09349332559823,15.85610324547493,14,8.42986527267406
1,17.559662899994095,0.02287367786651543,9.639141551198042,21.50563687170259,7,6.0134877637346875
3,49.493729229973226,0.12713997214953882,11.518010344402562,18.570327480251912,21,8.827881326376756
3,46.59483543512067,0.8227374971232504,4.576266851246253,24.366705916925717,9,9.22200719465666
3,29.910849843134265,1.4052816133206731,13.945149218963579,20.916039841560355,18,9.305231378502063
4,45.40483059931829,0.48908437483845535,7.5746233716915645,19.323771480298024,22,8.330922476982995
2,32.81717517881774,1.426855549987188,12.406623046264118,20.93351712183961,16,6.237632702495899
2,49.03142061400955,1.4393220961917323,9.822902268301847,32.180214164200564,7,9.981226809553567
3,35.43826482315177,1.4606151825591516,7.689024260278626,19.915501819403055,9,8.216195713491071
2,33.552587752424955,0.8139619573233241,8.78255399294953,16.794973908581063,17,7.118104879099364
2,57.062846196973545,2.956518610039709,12.903152136342085,24.917167845779826,7,11.521587363251657
4,26.289559495081512,0.8061244056612135,6.874036108524702,21.282376652885215,6,5.094740332699584
1,20.420130299845443,0.7179831444370071,9.004753315905692,14.923830345667637,11,4.560703706787965
3,41.30444009667562,0.26684384933117195,14.653093525057912,33.15748167601233,21,6.772733456031056
3,58.61948155278805,0.44120522263555917,22.409919499497253,20.23760527206676,7,13.56223262997208
4,32.0027646177234,0.05190806291765042,13.91035527821202,20.110652730193245,19,6.749276920490932
4,17.79165436329517,1.2046236736579523,8.330953431290851,22.799176759540487,17,5.633943016803398
2,30.268737028930538,0.3428779612354276,10.531543319710757,30.650583846044196,8,5.323874892502331
3,37.76692444438013,0.4351544523843306,12.126356024610313,13.601273367405021,16,6.579291763700256
1,22.286535298449618,1.767868385034642,10.60230019745717,23.379929247102698,9,7.8538689952833085
4,44.61459981254214,0.47560638707821695,15.612232666947731,32.43636080896814,22,9.599432087947196
1,59.89872250545903,0.33279643136913023,12.869893932056899,22.643643403698242,22,13.412808263068568
1,35.32827641916497,0.22223397610061096,15.631409539639481,15.8233301034826,12,6.699822751714622
3,30.96278505285957,1.7892309012996515,10.742224838809483,18.908015735196738,10,7.660976692278615
3,33.031687507551,0.16670938778998198,17.302000878885025,23.034412648783952,14,8.463487965500633
4,20.181578027784052,0.7256224996194455,11.334057662873816,28.65401957819931,22,10.919008548135615
3,54.74731206418007,0.84852523512774,8.115240523448033,20.303320777919698,14,18.02894317450312
3,33.66715449846084,1.3953583109229462,20.709281524168887,26.133258987162158,19,22.08039882142092
3,32.42734851411786,1.2037993929977862,4.700089012155533,14.823155864765553,10,10.251287018416326
1,44.686062281871344,1.9974377208573184,9.045045098780289,14.781408152024728,7,10.342223060536588
4,34.89150394190056,0.05494043250808706,9.491888592678421,19.585996556575253,20,5.291668660044328
2,44.17050609635307,0.4219237780542994,22.033225092226253,29.19014360936631,21,11.477988805525081
1,17.765083055885437,0.3944284324805947,19.227435536586047,22.344373197568846,6,4.793727464428434
3,51.61755046750024,0.18941265739777022,17.97571257456879,23.449055977833098,17,8.904608993720949
1,57.322677879573114,0.4096003071245002,10.677365350494673,23.390397977867636,20,11.315344597991627
3,44.194442377172365,0.44486833774735074,21.7047120153671,27.546039912933654,10,11.817738307785337
3,57.95546679864648,0.885483437099276,13.473408015363885,18.94889653731073,6,11.555994281753707
1,21.814454146648348,1.3077179742851726,15.909053481212489,25.441425542441163,16,5.499853929647931
4,36.48372852661592,0.575774880138819,12.718781524424827,17.84558668072435,14,7.363981629588378
3,42.081303027545125,1.5252905189105508,11.802133714706994,31.9163632796038,12,12.997553059245336
4,41.1781491339534,0.4916665972766729,10.992885304294482,17.99804447851655,7,9.185842628482638
2,33.06578005900695,0.41146792116011854,11.161440026323351,17.588053484606895,22,6.694160961119823
3,30.213798421481762,0.9349378327491021,14.433966594712315,24.748349067440248,21,7.080112570153181
4,20.707081014768846,0.028802544418143818,13.468799195101552,22.39894215716162,21,8.382512827812834
4,32.628410275302514,0.09978290611576132,11.874114519185264,23.634262031304672,19,5.975120832488583
2,22.319736679746832,0.6494790024150671,18.038095970795418,23.13656897746159,7,4.993794874363614
4,48.04645544214983,3.435808564105008,0.13298772503707745,16.548039005962806,8,10.744149966941418
4,24.39739209725655,1.5340554215667392,14.03954899168478,30.066794645397422,13,5.95982462732737
2,17.635438737804023,0.11070489706328339,14.870954826635916,26.467711029445546,21,3.3714379385313915
3,39.85647620177554,2.2474437956589086,16.587851473020677,28.79474975633558,9,9.758459106904448
4,41.78533797237307,1.5814694485031717,11.740514235786556,19.35834555444788,13,8.260254170920792
4,54.23608775762275,1.1328461745015195,12.83168026953583,24.082617723575858,6,9.259489390518015
4,40.96417255879568,2.059712775533658,15.943793533258885,22.986842311173454,9,8.492212801708897
1,30.54663841755506,0.6212387246366403,17.96466561712072,27.64001313100754,12,10.974269031424477
2,51.13553466868442,0.3004651650640546,10.797856059284927,27.801240659148093,6,9.897022283946106
1,39.31255019343395,0.8609853633349839,13.06790313251024,22.965254014790574,9,7.340326361983165
2,18.567612808403627,0.9551245518071365,18.71429585739503,14.410244340783741,19,5.577840690227974
3,40.4632752140961,0.927476484556319,3.5038916964845956,30.898309435438446,13,8.171473116301705
3,55.86083454397481,0.9990946774435744,9.23994960074166,24.779937168450694,12,11.414786610203322
4,32.83406814741993,3.56419248421227,17.863343914411853,18.95781479304429,8,10.380875978938533
2,28.334661085491003,2.790356765531949,16.370151334433213,24.032710691333474,19,12.290664327376472
3,21.4561255658109,2.5022332198399324,14.089780843706777,14.444532257737382,17,7.185861651295549
2,21.81504848709108,1.9398566136317696,10.205612507563519,27.276765337355222,20,9.657711221359985
3,34.47471679538185,3.4466916142920696,8.472726004058323,14.643941278604235,13,7.939450722879969
1,41.80559208726883,0.12442715108781932,9.635137523030505,20.895827539814587,10,10.79512853365043
3,18.62769323263208,0.36966299577627154,18.19203288327477,23.22227224802775,22,6.603871314414793
1,57.28058650613246,0.819969167181774,9.486229243378615,27.19419855991047,15,9.62601489391928
3,48.98101278503382,2.2491353377293906,12.405691856958631,22.53272338217187,16,9.756898137170657
4,41.39807632276482,0.8442388118576153,8.985169420553015,25.17481436806275,21,8.450414933376473
1,52.279740192254586,1.654156866604364,15.371096120396107,21.859165457752237,21,9.543536789286167
3,18.608404056545098,0.1795370495801955,9.845094878614235,21.839070245278588,9,6.012553446347836
4,36.4577494979906,0.34908681599767927,11.609624439382342,22.42738625174149,10,8.880438415568227
1,43.35419070877485,1.5791198172019492,5.266471467828698,21.054710395738127,15,8.482487583692707
4,52.28938077532302,0.2160060631536002,5.546527055180241,13.567148784592822,19,8.160959853510992
2,50.256130202217044,0.5194453778971057,12.030692773286026,18.15838253151686,14,16.946151703863173
2,27.468116237102983,0.3692434009967996,6.699371379208952,23.22387420555849,11,4.992920924334704
1,57.339607630164195,0.5166841927286925,20.420346557338007,20.754394982556406,16,10.780290518503621
3,20.595562864389166,1.4785342200798934,3.753907551551002,21.220954589090468,22,5.073012342796617
1,54.38101283795184,0.550348934490516,8.799298805343584,20.383231652806423,14,15.545177696211223
4,58.692311232207835,0.9723274897901706,12.066803469070202,17.68200803634091,8,12.731082376655701
3,22.971908545018152,0.12634179163267964,10.539468248816862,19.53450269511853,21,4.855994136529395
2,47.49297288917034,1.961815750885884,7.583418173344324,20.465841278057027,9,9.422036480908242
3,16.812848345009932,0.5542304286427364,8.168288642018927,22.025715702709245,20,4.0661989013082
2,33.24402713126197,1.2547713038435624,8.037383690003047,23.96689172234856,7,6.0254574309183875
3,38.232748463895334,1.5508823029761967,10.853113220719749,21.097248545571304,22,9.509943783495
3,41.12903516593353,0.2823518557074945,19.807716358069694,16.8517237215379,21,8.047482346714451
3,57.11717617118518,2.5920011028798604,12.31174918623284,15.009589800406083,22,12.105109576637457
4,45.25128092823876,1.1492362626503039,16.731601957550097,34.987186036876125,9,9.89526931171028
4,36.657507804865666,0.6718617866243811,14.027905383312566,16.350924848677185,9,6.039498007191801
1,51.43537663196502,0.2415633434753786,16.455449591928883,19.406874993678084,8,16.157137336558115
1,57.7739769429484,3.423017232464566,0.8001427896256565,24.585001512569676,10,12.123981108330492
2,15.992976690703088,1.6881305896850425,10.782167915407083,23.804303047828405,14,3.9101890409933397
4,59.21345725152174,0.2798698814408679,17.228541692602853,24.604328462807864,20,13.628104126510694
2,18.875946257865614,0.4944635067234084,9.713056709002664,19.786414652339122,14,3.5566002506650034
1,51.64740506709426,1.9908218923988412,19.04989265947845,23.192790353197736,19,10.605279661655103
2,27.615063864813564,1.4276013851349552,17.935560615071047,22.30671832120432,7,7.530177915471909
1,20.94808459892423,1.741815314692698,10.12347713549015,20.439343162293564,18,4.8139982481169845
4,34.793503787122575,0.6983587488784364,9.987345923814573,23.2270487088567,21,13.860048216768444
3,43.97804607514261,1.5125513155946433,7.945576630582125,27.276827733753535,11,7.827679083826253
4,32.14283302605638,0.5862777398434224,9.48162307254481,21.888998882823376,21,5.3955560490150765
2,17.455443372721454,0.28478669007314394,7.069643743324339,21.922264231782126,9,6.429072480928541
2,41.97575128464224,1.2018165646280135,13.715244721732022,27.340805174379923,15,7.806036311043318
4,55.60814742498036,4.47633822038131,6.175814026614266,26.806801799094067,16,16.773985857226037
4,32.244691467626325,0.44632204073392695,14.414932064760887,29.919682204817416,10,5.939187241259825
1,24.73497499338722,0.7415799533691881,14.512314787600994,13.218848827602116,8,4.448184235554891
2,34.91598056697669,1.345034524032025,5.35518237926431,26.52559591584695,13,6.334721287077974
2,17.17632199719514,0.9357704266154356,18.19927442531336,25.007900227010897,16,4.948999171821641
4,51.921941301612364,2.225085607354507,14.054437177660887,17.571738011233673,8,10.852243648115577
3,52.1853364927584,1.7212849487841153,14.998792085779476,23.257939589994223,17,9.20686168797455
2,41.46002085433328,0.07207866867110922,8.96533919382891,27.25560873878999,20,8.016946553332403
3,30.889630002227527,7.741334041762525,14.489516473892476,17.854205387573,21,11.63842686846098
4,50.99025140006025,1.6751407778817646,16.505573798888264,24.212812145114036,10,10.429418553926434
4,39.96091611547652,2.39326768346461,11.60556640398129,26.356768378655087,11,8.514778763251519
1,52.16695388475073,1.2639000331309835,20.007689836993443,16.64490218734256,17,11.8444563946229
2,43.41564566623593,2.3279087978263275,12.176258539651752,21.28857153777426,14,8.897721940446857
3,50.298246294575875,0.14305788850796883,16.563143201809897,23.504841883212055,8,8.41776644044708
1,41.935334694799195,0.5127704462071851,13.17203522903462,18.019342472285224,19,11.126866256582012
2,33.63634806970498,2.5090490339454488,14.342086131427472,17.60423400453227,10,8.043104525988733
1,58.10756369667619,0.27025765051729383,5.314670929460911,21.32477699068613,10,9.09244184913657
4,39.35012211954802,0.09776720365254364,13.484214952861453,26.00819858451846,9,6.504300108417671
2,42.22902833432423,1.862076239073585,9.060099594970936,25.218670005960547,21,8.56597724349153
1,24.921943773663717,2.165712662513832,8.614406776889249,17.692936354068287,18,8.407140427658753
1,43.15428552422744,0.21301894183748754,18.976412737863914,25.260839425578432,13,7.8814955733172125
3,40.722344226732474,2.31182545758072,11.144919007750605,17.820301119167457,21,9.258943505332017
1,23.317727907616124,1.3929725956651962,7.9867926760980135,13.949151010032828,7,5.659495919784263
2,17.681419380891466,0.8809697359431677,10.5634734875645,20.164282144763842,13,10.26621043276026
2,42.1961693871647,2.1281155778666863,6.798199084312345,27.61484685792868,8,8.429002713005545
3,49.366152120764426,0.6521203376715387,17.73553787278508,25.27980276070687,14,10.72430850710521
2,38.55306169149037,0.25879684562578176,9.21727702333394,21.99214096313403,16,6.441783600518869
4,25.204768139384058,0.40232005297727097,14.117199735774676,19.91647258204471,6,5.692585830353585
2,44.99348895118657,0.8442347056914256,17.4244268568413,20.051189319417844,6,9.771385369181573
2,18.604757697432103,0.9094296891067045,9.999389275141082,22.543924529303982,13,3.6749303155625044
1,34.882516716087956,1.9652865148822045,14.128089729091144,16.657812570770858,21,8.023878642006107
1,22.35150412792891,1.880532150863247,7.87965578038228,20.259463273993514,15,6.0938100902404075
2,23.30065729769475,1.044911496181609,21.783078276454738,20.922152693201156,7,7.134738652973491
3,24.103227712119164,1.8212454006943533,15.745520538466488,15.244627707742513,21,5.945267400072041
1,32.401817566979005,0.2554954636312751,11.229574244956776,17.807758745512125,9,5.572642645559983
3,17.301759252917893,0.061633463940646394,8.908665076444144,24.05253395743191,14,2.6564882395991605
2,32.900704841809414,2.482285700654026,11.544013788641495,22.04755919970497,8,6.924570158661855
2,38.026835120161536,0.09427340871580155,10.640065110593923,20.456191044033083,16,7.561602506686833
4,36.74824282348463,0.3399316378102991,19.811778215998025,17.44286281231018,13,7.916823766882278
1,32.225284518136824,1.4261877432143952,7.097861111140391,29.884249127946084,12,6.342320912154707
2,52.76159736318386,0.6320369767667652,12.539205693160813,17.810103926603407,6,10.728553937603348
4,21.539701158922686,2.508010727756598,11.92664773346516,23.25796403630869,13,6.74275294188107
1,37.75635347016183,0.42455171140578657,11.530358798620522,19.560654559631022,22,10.932320955056333
2,17.791863763044944,0.014330848547910401,11.565533380246631,22.181396463191675,16,6.236157820179718
2,18.202005549505937,0.42913441466712116,11.535716759518067,24.28804870970186,12,5.668192367130496
1,40.823963235469336,1.035513386918457,15.492264265328398,15.14871705396057,14,7.370366434472074
1,40.470829119951944,0.565807389746856,14.43593778596974,21.96691877923256,19,8.717030293412996
1,54.51150807800056,0.9185331207585408,13.675646445491147,27.953643244899226,10,11.27941235502741
2,40.10431540470329,2.5107707078139,-0.13595744858107572,30.807509467460015,18,10.906462790292396
2,58.19059591821826,2.9231348296907296,13.199179496652656,21.349930133724346,10,11.677792230524718
4,17.19126817799684,0.3710531000797906,5.37744255931967,22.208406036084543,13,4.920488683271174
3,19.410345815133347,0.7441894267749158,14.585280652543302,33.05666514300766,20,5.433031182832395
1,16.982963770667162,0.9559287776816765,17.89798947028206,27.674621407995993,9,5.154858997499847
2,23.337458265009303,3.573764541547311,8.295043549645797,18.913577153723907,6,8.537986121290398
2,39.35715499237551,7.900477235740086,10.952877110629172,18.905082745569384,11,12.405327047941087
1,44.050748164234264,0.32209432599811616,9.602577179788012,26.782747308936344,17,8.928157932874893
3,17.051332107690097,1.5578517062174269,16.941727103027205,16.94481434977135,12,6.249387160647081
1,57.568690043051966,0.5698381521259551,12.380111541088292,27.438633756694266,18,9.564200098103182
3,52.89744194926715,0.009769496505018673,18.913317522265334,23.67149981875504,12,12.52627317606525
2,28.34756169706919,0.01115471148133091,13.655016811789551,24.58860382013536,14,8.410587020186828
3,18.47343886019106,0.7406818215386947,12.969800722543278,20.716330982599732,6,3.836231511644036
4,22.644918294857575,0.8041019939263242,12.272827130411345,18.850875978767952,18,4.198021522571556
2,20.71249861897377,0.027393948608446426,15.271968397029347,29.3099641543416,6,5.060919631265071
4,20.547770068452607,1.3935842640429263,5.049255207018627,20.766313597232624,10,5.504568677557088
1,38.33527598995803,0.41777380945197473,12.341375822082039,19.94532461713069,8,7.200324745451425
1,26.06313491220301,0.9848851566275976,11.719814225088141,21.599314660600953,7,7.560031524927231
1,31.1162872438115,0.42958652195158137,14.901675308631065,22.965110663589716,15,12.001862917139634
3,59.52774000229451,0.21945947058761126,11.249193576503853,16.845874366402757,11,10.40361594234022
2,45.794141201640514,0.6274246864467818,7.84506226334932,19.17564252896544,22,7.383409128125715
1,57.70413001711506,0.3171858635221254,12.029402699678796,18.909839630469712,18,10.72337188104687
1,21.4150449764902,0.9183479500056532,7.6686378845266265,26.22640152303424,22,6.06937085312941
2,32.196276367465614,0.266016342322127,4.298951149650058,17.570187160000554,16,8.562989005053877
1,39.962931147705945,0.8521224706800207,14.908489925941971,13.22116071120973,18,7.1209427532838205
4,18.45411278499321,0.20548491737942426,14.316246290778682,12.164527185469229,16,4.418556786560297
2,15.188434963258103,1.3339447923687637,13.868363775974299,14.648099326621413,15,4.530691278970176
2,45.16954502086129,1.68260455181989,17.211713687783245,28.807691014240557,8,10.968941251545091
2,43.88187825606459,0.1403722490676301,9.3398724387843,22.08103299742026,11,6.826737487619023
4,33.485496449982534,0.756888543179708,6.27554342891498,24.506245434036014,12,9.936888450558076
2,37.03398342144147,0.08821013390284269,11.719880892767822,24.682438635606644,10,7.057095083104132
4,33.69493502664403,1.09410856561633,10.609998801176358,22.280919591961602,14,10.121408032853248
2,16.080227018019997,0.36848955482732654,8.630817132919725,21.62609351674346,15,3.538575295012378
3,30.09172227978581,0.8999771609534918,11.680603386048816,27.222632149090703,19,7.35361321857941
1,22.968701492878044,0.8744322622821331,9.55357941518166,22.7299795715632,16,10.42521829010175
3,19.429088509561595,3.0980343500846765,4.655978866572675,28.99548739631707,22,11.135548168576786
1,58.05241952502074,0.9557669825810853,10.235293236824958,25.104149726449332,16,15.24095687557633
4,41.97118762689745,1.0495984937166556,7.454499333184571,18.91101863259486,12,7.2231496210534125
3,47.78953279064712,0.6163015631393802,12.926592286443691,19.51432988065032,16,8.693201105610784
2,29.19136844697529,3.572990054843968,9.37586096703738,18.362675967728602,18,7.3625110593981615
1,32.69162082723068,1.8017010358068535,16.446525896564207,28.08774010975358,11,7.519673755131293
1,25.661579725352556,0.40324768390417925,18.415464269071464,19.974745235272238,7,5.580195633610755
3,19.363455193444114,2.2310924083218437,14.717525492047624,18.00763601600184,19,6.625283673813719
4,23.05642368487127,0.6795983052912294,5.79589527206672,23.5988902056341,21,7.037192384548119
3,50.888132038341865,2.1169765025627503,18.020783995516158,21.514164468137484,12,11.673443934767095
4,45.48956123326991,2.0771680365063476,18.30288180149506,23.47284256287582,6,12.650144437148352
4,39.61179941934646,0.25119260643843966,12.075162045231764,31.449069519469216,7,6.168516187915271
1,36.37904427900456,1.4493405940082027,17.29170464134213,26.565354029644297,14,10.738737322488156
3,56.5095427645256,0.41207557177706683,9.793299447813288,22.13505277150953,15,9.19899829115052
3,18.273072650040078,0.42371933238544085,4.535016260601642,14.957883078969957,13,4.315777951047905
4,27.62703659570622,0.42176576697696927,8.958862245513625,19.50018751395682,13,5.650360820073259
3,30.747203410682133,1.5516632087226867,18.917203464179025,25.555230512726517,7,11.158159282034294
2,50.209161549575455,0.31336664388057367,6.035680305554106,16.14479480169092,16,14.543630801919658
2,59.66315790728871,0.0010874949153149497,11.998085127725979,32.70485148165177,16,9.539410571980607
3,25.830173164071887,1.5073170109088085,12.13657557336085,22.072082813177744,16,5.219965621934385
3,54.343830036168626,0.22530960013379497,9.948103024128752,22.244241966047426,15,10.434450273274287
4,52.37802421943061,0.13242407833225545,10.22591360065154,18.66677403521011,13,9.36033200221146
2,25.109582893879498,0.32540869498411484,12.288996536944811,24.48368878387859,20,5.694827548165079
2,32.96996610896501,0.5734504391361308,9.75135063226109,16.20999096738884,13,5.499005046757031
1,33.435279118163365,0.775301815528103,6.311766011328276,32.824462945507285,6,8.62159894146971
4,59.01993008369512,0.054712584804673316,12.860127771773824,28.586756523260057,8,9.425611235683615
1,23.140135562050425,4.231024754724946,16.29346632977989,26.92148222598523,17,8.059626390113419
2,50.962108699715195,1.5108037014645206,15.478290074613685,15.047854971050953,21,9.514904310172772
4,30.038672137789945,0.468444842399701,8.761058130440754,23.027066352288756,21,10.716046901319563
3,47.889165559927214,0.4604982186035952,6.995088338489297,28.04543199007002,22,7.921354974218458
4,33.90049519330483,0.7142287144059799,10.863248471380885,24.965526996788697,21,8.292375892435896
3,41.0261893402443,1.1809851626809662,18.271166039182656,16.989454476831128,14,8.6441219693323
3,52.4675297996759,0.1899132321138544,14.582392315838183,18.749531223456724,6,9.128550965842035
4,51.187450424274786,0.25128082293772835,14.815858707176934,19.740319309970047,11,18.953244439652927
3,53.989043259286504,2.3544987551513024,15.55942780714198,18.98281082755696,11,10.36178693117841
1,17.682779640509658,0.35526833099912125,13.683066250074345,29.643894178551538,17,7.199941811094787
2,46.14227488678851,0.5740204359308793,12.482434190454315,12.39493430588372,8,13.219948910868684
3,21.29943195247933,2.460062963950939,14.649227586591872,25.279595698294184,16,7.559127518419133
1,33.71183556082849,1.3057333293335756,9.815335583127922,15.538483125357743,11,6.121386286383659
3,39.68647867746098,0.5017350841853715,6.342147954534717,17.19374256274466,19,9.792849622695758
2,33.12327681360738,1.3812752549456977,14.891987738497292,11.951333165656413,21,10.352267296346948
1,38.38252541113533,0.02385541192873976,16.9509524229969,19.25472784420567,18,14.281462595353283
2,59.843683895937865,1.5965442366121396,7.5270722425758745,29.553658257696068,6,13.910415985183796
2,21.08477911707846,0.8010128428356822,15.287685929663601,23.324121212323888,11,5.069523568006147
1,45.39552204013915,2.0131454237660535,18.72306285355276,16.008192265004517,19,11.870436619626494
1,32.820043487352685,3.7116874288517936,11.991015192971517,27.08573837189656,22,9.220032360663089
1,20.985440950829794,3.121004185481541,8.727991261033015,28.156521317843428,18,6.5154941826396335
4,22.14315435184393,2.879775105217387,12.492074694107023,22.52023240519543,18,7.594574213522968
1,57.71728978105276,0.8613458449746252,9.797864127197194,32.17374579076295,14,12.284565567150805
1,54.58206735202929,0.5358110167536045,9.533079560174393,26.10782062312307,11,10.63661668503395
1,55.816888218675984,0.7506654741600143,13.732736269086171,25.41326253646294,11,12.477124548845566
1,59.618974912232396,1.4050170774945412,5.5850820998804185,17.98310646416855,10,10.454939736648422
3,24.374192550383306,2.584975107787025,6.224284310031091,25.136992428106705,19,6.659943149083699
4,30.994770181382776,0.27829774213590164,12.077163521495772,23.083956388022468,19,5.621490272424952
2,45.11485634661901,3.0040732817800238,11.910765844350275,24.599145013355134,9,9.602145658299538
1,36.77111429372913,2.026048986762616,13.374218308159744,18.577071904293348,7,8.307512461026855
3,33.82752900202501,4.627679783437295,19.500901553933552,22.640494421794934,7,16.034683225921835
3,31.101506220101687,2.5468366211982714,12.418056144303284,17.91569249892521,22,8.24711190093298
3,41.72012843745535,0.39410043439848635,14.392688601339177,11.26433950016984,15,7.248178676507852
2,40.901704288803685,0.13440022662558745,8.097868257541473,26.991522842891918,19,7.116875056590732
1,22.265602532890803,0.1428660603775808,15.071750654066149,14.488055091552415,22,5.374710909663184
4,36.22829268832976,0.4130577346845861,9.894436539557288,22.535932323912082,16,6.634725343938456
4,39.90622992944324,1.1428727900379705,12.285683330324373,23.6650106472452,12,8.446115025778154
3,40.66291224291257,1.9575315282318413,11.564605499723353,23.632815079315275,14,8.306313113680824
2,24.45482368105583,2.75413935014809,16.131896939656123,20.584604632008748,19,7.060189799533394
2,48.402212651352905,1.173012549552948,6.760093782500002,23.356057376399868,9,10.645242516499218
2,16.133959266948132,0.0067766740420415975,2.867045461539842,24.35483534892581,19,4.182630322802281
4,30.967433499442322,0.24742097887717535,11.146269211648303,25.674824078759926,22,5.03935132248955
3,50.109569184103506,0.12606761277842268,13.874125027620497,30.667206696921316,22,14.85469208697064
1,40.375181447493105,0.5417941607850237,12.60907750323,23.170970757491027,19,6.590903669805274
4,26.752309462988713,0.835023389740663,16.928816949655644,22.32024422508851,18,5.432674039561797
3,46.272890370437146,0.05324039797648631,13.749490696718674,17.46635517324953,19,9.400733219417134
3,40.5325924870233,0.5141328931316873,9.744606672560561,24.179731619496685,21,8.953322387522647
1,50.83096242553742,0.2369412503866178,2.6983193834412784,25.33691551570284,20,7.852431576561442
1,48.07613337854205,1.2497832156936781,11.050751063219128,21.038484078591864,16,10.269907334246728
1,42.45485649163056,0.7489552785464306,16.111836009031194,24.723062520920184,17,7.3685949148289405
2,36.96799538898663,0.8205912617306421,10.431808869331542,20.53741903225329,16,12.678299043758958
1,20.993195655038555,0.6696931207330791,12.113281054711058,25.35496326044462,10,6.067127337400873
3,26.75998580484227,3.7488164532410844,13.685441017226834,26.563011570148717,13,7.426061760264769
1,33.85947628126884,0.2900810374629881,7.9388305030007364,26.49313933365243,11,5.655185720123666
3,41.96846791528749,0.8724525031375937,14.49294358655527,22.589221630706504,21,8.67960226181104
4,38.11685348468872,1.5982463607151987,18.54848716000682,16.80015924191474,17,10.068286963483278
2,27.968303668178827,0.9766012304539148,11.308746592426374,18.9404347367909,11,8.535053829494691
4,15.290896100536974,3.174443532289448,7.483742312670793,24.97578661942364,18,9.50591046090031
4,37.33076498553663,0.5697171748347253,11.733595891912104,34.24406152870114,12,7.0523048021593
3,27.85316948530094,0.747619752933475,3.102463565564525,20.296396142339592,13,8.492957787210987
4,48.05737353197408,0.11122580042685494,13.347613055906464,24.2791883919407,17,8.86101909164308
3,16.077581937171757,1.1268545345698515,13.809097510594315,19.219737212602983,7,4.585075427411798
1,41.31725150876059,0.40797014446639607,18.702545175382248,17.130164778754498,14,10.035822389672813
1,57.36634068777294,0.20966563082799256,11.2240208297335,18.61842068211319,18,8.99051718534274
3,22.84841702001748,0.9437139177141022,13.63394135258588,11.587640116486643,22,4.799055239615214
1,36.224227083776796,0.9119401906283198,8.554847590456395,28.767175314538754,18,9.557132545529722
2,19.11398963177122,0.09468516067710586,10.574291517899685,10.849348735426933,21,4.345523199610824
4,43.15568605176087,1.4376503260573104,5.899258253351208,20.680858847996838,6,12.396351066808323
2,39.77392562683015,1.1730725317588533,11.220841514867057,16.109360523249727,12,7.090321319037959
4,33.331448589577455,0.25141024261045275,10.77876338592574,17.57809892318898,18,5.9528895959473545
1,38.46196596631835,0.7605750512461599,13.196799064355584,28.88261329869334,19,7.256470681533145
2,55.345859631105455,1.5289435373781706,9.505612478669443,23.00533495015696,22,10.623890615746413
1,23.833243603998017,0.9045873027894231,12.333381403900368,17.173019204091496,21,12.956773707282483
4,16.015403026740625,0.604002645913284,10.666479777569338,19.052414337517448,20,3.6295617669312237
3,53.77491981145954,0.4669287796719056,10.674002446801943,18.17259389778957,22,9.90223708696627
3,40.97026870745579,1.131142757565125,12.32144930385212,21.782271639605597,7,8.586503419791484
2,55.07963049578291,3.3583979326365263,12.16209176926804,22.864458423938462,17,13.894965521121337
1,41.862535053592765,1.3367568571818922,15.044696156206554,31.4778738661428,8,8.821273401364477
1,51.45724904818661,0.09322425650515258,11.51742786348066,12.418496170011466,14,9.654642954045949
2,34.33530135098166,0.7409464968281714,10.600458603507988,21.82593842621024,11,8.542444331804194
3,48.743696907972094,2.657754269545881,11.276770219651095,20.42216153732739,11,9.650996132449436
4,56.08686601004352,0.11907180839214222,9.14134353263603,26.73274263858391,12,15.127646489924256
2,40.745533367499284,5.398349358410589,10.560355625733314,23.774090590891966,13,14.176069090123226
4,23.13533177530708,3.5727494790119367,20.124634852292925,24.95181104057473,8,8.850462274353163
3,27.09589267635892,0.0978093614277551,8.349284957216533,23.72543093007541,20,6.749610683283358
1,23.939005960383263,3.251100873827862,10.885374664482763,17.3400443735823,11,9.065434641178232
3,26.10856624180798,0.5414325516597693,10.450045346921238,28.056327482465065,16,8.146959641976157
2,28.788695220796637,2.234946694495875,11.011313551022402,25.992524523078345,8,6.523552026109207
1,39.98102040389348,0.6503324449493949,10.67504276448642,26.577648958623715,21,8.950203245548495
2,41.45962332587247,0.6976159791054029,13.116960404883999,28.320250852535825,11,6.844854276316024
2,34.192488625883755,1.206943619096116,5.159299594432823,24.088375503259797,16,6.340072640428659
3,42.69393509193759,1.7872019865651512,16.148685890128018,29.404962020587465,13,11.171274025011845
2,18.670871652511465,0.04124783801663271,14.530331198568788,23.888197858933204,15,6.186954469880808
3,18.9504706676172,1.0791905380848956,7.028513655747461,20.904707059876955,15,5.501039856116291
1,22.73232571609463,0.2480349633697313,2.9236909081903946,21.966980447583175,8,5.351322569264195
3,38.313487411815515,0.5094848888307627,8.091711415434396,21.88078115931942,19,8.92329498628735
1,24.629760541424112,0.5131951921993061,11.02933415429151,19.403043389547285,14,8.835746768437364
3,27.74779815716598,0.7597282791182852,22.3211675947631,30.159444241851105,18,8.059606094519724
4,33.01407762778473,0.48800454246919905,14.173027859897093,23.48147682751834,14,5.586446335206039
4,51.53397558046709,0.13628780142620864,4.76964140327417,22.473692379164532,17,11.49182075935501
2,15.623796116078704,0.1888673367078322,9.241377980396225,23.941371274632168,19,3.330682651274284
3,44.222046910648004,0.04081178215391011,11.787150254908067,36.899272583685736,10,6.953202514253039
3,45.09944389683084,0.7624180262711732,13.014734217192387,16.341379057001703,11,9.281883160480353
1,50.939510116048645,3.7066728595164253,6.741004558758308,17.774807441418623,18,12.332162524287597
2,56.973882257714095,0.14751706770474043,11.460039088091754,15.097144912765017,18,9.949940490867586
3,15.906203202718043,3.508417542719605,9.129443449557836,20.83700380782257,11,9.121995811994928
2,21.92026674809473,1.5862338309746649,7.584965749590734,23.2275922166368,19,5.192556061749474
4,54.87770823251969,1.2176730029307308,13.038382586795816,19.673387408294612,16,9.232441901179474
3,35.63333529841569,1.243704246132988,15.09550869377129,19.30136600924115,18,7.150169485574172
3,40.406578752005856,2.1034687627775854,15.364165107846478,22.71202433314066,17,7.87251809589155
2,44.83622416754163,0.1356947575142588,14.297545404535505,19.489460875851513,21,8.402722238588867
3,45.55799720230368,0.8432415882099615,10.010521867438948,23.55087913591419,11,8.45872175211452
2,56.92831814924287,1.4331879660686266,14.858199045854024,27.571171733713022,14,13.04919971081946
3,59.862723783525134,1.0606476273716607,13.23621775241715,25.38515234900403,22,13.022800619567759
1,47.40708574189231,2.1461272954312873,12.535767531808053,26.40506673582601,21,9.968544532775143
2,27.924954414231784,0.0900196547402214,9.553227513192807,27.429592057533597,17,4.748689729295156
3,54.588858103245464,1.4081363521305685,10.012495490633887,23.414140800593515,14,10.412688596599638
4,17.214941154334273,0.9163549846685536,12.295547744498217,21.206794869784495,8,5.365961823382781
3,25.398638379352327,0.5720199249968692,21.759497867942006,18.138734645584023,15,6.717211781069126
4,55.38235728586717,0.4991186046343835,13.20496992036556,20.044109181821394,16,11.672669751635983
4,26.52861814977097,1.1637330830380148,9.555245990998856,19.381572336615527,7,5.712907291558002
1,24.92929768297868,2.6596379558364283,8.67044222012223,25.65836163310456,13,11.248812684285777
2,21.215638191311125,0.8226337578848756,10.032933549375189,23.73391277297098,16,5.274801938009151
3,53.660029094111245,2.0896663624978915,20.70917379019626,25.483789313571506,12,15.18977903160485
1,37.5026216635989,0.6173112807971892,10.402973416216152,16.19831571949924,19,8.032908327583757
3,45.37019413743697,0.12962949039636026,15.62748213844114,29.158747421205394,12,8.715050682003882
4,25.757987283376337,0.07617424241232953,10.496287018114575,19.865098142466188,6,6.216863895942771
2,49.111818945504744,0.06323865978974604,13.044738165118515,16.49991678962669,17,10.75458413789597
3,49.20024952329443,0.5739335936608789,15.166981096034888,19.803911175890935,6,9.957780911058101
3,29.066911120873506,0.49360674198464766,9.712388600760304,34.41882996293754,8,7.946393370861651
4,33.48071848546273,1.5187498949867873,9.435553383388921,20.061415667542164,7,6.65969863558168
3,24.436062484359038,1.6295818665722743,18.63547877782132,20.374517642645372,8,6.70984000427792
3,58.945246049530695,0.06263113585843424,15.938371579583187,21.03947659685162,9,9.695413003879777
4,44.052115967628524,0.29988297340574344,15.162689274762913,21.256898082842724,19,10.098509834056784
1,57.0544746321982,0.38467920523951965,15.149105172491655,18.092619670993727,10,9.090776856019913
4,28.65234946331099,0.9518580302864634,13.838301953244262,22.716065416030652,20,8.237268661954428
1,50.18509108486004,0.18730437736886832,20.07110325270026,27.37797454099165,21,10.184393245779674
2,49.46363897481339,0.1725629960899779,12.175633207508627,23.571446577393537,13,7.723288360918426
1,46.124504333994366,3.454369008836076,14.309049468803678,16.44417350550007,13,10.78694671641082
1,58.453753887006016,1.9568116767590855,6.19634828562395,20.278270475331457,12,11.048297971874373
2,32.7099901247842,0.23909990269237205,8.700157253635037,19.242362999491853,11,6.890520265637759
1,20.88227956153908,0.6261987868240555,7.196724000659838,22.264697341174006,12,4.912614772057931
4,45.22689866598273,0.5273637208745703,17.096254334064596,28.652258357811583,6,8.538965640138322
1,47.81894102147428,1.8785286244118877,1.7898393919170008,21.255586019895585,18,12.640525225768444
2,40.87772580564666,0.8565414068818361,10.390759908989109,21.559225655648046,12,7.861411569906798
4,24.30680519100283,0.16415225994829943,0.02517358935750913,30.888224094097147,6,5.049704570470608
2,37.700517375120995,1.6118453553104983,8.67484841807244,26.3810299583583,15,10.694338605489053
2,29.048538145610824,0.6067827905049509,10.036204201072534,24.870406410532674,18,5.029255998925678
3,34.23599376750101,0.3660775287781851,17.539484375176176,31.790658076508876,9,7.178348720186588
3,44.03483591300987,0.5649620914642388,13.586511756885828,24.449056273970065,12,8.088391336786938
2,48.53466342108756,0.8264044125341418,8.667433906684135,12.067364290112389,11,9.310989340030302
2,25.45011109056044,0.5042965200371844,16.263854878927305,26.163328789401803,11,4.824479150671075
2,33.239641229112905,0.33233710860086413,12.07132901811903,14.03995771440675,16,5.46845703647525
3,27.112270694623312,0.6099985397769476,12.15026743482901,24.26002684291224,14,5.631973041915917
3,23.93842262378411,0.02323091356347576,7.189313968912032,13.4312821293538,12,3.6765216889566137
1,50.25242489981273,1.776714687512928,8.039945144387442,19.665722948000404,14,9.547935617526521
1,55.91637124966466,0.22496238321074857,8.699610800217902,20.181077351950645,11,9.016656746870725
2,31.660448355805954,0.05387711324531163,12.18584509261676,18.149404463841233,19,6.136452679188582
4,48.80755159681951,1.2725352637470608,12.3115429079227,20.255740014044,6,8.36160553500773
4,55.364788021398496,1.7843252445764657,18.176370654096182,27.162808601802762,21,12.937468429177095
3,53.07558947386042,2.017308455540239,13.540220671751337,18.430235439202235,14,13.445345496770816
3,23.226602484265165,0.8162989021124107,1.169737225311568,24.725704397552704,20,6.590431231443089
3,58.03313466810126,0.2758516763996425,13.050567951486762,17.1717518019635,15,12.334007913648406
2,31.950439819325812,1.6037607776376548,6.199934575329869,21.052502118039353,21,8.137386945677747
4,30.265829752822633,1.4436202222902466,8.136116301553855,23.61919633163725,8,7.1107523885006625
1,17.809409727500114,0.33926644710040005,8.75132211309468,17.0173579169072,18,3.4372401826658927
2,36.87781443471974,2.8047081953059965,9.346646705950793,15.441397835446551,19,8.431409201521625
1,19.90561270384179,0.13227543086378502,6.499402431838788,24.459390752894443,12,3.856257381724567
1,26.18429194173417,4.867643059228418,12.81392801380915,27.615401996703195,7,7.899276630470641
2,29.26241797952766,2.3614614038678376,6.356790859636163,21.60467490256314,19,11.164267904636628
1,51.39718455712578,1.39731274763116,13.426670428999387,19.713435467216478,22,13.438661301750741
4,54.39698926781534,3.351347526667482,20.94788430824652,22.778376938441934,18,12.8530719635746
1,28.610984285766136,1.5375049232451468,6.682563764263745,22.277399593826903,7,7.148639626357541
4,53.641415456005824,0.253542461276585,10.86195878264311,23.214512703556256,10,9.5099218030934
4,53.575392181640595,0.7004114077961926,1.9061705499501205,9.358774498431428,9,10.89695863949356
4,49.40929276731931,0.0890257865013208,10.796258828119468,16.654478544170182,8,9.330341512834238
3,21.60128013068317,0.5924818519779002,14.570868610525935,17.77384947281573,19,3.9796907181464136
1,46.064528110532805,1.6239098321177792,14.882556925429068,22.754338142557813,16,10.366883192247062
2,57.526082906125595,0.5861792178875248,12.309454921136387,22.92938941811133,13,10.975298178163674
2,45.714321544522065,0.481100077054236,15.557053699035903,25.18090244342018,14,8.924403331611778
1,29.922758209852528,1.085696310020267,22.18421814377117,23.287908746052185,21,8.541924485529755
3,37.526069284387404,2.4687890110112005,18.8492187497504,15.496324648063322,8,14.95738450823711
3,44.05762695079741,0.05850302046181403,9.909916282361452,29.2350230879253,15,10.442227837858303
4,37.975668392782666,0.584277886030063,6.195584054133046,28.35959151711183,6,7.923135644862598
1,20.39788237789364,0.2067134667203666,10.375394333704786,15.709013549865372,14,3.2378496310346545
1,29.04288200934093,1.4263267862666762,8.212068937530606,23.663526471870913,21,6.629195449323714
2,51.10782137491346,0.13408974397115966,13.80539019145853,19.02287807378492,14,10.183656750429757
1,53.763812074298286,1.311661268117439,7.2752258422820075,22.694319946002743,17,9.363427536875438
3,21.17850147220066,0.4045508030146136,11.708710269638631,27.26655139820935,6,4.5440192000007364
1,57.85740385794261,0.2661485811527096,15.352056218145242,32.65052133160479,21,9.422852726869081
2,29.79701780318742,3.3052753686810967,11.597216508731291,25.75638852571305,13,7.939184443516662
4,44.804118242882396,0.022437966677781748,8.214744709008814,23.47467367555068,19,6.792630668296582
2,48.83213156805065,0.6910286330833056,16.69925623034277,20.300894158458515,19,8.658445951966065
2,51.537580558704754,0.02623714003240711,4.484076220984691,22.910674355055882,15,8.964673670390036
4,57.55873660016685,0.7930321894440875,10.688819776490147,28.798859466641566,6,13.837528586099427
2,29.081379661297017,0.8342929598616261,11.83335990647466,21.776456216202075,11,6.378612594214916
2,53.632790454819954,0.4657323421399533,12.063634633598525,17.569436743261747,14,9.624400664503689
1,20.925910654629316,0.17009995359570468,12.721984224312324,13.901550672416867,21,6.373246359287684
1,46.726840785911676,0.5666713891299936,14.441759279237973,24.565239337051253,16,8.085848542444085
4,48.38899782812936,1.3386523658687455,11.858370243818596,23.236440628138695,16,8.52906417523858
1,45.497545854059425,1.8300930029299691,10.527766871425277,18.77045913368852,19,8.75906926622517
1,26.354163126081886,0.9079450646900872,10.369642621361217,27.130070628536487,12,7.81320347107526
2,54.28694161568415,1.069433141802355,9.553936791846581,19.891115678061848,17,11.259090439136443
3,22.598630851667775,0.26869717461585807,15.150173297307461,21.326779540876025,10,3.8417981887013295
1,17.41356561843739,0.4064847196610348,9.413886082093942,21.91667933351028,6,5.137007796000342
3,47.28592457753605,0.21193513909805664,15.387084436032978,20.24523628930956,16,12.741908969641603
1,36.39640718547302,0.34409157625173353,12.075996329039484,23.179325328747854,20,5.8267278850683075
1,53.209410898140426,0.3056954043207931,9.914980772575483,27.757575729665007,15,10.142372180199926
4,32.25287134762165,0.8793857667098376,14.47362886297654,16.287590509407885,20,6.49481779525383
4,22.572536482847077,0.9925321297075733,9.090184301107527,24.442600692370043,18,5.570330634859568
4,52.63989866114414,3.4793598784185766,14.55273616291285,22.860793348032207,20,12.181783127086215
3,39.70093342380322,0.2611465575883739,12.85090448476714,22.76881914772353,7,9.112526448991852
2,23.51381065756597,1.231580238080337,9.614701243632318,26.359222849370454,18,6.140763330448811
1,47.41727993639006,2.0396242813589947,14.114539261338237,22.246487126085793,17,10.542596423921891
1,38.00011373202753,0.9858353808366409,14.186358902754556,24.401146309528514,9,7.2983515115570645
1,42.19408420081439,0.35325115596072404,16.63007842323983,25.579323147855735,17,7.369961715738006
3,35.740425219296185,0.365468761907216,15.864588049637184,19.478173998096967,20,8.208834181960299
4,52.29190427181029,0.048053072810242264,13.96509608290513,23.495917304068993,18,7.883192612510827
2,52.33032220573725,0.4373793751999226,7.489636195164947,20.74606196394684,7,8.996581280707604
3,46.922496982097385,1.6379264884269753,21.794347952696228,21.336591101400522,21,10.878933619306471
4,19.743061982840803,0.058420577870619314,6.385535155712759,20.38969301760834,19,3.9919857832968306
3,52.7484237856831,0.2970699398715692,15.797052697129235,24.355402020484433,7,9.134841513794367
2,45.19558412398094,1.4699599629987359,13.725135267545195,22.408223545091268,22,10.39156453150084
4,46.36608747019348,1.831504214309503,7.3034305100755414,23.972720171583372,21,9.022883648568305
3,31.334227818174224,0.7290646724382402,11.502796244486003,21.912413185521256,9,6.928760588041468
2,54.567580027065304,1.4370893349731073,11.684988455021438,13.979394937648376,16,10.551576707187657
1,47.641722010568586,0.5891338124773868,17.222330863242092,22.156842080498542,18,11.513743545646333
2,20.06657099381375,0.20910013529349683,9.146756398879154,22.317689775784086,11,4.294821742792128
1,33.35001154827732,0.6092954311475847,10.952219974302585,23.2129796857673,22,9.478317310058735
3,54.88711628820638,1.0409087424909957,2.655721579914948,19.03135403157129,6,9.06608599368852
4,17.123851576382055,3.549044084077868,18.93905117249431,16.02265141667244,14,8.446438973982037
4,58.26374788389223,0.08547423799919228,7.718127027919715,25.12303322447139,16,8.827652370640909
3,45.56231557438032,0.8496549643308857,13.3076434569567,20.631967217329155,19,10.017139019353808
4,43.41191899395194,0.47863991230075464,11.594368681112543,22.856220238424978,7,7.430255808495702
4,27.175166541959612,0.8518923458450269,11.60799613286664,20.59269960055852,16,5.71379998261915
1,26.195630493262968,0.029121043810747763,15.239447939483501,21.969690871132027,7,4.981959227337209
3,57.3926198769868,0.4505494726173668,18.68504984121454,19.75357326032096,9,13.821946355575472
2,28.422260440535524,2.0568794190123714,13.005974679767967,17.15958205423086,18,6.124219627737528
1,49.89773835235497,0.9687668326960932,14.620312070522104,24.368658303843286,11,10.458280993955466
3,32.69048091931856,0.718675967786802,13.315566146908164,18.9843995588694,12,13.432364545331524
1,21.26643318531168,0.40344884652287044,16.070125695722506,22.819757404474053,8,3.879039289831978
2,15.482188396291154,0.4246589406814218,10.148334482054691,24.05230110951039,9,9.4186309817393
2,39.49158016568629,0.57966079995772,16.301562217665655,19.065936421984592,8,6.815086736487181
3,58.91004683470197,2.1663295787959687,16.441999462589536,15.980571828135076,6,14.681753545295757
2,31.6111287214142,4.1012753895233915,16.33014803473164,34.130428069265264,18,14.922695079758077
1,31.073655029687018,0.6929043222808337,9.359408530654097,19.36114062027287,19,15.14690082022788
2,30.484122803224892,0.5997695278539724,11.326649463051236,25.117085793005792,21,6.281554673649607
1,38.42447267871863,2.249262664532507,12.95786795512174,31.69731774785062,9,11.597254433258048
1,34.82991975409321,0.6680452097105949,6.516631820683977,25.949538734269467,22,6.0199150977066385
2,54.59615820271565,0.9636031326597537,18.379680832344057,20.49778595586224,15,11.082318239548364
3,37.748435627557065,0.3151061442892305,11.950893865991297,21.664418062324444,12,6.650616584431064
4,37.8491027184856,1.6327638005981358,13.135711550418886,17.836963901305758,18,7.989215467075187
2,21.226721762425047,0.9111144268993704,9.691982241091189,26.408482134788713,18,6.334094886672467
1,59.223279340967366,1.9867953103308034,6.692489762531909,24.831353540293442,19,10.656019139764986
1,26.248780089097338,1.820956658920318,9.583880458100916,19.427870908691283,11,17.994371099535257
2,18.30138303568212,0.29049316253701507,12.876816750534354,16.78912596450778,21,4.993685864763251
3,44.841581203884395,1.508998308993165,14.693715251014774,15.393831311681542,14,12.06873983730917
3,41.79148665705927,1.931651987040581,12.64716616241088,26.932570019021004,21,11.354379889744012
1,33.681554429673554,0.5097743012425,13.386896064967802,22.601865644777803,17,8.364899941682747
1,33.99865052463051,0.2273736467006268,10.651894501274494,23.074922681663757,21,5.361723495444174
3,50.3278764470894,0.003162750950218848,13.984994264981712,17.885256870688213,10,9.004983412772336
4,23.80706880448421,0.7193776291122046,17.93133146554363,14.68248448347797,16,5.821397385178874
2,51.911399352520036,0.5214391215471403,14.819157769755947,26.81306787355816,6,8.443544517048897
1,44.193620125275814,0.9713740760683476,15.238167553011762,22.210195184986155,15,8.31770525373762
1,33.8536398200786,0.24996665608494456,13.176065597226524,26.5361733002881,16,7.348184935641595
3,35.61128774627409,2.3564721121518697,5.9873797216015925,20.07033436742218,20,7.751228129474147
2,26.54912432337431,0.35769143057260533,7.821333877475027,20.815910784815706,8,5.444638741843367
3,48.845144971363865,0.30808632578396894,13.819503202655373,25.56649088310316,20,8.609929253897501
2,38.07936340373705,0.7863607159641309,11.956243792159656,25.661740398252622,16,6.448771590138167
2,29.43845442374296,0.8290222371641754,13.759371545891312,25.98782811342977,14,7.057152558296023
2,41.82225520924276,0.2906161665537811,18.705693671376295,20.52399373448652,7,9.54664762267193
1,59.808050342309535,0.38071552756841454,14.904143996917334,25.07273618825434,17,16.063101991408736
4,34.58680258454493,0.22316940922630607,17.035544822971286,27.545497327383593,21,6.684877974119983
3,56.43111303503788,1.5209776547608254,12.37872555788292,21.47613994159233,21,10.767289554325673
4,30.525757796605475,1.7640757648891194,8.77113729006224,19.432558181129732,6,7.023937842385081
3,17.462971811624364,0.7446089944552826,11.768535363142636,28.71373801658383,21,8.260198006673212
2,24.1908947865793,1.5024813475029486,8.780992745123449,18.727771332243464,11,5.881311421144268
1,33.84128144974579,1.5978737739204443,18.233179827089792,25.147382485572386,19,8.493978563112048
4,24.883571786755606,0.17858363650887205,15.161564306141878,21.707888447400695,16,4.505497997718927
1,15.0102167198215,4.063973441911911,14.082049986513118,12.792171917577198,6,5.505048919980525
3,56.175069198638724,2.0646575573628807,16.943772808912414,27.642970337392903,22,10.89519890203502
1,52.9745735053918,0.27451636916268424,3.9197743419070985,8.21073185226316,7,10.599841933819139
1,48.403150416912624,0.2471972161827173,14.352551805370638,12.079359666211955,19,9.75275749871081
4,22.55165680407129,0.16114472781402864,6.7574168627825095,24.636650397403358,13,4.290446009295471
2,20.41636092944937,0.17872712695542414,11.970977206137356,24.635355993390576,11,4.486568936716326
1,18.04221372625724,1.6547621487803474,10.753169630131142,18.81210071061232,14,4.736015352456503
2,47.581313494781455,0.7610713676957126,14.64694644838779,22.739110451516225,10,10.371520367315732
3,56.79635823095484,1.833065544017083,12.912749155843821,9.342849771109975,10,13.682557558689737
1,34.37411194108667,1.6457100442701416,17.380468694447153,25.534877322352997,19,11.774181049839116
4,20.361330239822166,1.1134674267494276,9.592411356269546,23.248627435267984,17,4.326982942152786
3,38.057676932944794,1.391436614460969,14.836457558533136,21.771785733331022,17,9.196797621794765
3,30.697435835638355,0.022231537247327057,12.648892867595327,22.10420741068886,11,11.216328171669707
4,31.867121595749897,0.4483719665751805,5.45883891971379,24.46627088096516,9,7.241908571908989
1,42.95987808700683,1.218743964298504,8.32553416590787,21.855492382510697,20,8.283542329896953
1,47.342315096799105,0.01126666981301043,11.400487865911327,12.6297224863439,20,9.131268751367227
3,19.97716194929224,0.04023952880642912,16.44916979956691,32.98166117261261,22,5.7957540087081805
1,16.60156038629144,2.291743699564196,13.854892230228458,28.004004097142257,8,5.335462070050625
2,59.74486362085717,1.3825100936773154,7.329996704477143,15.57527669022586,15,10.287347150516894
4,25.472775701199833,0.3700655335133563,11.438735087811361,20.274313847617048,13,5.983129910739465
2,17.42237362088066,1.397559595297358,20.07122579517212,20.819829049219795,14,8.493170687861092
1,23.5443898093164,1.8868981652240677,12.444893339363432,27.394247832544817,8,17.086248603622433
3,16.75310308568089,0.4397141688893224,10.690697699710418,11.203655323401161,6,3.3695167430967197
4,32.631490257772725,0.04404331015524344,13.966958563024882,19.504958677851054,16,7.340498639229363
1,51.108080300309595,3.239725722198353,15.05357231832788,13.196817783312481,18,10.33095215855287
1,30.356000239097426,0.5080735719952978,10.175326610079765,20.574522420858308,17,11.961360459238065
3,34.9882533095265,0.13510624099838617,14.010299097485749,19.63749553457548,12,5.3816111128888275
3,45.40140481053474,0.8123905462337121,10.684442013316763,22.39847033691356,7,8.348935159709775
2,37.90023315314461,1.7556435642347474,14.877310407317754,18.975628004954082,6,7.248508232084597
4,53.76505587095959,0.30069064129193834,12.678772631885135,18.24488304304738,8,10.24557998059121
4,53.97160537705904,0.3768149127108495,13.927871308211568,25.09828345881574,9,9.226708427866384
3,15.445981297101914,0.33361871140294697,8.963265815329983,24.273363704712903,22,5.2243854589091505
2,50.01208379174396,5.745910051646251,8.714854463708562,24.75699171389121,22,13.4310762549439
4,35.73301201087533,0.26388416784501184,15.781989218637579,21.115499547545788,9,6.893054124666283
3,59.497824358664836,1.028269079672103,11.682414474458025,19.141307088874054,22,10.604294872149113
1,36.745443414394586,3.1125623530882947,13.140138968397446,21.405737589896145,7,8.181998470829106
4,59.410317542473386,0.19064937975536717,10.774418291653921,24.505810350342262,15,9.522452890170108
2,48.95562125425815,4.2425332628873935,15.594907096054577,11.116101495140757,17,12.954164543877928
2,26.187219807598787,3.5358102873787054,9.568760079881368,23.97055965185429,18,8.130074261031451
2,39.227774067913096,2.5909298494849162,11.457595040396468,23.54569093667399,16,8.102243753740838
1,59.64610377653622,0.2898081356855031,15.143971250812527,22.310754530428635,13,10.792266635680901
4,53.58887734883657,1.206326859786543,16.691870796657064,21.253432890641623,10,9.622281381585694
4,19.38151022060495,1.7170052905069337,9.904962835893267,9.169403070337932,7,5.714591757174542
1,46.78673985644983,5.1248337755353175,19.83873592782353,19.80073368449797,17,19.272111390328853
4,30.551081364186587,0.2387615142442053,13.252966774774466,30.947193555386868,7,5.508116605949528
1,15.314201784615666,1.743053821747803,7.828286952765049,22.06450647784153,11,6.262684943914821
1,33.156643606214985,0.4964408189238968,13.476208194359872,20.463550806626408,17,8.107967087267646
1,25.56394897762371,0.23175783996601737,10.46800314206617,22.084530977950564,18,5.057914264612368
2,51.84911717342122,0.656524841412161,13.736273948732707,23.773864343140044,22,10.101907782095449
4,30.179877398059446,1.8948994611559933,11.828575009358648,25.29410122344732,17,7.320393762781492
1,52.238566227921766,0.7502493968956184,12.29709476076058,20.85559918421029,8,9.102356192182313
4,15.02690724756579,0.9253904035943868,8.353626493655415,24.12459801196842,13,5.805238308926148
2,28.851861751175363,6.396862447438528,15.96024492286544,30.3832540138068,21,12.160221747127585
1,25.852434643849286,0.6112106685723772,7.375490531395871,27.031253997163574,9,8.983011444806891
3,25.510531248087496,1.1466640897822793,7.5649404183800195,33.701501079284895,18,6.66924103541101
2,18.068397889445823,0.5454179082339308,13.469441396589946,18.716148208241417,13,4.1309947912586935
3,23.420592168472577,0.5986480968768213,18.41137698871188,30.380947537510075,6,7.519000190273733
4,39.999730644852896,1.4274558518210398,10.58962761174237,18.046631800387026,8,9.072026276348648
4,28.1112482776985,3.3345595047741425,14.803889290815864,23.76783073370232,6,8.801761780104359
2,33.78276520481165,0.9380041642175337,16.29336070745418,25.662382646190498,20,9.997904223538583
4,31.959009615623483,1.7552918717989756,15.258737749176277,19.44611404047764,8,11.102036650716446
3,54.41572162499526,0.11212697517475138,10.755166843305274,22.439821387371378,20,8.649551213628165
1,55.738454955473195,0.28462713495220415,7.635813131223702,26.552305512259206,10,9.342371685445048
1,37.1830637245137,0.836903491316515,3.16980973731458,18.44864550844046,15,8.348374226726094
1,29.857017764202197,0.02425760433069628,10.948638002150426,30.346917297738237,12,6.127328813237314
2,19.806031680106365,0.34979516938676336,16.712349474248697,15.077016876363256,13,5.877426744590382
4,57.903129572194274,0.8742837581438682,7.503336060952264,31.698457213641923,8,10.51973989026093
3,17.710212520513387,0.018089095143264386,14.800839390075062,27.00663067399796,22,3.7345536180127636
4,28.394262490572622,0.3687212070809756,8.19938987979251,21.551372118361108,21,4.804458143807623
4,28.412979052650186,0.8659320859822004,12.424290305547354,19.986658943816344,18,6.909154609267964
4,29.41805787630967,1.0215850244885232,14.831166456620071,19.46485868604488,9,5.616626006074025
1,22.39290794725842,3.1204083643811473,9.362018252646289,21.321021798714927,8,8.078789224810034
3,50.24226439156637,1.2439338604457313,12.681938722787656,21.75752069225587,16,15.358365359251042
3,20.512403788469513,0.6428302969114478,10.339634653098685,28.276131233172908,7,4.183663353378956
4,43.57079966189232,3.197147375507129,14.820594635752707,31.84327050192292,9,9.399995264317116
1,20.573071201761785,1.8438877627193366,12.941268673938549,22.996899603270037,22,4.610015417003778
1,18.174103691683044,0.26778564332078575,12.22603069771707,17.77185756005298,11,3.8926359742178924
3,55.92432766586444,0.1682769213693266,18.233399840567913,19.27136979681903,15,9.976443074102198
1,23.555794484341753,1.3517166731473769,14.649224569473208,21.084546076943578,16,5.968736798350454
1,51.956256955186696,0.9848580654454043,9.238592535494844,16.849389473516123,10,10.067286090556243
1,39.50838919982111,1.870913681736154,11.656544396808952,16.105292989463106,15,8.282487747621543
2,18.503543382394632,1.6109858590941788,11.696404859681357,32.48563606186514,14,6.83615883577246
4,57.99516861471304,1.177672202948658,12.321278290500848,23.51306762973127,21,14.345103874858562
3,26.113252514635164,5.155650522110046,22.098037106429977,17.834334331598267,15,10.646223759495024
3,53.684040540867294,0.9152275496393372,13.483407570843987,26.08301785178856,15,12.404200506890621
2,22.59645026030539,0.1440354398495014,3.8563897195808963,16.108269375965772,9,3.7859526956492195
4,53.42742969638338,2.1142230737541765,9.82880411313214,16.519939760644732,19,10.224854330128622
3,15.595296580738228,0.3481875366913751,4.270511650016766,17.984787994678776,13,4.266250932393483
1,38.03012054562663,1.8023272208091183,10.68080697181664,30.27256640432517,6,7.878622957979956
3,49.624916073970056,3.7788586495874057,4.050759081094286,20.73559967110813,21,10.552035646430145
1,57.06579828717525,1.432017395629506,8.513638115726287,9.791465065487566,22,10.40423592625304
2,55.91409612929192,1.0876980715490525,5.9171138814635205,28.050329665877967,15,13.962298645199775
1,51.88311912964402,0.7402818424769632,13.53664071186991,20.468093179188212,11,8.757554770992824
3,54.968610734758684,0.5438416401286941,12.002157450515515,12.752959970607971,12,11.566101795951651
3,23.964885862668442,0.5224995931041231,13.211849229994925,20.416582560182952,7,6.575030734366949
3,27.788293307027793,1.2139510232290542,11.581794445725894,24.605019483024517,14,5.364006829718789
2,28.003583621447632,1.6696798076099617,6.422808999182329,24.02024583266485,10,6.335574421049068
2,31.967426895076446,1.3617729959736953,14.05408547701894,30.992074895824096,13,6.304385715358944
4,32.69943016733349,0.2653897800243699,19.688898241077812,17.736160687150345,10,6.570740532306486
3,39.504989609460395,0.8174319291969775,13.636850314426187,22.233600601324863,20,6.959693523276885
1,22.194589351489864,1.882185927047478,10.296301602729736,18.50215360710789,13,5.285172996665997
2,46.10609987036952,0.7748388213410279,6.28773129557822,14.289035529063884,10,7.898782422861456
3,22.540494268702794,0.9230578860610732,8.367732116960138,26.427636861529773,10,4.310554712351123
3,28.96388169470464,1.7695530585469856,13.812158626288236,24.3163478457376,22,7.2546085079220655
2,37.650530877276935,1.2990457108265692,16.2924721071975,23.418392248494264,14,7.853659782203978
4,50.83982526855648,0.6318276653092384,13.043464698887904,24.133950966293224,7,12.908797586415245
2,48.27611549574273,2.7092799080027548,15.199549158823935,18.5726357365579,6,9.883279542812804
2,44.049046038473506,0.2128969205710705,14.830712976108972,16.971524563409034,16,8.624620518703548
1,22.00979672610766,6.488807785466524,14.02613756554367,22.1882368608468,20,13.110132256179298
1,39.617040552701,0.1518363992862963,9.366105618954975,27.80605701205807,6,6.160704001130817
4,18.935092580994844,0.018075418011284563,12.69569404790061,30.040385677267736,12,4.307211869000976
3,31.981342955849286,2.6489361078949005,8.606488784471447,25.977163534037164,20,8.114457856683778
2,33.60824386304816,0.33717114396689096,12.069715811832408,22.14587213384048,11,10.59489760930829
4,16.79151477505892,1.5698657368861977,13.323454124267649,23.34891964699968,15,5.954508372227934
1,27.329464476148733,1.9993075392941029,18.71513522954742,22.057969296626858,17,7.67239348986333
2,58.00422602699202,2.3506786509105186,6.7610721025294716,16.87028330150286,18,13.067444311631826
3,57.91346735233603,5.734605093629978,13.926030523965222,22.123236891052716,20,15.02238360704523
1,30.85471744136427,0.4178355475036427,17.92494636649438,15.325865912057534,22,6.692836692788532
1,16.93950490267458,1.4864565820146647,15.035391063355185,21.379613869484803,18,6.817257442769181
1,23.05927226976817,0.14714346400902736,15.331781771300166,30.180525552981596,7,5.88240367417185
4,32.6498007045093,0.6266871983412281,14.35077960747125,26.114296113916758,16,5.409681903683625
3,57.65008640861534,2.2604262567210456,17.19333795910167,17.38440407881735,10,15.12081151344578
2,21.35395785917332,0.5499899577560823,7.650087327550528,21.637854651788583,9,4.655066583130155
4,49.35821296506955,1.0731280252550741,6.456293336119014,17.82811844122631,7,10.336032628499634
4,19.890714271861142,0.840867227830981,11.974663438138975,21.68743115911395,21,4.667208813813554
4,59.156590982607455,1.2459857489497912,3.3553515857131604,27.205539082622813,12,14.13363487027718
1,32.17274245991108,4.329617446632718,16.922583216712045,25.265039691549518,13,10.970804225326962
3,49.885554250457524,0.06881878736448405,16.882860781981766,34.420720403726676,13,9.834826857287704
4,30.416598726500933,1.0238707227473587,10.266597779661895,27.962387012537857,7,13.2322842017625
2,43.24509947214639,2.385581331289933,10.516917613357961,23.020001905388458,20,9.054018134066432
3,23.640723813301655,0.7879068840525132,11.710610099397314,25.385749870666466,10,4.31139558974164
2,21.570945868363314,0.09813840497174393,12.208082601758479,20.987784129083323,15,4.765536460409968
3,57.21288628056591,0.9866485259106488,12.508695676777142,16.36247876456752,14,10.474608923316543
2,56.29412750569951,0.48429327188340177,14.232928427513212,28.528882891437604,13,10.042889082968202
1,54.93610230957971,0.20201971308813974,11.309494587966087,27.04495738465824,10,10.337751026011532
4,43.144505257496704,2.268844839700005,15.772773213911176,20.794728927030178,18,10.428239492246698
2,51.37206950473252,0.8847684700213033,13.783791108501212,23.36967868465669,19,9.409655570730608
3,18.106662161011872,3.2486361012963694,9.572146216509458,28.204695936924033,13,9.288662446144556
4,30.065506885080563,1.9679786385737605,17.340450671216388,26.2317571310301,21,8.894340147609595
4,29.116640614072033,1.4169787903879572,6.566972055510052,14.684493743751506,10,9.914023760743902
3,43.604039487867595,0.006045808409956735,11.631336756714093,23.21810010744912,6,11.432678072037412
2,31.018099806178824,0.6699692315780827,15.867669604301872,21.16184237255818,22,5.815183933280063
1,21.682805173965637,0.26400759553136904,9.107707580351422,27.565003495693404,15,5.746010217359435
1,41.84101839360947,2.9002209851228655,13.238222587068606,27.155213693913307,10,9.36034981711252
2,51.64727643010867,0.23024131049514868,14.173358387996192,28.593039140890227,12,11.552301444162339
4,32.1955572506988,0.4043477113740523,8.557904528075044,16.410528306398962,21,7.792713543877435
4,20.952092179431677,0.8728808729069467,11.71008912162386,18.079442329718805,8,4.284277294576795
4,23.850968879077037,0.3667930628947901,11.37398467916316,27.570412180677195,17,9.456034707329671
4,25.686748732622277,0.28266126432830513,9.793048592670829,19.04177092328777,19,6.379872743315218
2,28.495391684754132,1.096849891055698,21.2066994082031,14.392835095428463,6,12.951321179734974
4,43.92577817278391,0.11176202664755605,8.947574586218098,24.662982438070326,12,7.129347096608278
3,42.04254680419736,0.07191372969532422,16.01972117627153,19.263907798670136,9,10.745739143412447
4,46.323593770516766,0.5587269434964413,10.428795932475433,30.948953851542,21,9.601199965825046
1,31.31258930391809,1.5304098573319138,7.653455244458873,23.480922769942318,16,7.528420220531292
4,52.079894334599025,0.9710962080069907,12.411256972620276,22.80129643320833,21,12.02416499491017
2,24.18394475200921,0.6596387311320956,14.596373537550003,20.153780541921215,12,6.159347936021755
1,36.10683363831693,1.0009661711958697,15.682038300262715,29.954176669634858,8,8.636312919318954
2,51.04224246936436,0.5458098389080841,18.249060442620276,23.792772299449105,10,9.652878774677554
2,23.107139147967864,3.3013935657138416,23.7809851597404,19.957502409218968,22,12.13860637205648
1,19.94384011833523,0.06776365441662355,13.002056815022389,18.029581466972765,6,5.147161666286525
2,54.765778545959535,1.342791610630906,9.34763130469845,21.63263472717891,21,13.009894318461377
2,30.431834824163815,2.662804824437405,13.811497307179565,17.111765814225972,20,7.561288798171748
4,45.77415562090644,1.9548630863365477,10.935148198374034,27.14438720839472,18,9.236080314364168
3,16.14068719187723,0.24406945566465985,15.703864519408919,12.95828972987883,12,2.8759045511221264
2,46.052109978425236,0.4210467724445297,6.811342814537113,21.302429858334644,8,10.171914883405043
2,29.22455901961367,1.5149733484950694,21.47333816960175,25.050667725439673,18,8.33955780499337
2,17.508338411434877,0.10564119386769537,15.42419237910205,23.710597100548284,21,3.630672363988343
4,42.44157426966527,2.004693536896422,5.263983928815342,18.413585134921654,6,10.303887892534108
3,25.836171723292797,1.522883407774831,9.163884390740112,25.301293533532746,6,5.676761904707304
1,32.4063258923346,1.5694530305796806,15.264324176455755,17.569803058070462,21,10.990050411797286
4,18.62613655289311,0.12675448897582792,16.705376224685818,21.88807671751595,7,4.951603414155379
4,21.62234629927254,1.5179993237942278,6.911049491072147,25.259207859901778,10,11.436316433101947
3,28.408975597312967,1.366639303146476,14.852103401731796,24.314563897465565,10,5.514192436579698
3,19.039177525207073,2.1328776420112128,4.210640509352307,18.62480494290266,13,5.383612594916225
4,55.98718191088418,0.05098299883788084,11.642656538115816,27.987472582821816,14,9.3996839638837
1,15.272116943279029,0.028058288543621326,16.448187368412825,22.43347285742767,19,5.369505898442133
4,36.773709848894015,0.5601840743803209,9.793937079588078,25.71497705469576,18,6.443161886495351
3,20.546135615964815,0.19331327545742702,5.972310803447946,29.645505033366238,9,4.177685258402653
1,28.845559026507686,0.9807787610487146,12.584859185510236,27.587602743873035,20,9.941678049346226
3,56.67268019182195,2.9917525966787966,9.581124533458087,27.60064703165522,12,11.13762467939441
1,22.27625489732941,0.5960700674840858,14.518233464263343,22.96339964924736,18,6.553820553640525
2,58.46245438732497,2.2368120800046323,8.458694271127758,25.96967560455255,7,12.983399842700404
3,24.260746964523975,0.0002890842393510605,8.909452441387598,23.06798287282158,14,3.919028879521993
3,48.37047488100733,0.22144990967906203,3.915990716495026,15.953377661107933,10,9.765383250121287
4,39.60047692037902,0.03707512998940857,12.67977884420593,23.51371896252521,6,7.6566664042548584
3,54.80154274185416,0.4772591772848195,11.356380246893606,23.281804918692327,18,9.280052188522834
3,39.92969649764089,2.865635581366081,7.246461317039716,24.918646807609097,11,9.027400852691644
2,39.05516486203389,0.12237564924047939,12.775194855068367,21.360015123933024,15,9.535605673018779
3,23.795610016577996,1.1189339440807795,16.108281202576556,18.192722216180748,16,5.3223406138420355
2,22.480321292324643,0.7206727148200804,11.137728226324201,25.282530415876135,21,5.386667564016935
2,56.24201180019814,3.3458416387217134,13.072667799287895,15.43363856373876,6,13.399042445672766
2,29.752718948251534,0.15684016648458077,13.093244998340657,29.294095679282346,10,4.866678132829101
2,31.74370147333032,0.2859510396309438,7.182680691284158,20.842909693975038,11,10.377246353085603
1,49.192064629277475,0.03598454595244256,20.226343282830385,23.22764086028084,11,9.579425601694059
4,30.24705670902633,0.6828561688530713,10.116600679510864,24.79279076640786,10,5.851244638225392
1,57.84281009875512,0.39059847098576744,14.624464807441083,24.953440224220955,11,11.182822026287909
3,48.20674960494601,2.4473970056750725,15.076861108916198,14.955078500241326,18,9.374824252488608
1,41.884315915803896,1.114463622360269,11.441619491536994,26.12043290272132,6,9.149859905665545
1,54.64028222451386,1.142583611552499,14.42718010023854,23.515769141881368,6,14.064699648195633
3,17.232265875726725,0.9109154191660244,12.983276887265557,18.823693077206954,19,3.8865126449265706
3,26.567821148514394,0.11561530454784943,6.329440971090376,18.25166524527043,13,4.976210170377106
3,35.92663503994095,0.7065849962068436,10.670909194999647,20.329734589715773,14,6.483064214811601
1,25.214034276218445,9.133603342059379,9.549796390583753,15.50629156694754,15,14.504950680832533
1,48.47573342859684,2.163840495623687,10.153019834615492,30.611336954935126,11,9.369335577266007
3,56.36436139741763,2.6870710797685238,6.7839872886534485,29.43075662571672,14,11.45552906111395
4,34.06965539689155,2.0794622767853634,16.50573486698412,24.258501004879697,20,9.063435698810068
4,30.395967005035274,0.1304950787695319,18.407970618453653,20.883007918289547,9,6.72307290135616
2,58.26978294619048,0.30966754490909737,15.912011903993635,21.014460060313024,7,9.39722668176816
3,35.018359477239336,0.003751840648396629,17.082116896588573,25.79032853086984,11,11.782698783677088
2,37.007178020217744,0.43404242719620306,10.621460651967375,30.789134497509753,22,6.722989333309194
4,30.824244255385743,0.1379643872215869,9.454972660055855,19.148016302016284,12,5.913930569065392
2,55.92968128554622,0.7681952077832209,8.885651812753153,16.41206978688338,20,9.370761389680705
3,40.602996747683285,1.356597282170155,14.576259691828891,29.738203867976356,7,11.18588380796724
3,49.29785642317401,2.490590055406619,12.908252212576599,13.064307062077743,17,10.076159935346622
3,51.53130232578989,1.6598014967002275,11.691113153606297,16.957345958736767,15,9.097580857545102
1,30.383206886276618,3.348133049881439,17.180594176781373,20.765710537445734,22,8.650937937222011
2,34.516244909417104,0.06648624032359186,13.619765415261373,14.197832660974845,21,13.508433358483433
4,53.18122984828191,0.014705540945071786,8.645369449917661,27.560745314032992,15,8.306571996156409
4,31.34649082541146,1.2993036663234654,9.27636468345722,26.2845263525255,13,5.804815866590944
4,50.72708100533331,0.4098943516525504,14.727973197016581,19.126033863923414,18,9.66330991637372
1,57.34465451584967,0.35083322779631376,16.16693141061839,28.39807059588874,21,10.161812735739534
1,43.04446678806031,0.48216294642964824,14.206720929023877,29.24646214201913,13,10.011650006244627
3,48.373227935335,0.377317693328177,19.587554991488325,21.434146758549684,17,11.56680403154544
4,51.22937904185107,0.8595427612790169,18.540028662925675,19.74665911215996,22,9.844212549912278
1,53.026784200348914,0.6961003376673734,13.764143339403052,33.29801013871239,21,10.174026559050413
3,32.777400203555814,0.8619821256055638,8.645677362073991,25.605809110420775,14,5.672143159220309
4,17.30685566291992,1.3403036226839395,6.760049953072929,23.281623264844267,22,4.826045634734852
2,33.08443220565328,0.587523921343729,10.45047301994114,28.817729733198064,13,7.936583120478531
3,45.319030340284044,0.34731261254132373,15.012853785664628,23.509653175015107,17,8.151706763486086
1,35.265767360135676,0.21811482881473052,19.30658831724775,19.471897070404058,14,7.0073559377027514
1,48.703341788717935,0.5159690355858916,13.669788137643199,22.400798802437766,11,7.845292919864691
3,31.064209326089873,1.6248550551561762,16.674891176924945,27.193271436598675,15,10.305620471450098
3,43.56348634968133,1.6961762528413842,11.01877005524879,12.039072168253933,14,12.330287029182102
1,23.388891218428856,1.3191944463430234,14.4910765009102,20.559846302803894,9,5.404113306427019
2,48.72162464902306,0.31993187076358565,15.29342731790869,28.915286992908026,16,8.010883023509383
4,39.556318596586166,1.0643295433739242,4.081622896589887,19.440657994532412,11,14.475155957632158
2,24.182897484597028,1.01469026639246,10.346244790493959,29.73054280215705,9,6.017903103526709
3,28.136002807401326,0.7945974413112237,15.79880153711148,29.073719096799064,17,6.390747755481245
2,48.68739188618245,0.9581532004599514,13.09787334254626,21.672354422555244,14,10.776184322685923
1,36.71705560476843,0.8122341309667612,7.213939807396268,19.157303475554997,20,6.527282172568427
3,24.72141481768825,1.0001506992168883,2.279510497090575,20.563205629251826,14,6.2432849818630185
4,58.527203566663395,1.508451546914136,10.536877018791975,35.32307246000717,11,14.403345714219238
1,47.18062589175996,0.13933937327487514,11.713657228424484,31.37212223466622,16,7.23524283756934
1,58.07106746429083,1.661758186908752,8.464308200686618,22.62695485903369,12,12.275288153902611
4,34.21972704121545,0.17526089780810494,12.572339748111977,18.959232241897954,19,6.876521893352649
4,36.37951533112742,0.08274173048467565,14.025546988931579,22.585205177906317,21,11.546875884484162
2,55.407984728325864,4.479632678584944,14.682748682904931,23.219134633083822,20,12.493599586585011
3,38.62722031104231,3.775636511987657,2.576324300270711,15.78320631195323,14,12.731046629787453
4,46.82755103575502,0.07480790532098625,6.742859608767519,22.400206346076303,17,7.82316850663714
4,26.34777948729885,0.7027741850745142,10.781509406581058,28.61202162405865,16,5.638145484255108
3,35.10269109161882,0.2473150383160475,14.288692524149853,13.003216593917633,13,5.943040676273436
4,20.55524396146598,0.7971099670120441,13.956936054200142,26.13291982568624,8,7.705169905963008
4,24.269101614463274,2.127599990044065,13.887479791506703,28.873989850273897,8,5.777289286837882
2,15.042453687043398,3.609651885982311,10.466328232124273,19.19721327452816,8,9.06226464916735
1,16.76692732418971,1.2069749927175462,10.689466250760157,30.470878790955283,11,4.696810274293105
1,58.97777204296182,0.5241717118468712,9.086682926313037,18.54831468775827,16,12.870659343339955
1,25.905916281154305,1.1095672791933948,15.072776512423392,24.205413309302017,19,5.409752586867908
1,44.848981927680086,0.44876200735684874,8.318044849041687,20.466136576681848,7,7.371167085046223
4,52.75948644598252,2.887185575697456,15.400145580758279,20.465018214186983,17,11.962903012823162
3,39.77972066564539,2.4519672821014256,12.831412952550584,18.913504651209774,21,9.352935334625668
3,21.891502503778028,0.9803638275707018,11.819822086179386,25.4928774043101,8,4.950016700531108
2,47.765239680127486,0.4712936752004765,9.373158400894134,26.244027288657247,21,9.716106039517577
2,42.01131345448124,0.4167311193135795,6.577832555343495,21.677889002114057,15,6.835038252760831
4,47.90627652063188,0.04078696348856307,9.409388974487818,15.20015893163863,10,9.164298903000454
3,49.63859802856892,2.0302156311802753,10.679972525500455,24.01585083317195,18,9.545857631234808
3,58.89346654581353,0.718240793495288,2.523902753674994,24.110071797053468,17,9.684734874674403
1,40.810347601201954,0.47188744615969225,11.210579378661343,20.916424943067863,6,11.306265104689341
4,30.373850071077083,0.7643705753613804,15.697429472104023,31.336156435904044,16,6.6084187942728985
4,44.18090506051067,2.049374073458256,14.26887162173549,14.180353675496729,20,11.14954629477805
1,18.079831915918177,0.15970870118119554,10.01517649703397,10.91358144873216,21,3.0264232317619912
4,55.38287932447138,2.33941023980842,12.187745193660911,18.345825501511644,12,10.297324281795948
4,20.372145510218857,2.73357441635741,9.775341722312001,25.552122670457248,15,6.608489849296151
2,29.752927704861822,3.5183609502422697,12.595042933342784,16.720776812830795,21,8.035910646684442
3,51.70854212817544,0.6079772210723029,18.160431294976128,17.09514540736962,22,9.200631230190211
4,41.87905702488203,0.29376229748613275,15.873995210499505,26.755106680890773,12,7.184020738151749
2,32.7135984124849,0.5613975600108957,14.083177222771011,24.312739613988747,16,5.849943286466763
3,36.304604671875964,0.48580014239040537,10.028460350465126,23.885304548142,22,6.515108400028174
1,53.454632694098116,0.23252586424508045,14.999753571779355,25.90714459732764,10,12.404085027555784
2,30.300197372695145,1.1215493367703169,5.252492194507788,19.874035233635578,6,6.533802199713012
2,54.13423581654771,0.7769465407778203,10.990586072036438,20.105079629709042,8,11.017016754541956
3,18.966049393951117,2.4092238772092354,14.3348456792958,26.048896362807124,21,4.809421320884451
1,49.955929674388386,0.0391636813090003,14.961684856191006,15.275566096094003,20,10.887938603816195
2,53.13964348746313,1.2389443522994352,14.679537960862964,11.286400768007269,9,9.511841526373049
4,23.181794377680244,1.7273753503494926,13.179322756838777,19.833579131860727,17,5.598514182468229
4,34.365593956749024,1.7099752147497012,11.217100083664468,26.654366445328456,6,6.615444244767581
4,22.447489859864504,2.6066470504114796,14.151903879305955,23.277798494934018,22,6.506665877598555
1,46.7971858047398,1.5669131737688282,8.188555837654798,26.286457520615077,20,12.102003873443417
2,39.09064956277455,3.1541455209551024,8.621290946827001,11.918528447884174,15,9.33890657688134
4,43.58955060187445,0.48534062724645805,12.246938705841186,23.57748404161746,16,11.71184003028591
1,23.841913513029503,0.8395040440276894,12.69279057083499,25.26932252321189,7,8.289444790421088
4,24.52856379235888,0.017015666457719746,4.697539285741414,15.246012886946577,11,3.8208244865079584
3,16.867379647945786,0.008378285004749079,13.820585523798075,26.310287952732725,21,3.2652791672090475
2,29.493039083807837,0.32952415852718503,15.090913511677574,21.442405517471034,12,9.540035526730684
2,40.18850976001537,0.12750936457266906,11.690859050134819,37.35668350803001,17,6.190808476378657
1,53.6070711298798,0.3616689191162671,21.497865133135967,11.113819655516322,15,13.182985749757538
1,45.011735135640635,0.23382202252094017,9.268259574739256,28.845571838373754,12,11.676865613845077
2,34.59283455298882,0.03472154719915173,10.555651346452521,20.02920951736963,9,8.160331961039066
4,57.8904051477362,2.880292366222186,10.419732375491163,13.914241427799782,22,13.711500211592917
4,47.366034025912434,0.009908553400289765,11.69524955483593,19.365224282175042,22,10.820388210261719
3,56.85743412881475,1.598540852455062,10.685100748134836,23.38739620668733,9,11.999416656521259
4,38.741458797247454,0.19805886402127434,6.372757821580513,27.187333347825216,10,7.069825373538826
1,26.65069236569128,2.9196374588065273,9.813806815054098,30.609821440660877,6,6.46293611467328
1,17.37720088641249,2.6796253849232743,11.609517216903695,29.109465443521714,16,7.85231135059416
4,47.67381831677327,1.273237008713967,16.91428832824799,17.173089896477528,6,13.457052538003934
1,20.458634910249035,1.3385469562425358,20.80897309349165,27.650823461330585,13,7.315510363843353
2,28.624880772238523,0.006424135350606386,17.34189559140262,23.95642478560437,9,6.522196773051897
2,38.96119085477538,5.029415120426488,8.898483881309573,18.72698489535506,20,10.900348707818049
4,40.398746450088645,2.5228356874594033,9.216761557495339,20.940447032612596,22,11.966260681919417
2,42.02624386442112,2.7057685374380402,11.362685689962596,18.45078670277638,8,8.498379342289981
2,22.481489865736528,1.291908211681885,19.138235555414344,22.18546170968228,12,7.606472934603359
3,32.088183216974194,0.5073537557775785,11.338303791272427,18.3517105885294,22,9.978325670794245
3,42.773740220263505,2.689208441915178,6.689970037850277,16.860029633912806,13,8.785322390962428
2,58.641848908520316,0.41355493569763535,9.99529145218786,24.39559563891386,16,15.523530072175333
4,47.74340119648599,0.992594661313169,15.028224007277668,25.143652741298187,8,14.828077592903515
3,56.5171690692281,0.12607396884898286,14.759761107584348,21.06201499954194,12,13.890934113055172
1,49.29954262413797,3.0605733234855594,11.199133334033375,28.83825651967986,20,11.085214617620496
1,41.62726360015802,0.18206300688628863,14.733658694240123,20.697847067524435,15,7.355415223146399
1,23.641051611135502,0.3057109255160815,2.9073111898126722,20.486127274372308,17,6.238722003103747
4,45.00085433516308,0.9800987617853827,12.41531694013079,25.302444911728486,17,8.301683526459232
2,43.05208046819582,1.7331811443852905,15.44274168547452,21.337872075283315,20,8.118763082317548
1,42.111112670576986,1.1590540704501453,8.668546899381859,22.423988645130716,10,11.877727803323594
4,37.04036405947083,0.3169679119957454,8.654645854014849,9.397807646904674,18,7.824556232089855
3,38.7895471795174,0.001132184966221151,4.534207388946099,22.083536923689874,14,6.28359163276916
2,30.049913720314684,1.698376439717688,18.359582379242777,12.8640203126437,15,6.911223138501039
3,38.369071168903645,5.056347857705827,9.119384091913734,15.895247145005648,13,12.371643374048519
4,23.890015755531522,1.9923288597443531,12.964173111448448,15.323387306222475,14,9.009290547103408
1,51.232847881216955,0.7398826066318317,14.415668165933498,16.78708423233087,11,9.317398924622307
1,23.359962961441852,2.809182793330727,18.048271796565814,19.255730701838736,15,6.834539021832232
4,18.823483045025988,0.6328495131000623,11.384408904057459,19.567536922272573,20,5.421583152133613
1,34.63107118607208,0.8931620574736933,9.842280824886325,25.321376021285626,18,6.613785265557697
2,44.623834777772785,0.7781063603037974,12.692270594282213,23.111939070673486,16,7.626905640047814
4,34.69725712200936,0.7122312895766248,17.13632110616915,12.494627855910071,7,7.843588955561037
3,27.453935937808886,1.7910037199349194,11.319309874396865,22.416473187734038,13,6.865850152268396
4,40.11770327506983,0.8978057299921799,8.180523673663695,23.591276232917135,8,8.190426864742967
2,30.615105093548998,0.45701560242475053,5.836968766738551,20.35716741873521,8,8.431651911218236
2,56.97904605569849,0.35834306699716334,7.114810461579099,21.695570115466488,12,10.15894533247786
4,56.519031282160746,0.04617383823796146,15.457565989626659,22.951550626985284,14,13.268074669097302
4,37.6067318987443,1.050164617012974,10.717502094772755,25.8229979881779,6,10.169066185878707
1,29.75477973082163,0.31357758662529395,9.569916360317158,14.125600062686328,9,6.820110318692372
2,48.17095862804876,0.19239113996758755,9.13613110726423,20.778414806801756,9,7.496620529717436
4,16.652082456738,1.2729902287374153,12.340183440800727,29.541680490288645,22,7.520341862417863
4,36.36460527196431,1.3718644464942478,11.042179624937665,29.083306541489783,7,11.272018250959361
2,30.13455274216501,1.6739415521934893,10.90747142512299,26.2546846388789,20,6.799494247691691
4,56.42411482961496,0.8403920211677391,17.397295711242958,24.68412341977838,18,11.348855907956743
1,15.540136227270715,2.6937977532419115,18.152065127446534,30.273173742010442,14,6.091523516565909
2,39.87666940732571,3.305090531622141,5.559913308364014,31.58924000803333,12,8.655224223377958
1,48.32986114799817,1.9763866887169694,13.310370924571831,21.354600059765737,17,10.13633126898393
1,36.82580943858186,1.2113822722096068,8.89255160551443,17.1528377835584,17,6.770028286428447
1,18.843136357322475,0.434405724299856,11.006995544555625,20.648538411877524,19,3.5790224435602433
1,58.7607625512556,4.885568720898392,13.237113540506778,37.483477568860266,20,14.033158055319578
2,38.3104694119244,0.3844714078370178,11.149120332276322,14.15321828637403,6,10.089536478789807
1,42.638380994355515,0.27176427728459973,12.921839522510533,19.647304302352914,14,10.337094783184583
1,25.64744022183783,0.7004070531958587,14.69188082412767,14.936544237536843,21,11.116169733433846
4,36.75741382980617,0.07022393350334842,13.17830720216128,22.623819314386928,14,6.887980893405708
2,34.31172713812448,4.607333903830691,9.412654783329506,15.986544855525661,21,10.43859006282405
2,18.370312890089266,1.0653417661327322,9.483201572118706,21.45624488583191,7,7.061070233879922
3,19.777215909636027,0.9768928434680155,6.241178813527858,12.249524199906205,15,6.153866190129735
2,52.68626338284486,1.279825904762162,8.584318809917127,25.08810332542325,18,9.330597168065053
2,25.79189784929656,0.8246545481533653,19.848273447594114,28.111726282339873,7,6.998566673551665
3,23.773122217438374,0.03910657282997127,8.831985703619022,20.080281889682706,18,8.891896536567167
2,37.72101530625626,1.1370630626305842,7.226484750224721,21.32434996462149,8,6.8837486980652915
2,49.59362091131308,1.5112721653469077,13.279711447379093,21.182963846343437,20,9.117876766574621
2,17.787593336054456,0.6469653089916534,11.558540962832561,22.904553376125126,8,4.209563845912283
2,40.95635638372151,1.6990931063552948,11.217627052603099,21.809152065167858,15,13.125358196265752
3,20.3644699278258,0.3089734935595768,17.63618386564836,25.84058476215347,11,4.334370627058675
2,16.64074728715283,0.30011922635379873,14.19650670223346,28.16519566725473,19,4.971445224095522
2,17.37347784729978,0.21125004198029035,9.880028273186099,17.929643887539086,14,3.0584311724112707
3,52.53738486937986,0.5582481219167731,10.30209632963288,20.453357536128514,13,9.813987377706294
4,20.308761763262773,2.2528752280290245,9.98965394437726,26.508097244623723,11,6.386786312932527
1,17.03181139855314,2.1116995994948424,15.498958486321028,14.891654759704839,20,4.480941476381603
4,34.705494921431054,0.579121657796932,10.76740948218745,12.146393590772151,19,11.83247723557334
3,52.97970623739111,1.0673412018638875,4.827385990183398,23.131579764492393,20,12.087052327908456
1,26.808376942018587,1.5310624198776133,11.806721285062622,24.48173205535246,11,5.967627897358847
3,33.97706778866623,0.33123116285081344,5.851895995488284,18.38849906023204,17,5.641504901996114
3,16.796513965368806,0.22091091231961948,20.736922407019605,19.106744729397725,15,5.265437177092009
2,35.20853313606941,4.294781985604954,8.137328344611076,18.199038391295506,13,13.210962600660167
1,40.992588628671015,1.153411770478762,11.352540938569078,17.665373803277827,10,7.356320567828198
2,40.690817418846514,4.78252717868513,13.032810938804548,25.467479103023,15,10.78911005506182
1,29.959201147846432,0.49454542975571014,10.84536735728308,16.097507565011806,16,6.253157357019281
3,29.1989931298411,1.4569558557546507,10.83987839413523,20.672385692833256,19,5.612287973372847
3,19.798062852146906,0.3021659260800741,13.687309144643509,17.47331916242574,19,3.8354838119180537
4,31.50592442908208,0.3632739149810984,18.104863835185114,14.723555120493923,7,7.758836161574074
1,19.47726009928341,0.8606871864862731,15.07003632726919,26.350890873733853,22,4.414169281583524
2,49.49681751204232,0.4621212699646904,17.91405551429417,19.400873889132306,20,12.756978032557972
4,58.48234339866836,0.2201617085054559,7.813523567625992,22.942200402103783,8,14.470288787222849
4,58.65335055000181,0.3660066361627377,13.269450533021445,14.459620600994949,8,10.255962720325343
4,53.928199471892725,0.04368362020218553,12.620984208233118,18.290302731217622,8,9.642838286767562
2,42.035646720282855,1.462593604052102,13.404365166706938,25.78043940347503,8,9.468300234909714
4,46.53895637597459,0.8130041972492884,17.50492788254229,34.93635727922655,11,10.567200276659552
2,27.834261120618635,0.11878115297853864,11.116843400831783,12.118919678048442,19,4.400858734787898
4,43.38466890776793,0.22604714322723962,10.377986533783648,20.99446102355287,8,6.798885848132672
2,35.504229724794484,0.1298167703243263,14.135923189674656,24.0614029907175,6,9.443174166242688
3,36.690780289961964,1.1379347569233134,4.88718908973661,18.91949923380358,15,6.910559509390016
3,49.099945216882105,0.11873782718046896,11.052591803511287,26.24760993497062,18,9.214629371740175
3,27.686326001876324,1.68428651690573,11.463209242858188,17.666336646698433,14,7.460287062696125
3,29.311782526253396,0.0248690274132277,8.318565534772299,22.769238301083206,7,4.776026952681528
3,56.60888060078865,0.34422016312176906,16.228236045426307,19.389640477508202,15,12.00276142311336
4,17.53009326829375,2.6560248523719676,7.751038730626863,28.097155414773862,17,8.77335332766151
4,36.85354342860032,1.521280910426807,11.456507806544815,18.61817748482197,8,7.41705844556667
4,56.076036018353776,0.09092106382324303,13.172628901291873,20.24063101856742,6,12.688992452030675
2,42.466335351817065,2.065289058893685,17.413806245904475,26.728445187485775,20,8.915342628133136
2,39.58831833954594,0.8151762612543582,11.957774260476587,16.859806704535682,18,9.813909235899402
2,26.238488065320986,2.2510802869164586,15.744614376512843,22.34375028381786,12,8.003941903512393
2,30.44739700790017,1.1017702563824066,14.80238158910851,12.887328281566992,7,7.198395305215398
3,53.34217871121118,1.374214772994539,12.49383022467657,16.560332706854627,16,9.623772974822991
3,40.16481592958061,6.043431830133534,7.641946366906178,23.910656379454018,21,11.75780599024143
3,38.163398719055095,0.3172830600745639,6.2616765563826045,17.046512452318836,19,10.801003032215515
1,19.481087109301303,1.1736256777106266,12.426021605676747,19.277135340881042,20,5.114813009856581
4,15.72126704048054,0.7401377800545913,9.829212504389545,24.465432010239688,12,4.754977732597703
2,58.36583349091721,0.04830153004729027,15.677044366725166,19.10406929426535,14,14.489739721977731
2,31.964377527907875,0.017491634849162014,14.98342607239431,26.11421036608179,9,6.06519901877007
3,42.144587794477694,0.15234856727678794,11.261556022251801,23.078313937430323,11,7.4264930735604135
2,18.587178293427826,1.25667655048177,7.369148304234923,24.178415559622515,15,8.267052222438735
2,45.740142857537094,1.0048731220559877,14.042942198429094,28.20482799369266,8,12.500641452093223
4,56.96550189176824,0.9673897600272224,7.9282022154593985,23.599115313070328,6,10.194625653998797
3,40.90493638488388,0.03885027606918231,8.96614430827654,29.694236452346722,11,7.959746312649064
4,20.675189506893474,0.7602768422599485,8.082337047139383,26.556311415189118,10,10.342905744578362
1,41.17746873630645,3.1023008084091543,11.445995912240186,19.382737850827716,20,8.772598088515434
1,49.48562458970936,0.6081841265127094,16.680769336282246,28.465740375106357,16,8.494854195946152
1,33.28874414583084,1.1767470325802478,11.979836519105886,23.319330104514727,18,7.388450229157135
3,54.59269865736605,1.8159646444614115,10.227125230289218,20.026601456697485,11,10.330153548848385
2,44.190732901081404,1.8385572014631064,5.897540279819023,23.391928476604413,10,9.843285264285168
3,55.46620132301411,0.8789645644274339,14.208498338919371,27.561634121951315,7,11.599952061146269
3,43.05773900613018,2.341907839163906,8.87838157628549,24.275225471211108,22,8.475338825959273
2,20.90795874021709,0.5958696564442243,12.470070476632387,31.11196416275699,17,7.893268967082253
4,28.93612699973351,2.6345580711115417,10.583125536333437,27.43265278949411,17,7.096445061896861
1,24.080772671360563,0.32968295224109323,15.35270887839775,24.61580016701081,19,4.942097974954189
4,55.897192397258806,0.39456561289861225,11.371054431885792,16.869659586294212,12,9.522302796226414
1,49.21800302793672,0.0655002827845148,11.764294581907794,21.101337429949396,19,11.09820039860393
3,45.43792660095028,1.9051050747396132,13.942988589821839,22.358320698754255,12,8.71400439075197
1,28.543484383422978,0.6475954103337083,20.427760729052743,25.483157506088734,14,6.486111856335316
3,23.28201474225961,0.3122618004811335,15.553787721434217,25.186665206360964,19,11.04522887982517
4,49.04029895950103,0.3164310085114275,11.645575574605562,22.84770205109143,22,15.497504842840344
3,36.337107564558586,2.7800201055855873,12.012791962461154,22.601749576885855,22,8.270566510305107
4,25.16052984677831,2.1543182519141304,9.900562158702261,25.602284475380348,18,5.516327369788908
2,42.747989017437376,0.967662063828762,8.200017185921219,17.70706887185007,22,9.262776441014317
2,16.81502334623034,1.1488815729361828,9.788996851734712,30.477579096249283,11,5.532240989244787
2,29.67766143577141,0.7716878559542582,8.911404145152229,11.764165574182645,17,10.70774690245243
3,36.08506475660106,0.5964385177761432,14.613473535183541,29.277047410860146,11,6.598895213496571
2,21.658125034923263,2.9648762243879734,7.715220568524056,21.77407235787419,8,6.040837919818202
1,59.30945149158778,0.1610782445958052,17.332842245520176,27.01289907135797,20,11.641350829506802
4,24.409381406532642,0.6504633671911393,15.008185534475318,23.819202171463065,8,5.842951331645187
4,20.86589085194695,0.5069417089871041,12.082006917470673,23.73017205455401,20,6.065267570380264
1,24.159069324910337,0.8273465326985324,12.001274445860274,24.771272380132604,6,8.61360086378147
3,49.60775099218759,0.7341723718045255,9.770874761541787,26.045271445438892,8,9.669303746933908
3,34.14775466723293,0.8779900455816392,13.080337645391056,20.3558458670638,10,6.149770185253505
4,40.44371728886421,0.18087441797466472,16.352369852834357,27.17399565263118,19,8.440216076453346
2,15.945412064386234,0.8637381067700305,9.187374150976744,16.57764688210608,9,4.0199366337508815
3,16.549408885799156,0.3331494851460853,5.866431644325078,21.973347133369376,14,3.9545752918970662
3,35.06214974221572,0.2444964857054767,14.812873019426975,26.179849621361384,15,11.867055587850754
1,51.74948594407306,0.08043775115915443,13.297463896975202,26.975087898079448,13,9.445897141864505
1,54.835749541840435,1.725876257474083,7.519204794235282,24.303944241307004,18,9.930271254114711
2,18.90179554180381,0.6691693204965442,9.066434516343527,20.033037810221323,7,4.541554451812303
3,39.226339594546026,1.1822664512378553,8.563582903799437,26.483538891843516,12,7.3484211609232055
3,56.09533588256717,1.5605511213577283,9.101870923863004,18.653168804406235,16,9.953908728658288
1,32.45877394790489,1.3647613668765037,10.70526898383525,30.757045368744556,10,8.451841224632268
3,52.33046241427659,0.76298816639492,10.93381078287701,21.576645512501678,13,10.440744598716837
4,21.01630444797463,0.5890286494164596,9.39682537972616,14.301871528970198,15,5.001137912900077
1,57.09275203505094,0.5658487983669025,8.967344722000288,16.02658265991724,7,10.117244021451762
2,48.81404928890862,1.226144164496693,11.084862624322474,22.218218184397937,8,9.080881083976026
1,57.36004767541058,0.8193476575927375,12.670766139438244,22.699126356630266,10,9.443734961034975
3,45.447775509862794,2.269621968492303,10.734813854540622,31.84828342475548,21,9.344128155653301
2,31.353176939974215,2.4924723045736292,16.634668093365207,16.80750331192887,15,10.832550532059349
1,57.21815276361251,0.22440595252255913,14.032350857683145,22.197310996519654,16,11.824198069639106
4,27.400504933913034,0.17574357213678085,5.636616572565217,16.702892964589715,21,11.4245964459101
4,29.947763492777966,1.1944037336716842,14.094911061655413,19.536725733932983,17,7.58230497894627
1,46.53637881007832,0.4301130570143341,14.42217593034233,30.41986015034669,7,8.937805136192335
4,49.43923347864238,0.0224943835001116,10.261060127503235,16.318318884220048,16,8.13596075108639
4,56.82315677321192,2.6340132639070077,6.019209650787378,24.93521212033917,6,10.790633405867245
4,24.216108407529426,0.3088174380975037,12.032267037644544,23.964536795071957,10,5.804235567679896
2,50.90991158486508,3.1788432908513715,11.969165394071023,21.879142868208955,19,11.519056339900759
4,48.23457240286336,1.5166136676259225,7.513415053867221,24.59718311595869,12,11.2950119495727
4,17.870755031411903,1.7258809652922844,6.195123134960258,16.199898090283558,10,5.122891510801145
4,32.42504135445931,0.2699665101808069,11.649785814186242,30.281612539017786,13,13.554039088697008
2,27.724445567704436,0.32019235296266974,11.067691231796712,31.624227475617605,20,5.428527945706133
1,28.702069095931368,0.8839365874566232,10.330938538710425,22.235523488796566,10,5.822604909359404
3,59.23260957996154,0.22663527222815252,11.666357061013754,34.11553065306777,18,13.161874202000352
4,43.924983606596754,0.4373577203474181,7.5888945047187235,20.004860342250396,7,7.94536218591792
1,47.29542710070748,0.46537859971104995,10.260717548535544,24.0021599692814,10,11.560911375740012
4,58.94779367917541,0.20869551421134538,14.13330012245739,29.159445318872567,10,9.06459622300452
2,31.97408021059374,0.27557180386855973,10.600119678594845,19.70497769888545,11,7.375736851495544
1,51.08280758037627,1.8645305117038713,5.312110112829792,15.092254705602809,21,9.303175580968073
2,34.55389334870229,0.2195481407576907,10.109230889105714,13.94141467190573,7,5.679605781667373
4,54.12901523167409,0.034644183616924486,7.719366145972558,32.30413281951329,10,10.555513435304015
4,23.12958935900864,1.1910124715982078,13.068545185846922,19.354876746806113,20,5.106449830293821
2,57.64587796789258,4.47479800467245,13.275349613521701,21.071316182907506,6,12.699262285475037
3,24.844726878489585,0.4827490479131841,5.364901499655876,16.436179608394728,8,7.3471039965829466
2,29.679922814141918,0.15156831253785055,15.036051882328756,26.741696396645942,20,10.430765182293513
4,49.028650534805124,1.0138454794659255,7.551254794885766,18.092200703877076,8,8.69429657343396
2,32.7189813704433,2.841882980904823,18.236729161929404,19.54368486169339,13,8.915467070375595
3,42.3695119544901,1.8393155159199375,11.804894941997533,23.4976020970808,20,10.330918837357949
2,35.00580754812428,1.1690720960483385,7.014426005843351,16.679770363772136,6,9.56409639383991
3,48.406647169040184,0.45410270510487016,7.432055717229274,21.107088652428875,11,21.793981054456726
3,25.274906356587486,0.9367493984231408,13.392381167149379,29.01104794751635,22,5.179313206645896
2,17.630609425659465,0.1148154881477291,10.43480044040649,24.141271987584318,21,4.363093616154512
2,28.49682288628798,1.3633729829835417,11.613384361527437,22.65271146214179,18,5.653006305346927
1,36.34388991907936,1.549600082296563,18.451120930788157,23.074323547319324,6,8.530064316094421
4,22.560902348670535,4.023973365140903,9.2030237430837,20.05432452011718,8,6.695336103074226
3,30.96587803453749,0.3619706499381027,12.239851430782826,31.980761598774627,11,5.408026912896674
1,32.99923582321058,0.022354636619970506,17.679377949492213,17.939214347329663,8,7.184229592885073
2,17.58263296597231,0.9465552473391465,13.082053901865601,23.05463080981965,20,3.7523162964338375
4,41.248826168289206,1.4722415080783322,5.573589058567976,22.575127831714035,20,11.768485729066214
1,54.795454258707935,1.8751079934624169,14.021556046928547,27.043812535665676,16,12.197285495105465
3,21.82843108288736,0.2584172213826084,7.347988568866223,27.5158696939682,11,3.5372542576856794
1,41.90136060306813,0.3641719735598558,17.627230114931862,21.839905977564644,11,11.551005676367195
3,44.91326422098808,0.8623818231705955,8.708529580008088,23.453332465565246,14,14.999526365409588
2,33.870060618867974,0.48164964023960416,23.87803803098266,23.64267376956974,19,9.522994750775132
4,46.54939143139215,2.363727626687486,17.869503953310712,10.639291722146965,16,10.489778498511264
4,33.48291945709554,0.7703978264244844,8.813549721488085,14.055051987611122,11,6.250351728885306
4,37.708677958984566,1.928800018910337,12.080055220006441,18.974681546390148,20,7.382299652782381
2,15.330887004949215,1.0427727332406045,15.014577126533855,19.192006618115656,14,4.491234747451386
3,46.127405136061,1.7798429280006332,15.134641896906832,16.00358789017934,16,8.486259075757433
2,44.7604205525126,0.4853700937741023,13.769345039904788,25.74791285686815,7,8.50406148354809
4,16.728039479685506,2.1363897914832095,17.00863614786444,22.010592105087362,11,5.403080158424229
2,31.57125483278099,0.3851926661651108,11.508124213462523,20.926527263065815,19,6.338018912498919
2,59.05643283562503,0.9478508920815745,10.533129325695867,15.719223627463066,19,10.700635759118818
2,33.93314531558775,0.2889690437200982,10.612544048301558,21.777275678776057,18,6.049162708922608
3,37.58754323093288,0.7744325015581783,15.433492927888508,8.866576220006941,10,7.578453629581569
1,55.946857117187335,0.45957907149901345,13.460724161210585,21.185218445970794,14,10.044728817864687
1,47.276784413959035,0.372246074697162,13.165134662761025,22.31591834403878,16,10.977139230801086
2,41.19315590059006,4.092952585670052,15.180936997028727,23.209574921607494,12,11.69954820062105
1,50.90121066034826,0.2093299342247993,3.79579036858458,14.1794911826036,7,8.937989946007544
1,53.896481990518794,1.8575928454332966,13.240275295500602,23.124083683457375,17,14.283403269105907
2,35.55996322817701,4.9746360483711545,12.874275555494863,16.792843650677288,10,12.132753775418262
2,36.37987642193259,0.024122622688992287,18.67523232520282,17.93765083853833,7,6.73632299071564
4,32.372292104332615,1.4408833139193515,5.885648070945332,25.589656929113325,19,6.342421519342274
1,58.50177630083073,0.3498864431608854,18.22874652950703,32.070568616798724,12,10.194191900965865
3,46.372481443065766,0.04959632881725393,12.301636515698663,22.2567937940134,10,7.763533972566089
2,18.745037979363254,0.6187838673850354,13.95595812264018,17.914522706798838,9,4.45093212047353
4,53.83318304908583,3.284069474061121,18.703675150437505,22.94335223754999,15,13.216686156200037
3,36.62519733763206,0.01420182090785046,14.243045072022293,26.695145787495726,21,9.318299539159796
1,18.093925789011937,1.0637454256097691,13.601473157850243,25.104987829363676,11,3.6013241210848994
4,39.737276482348996,0.8351328543996375,12.969164743209273,35.71556436231873,11,7.746938997081997
2,33.77239255390659,2.479917231764923,10.066087460022493,18.423312154526666,14,8.108445336865
3,54.49872321881812,0.10528894326859971,11.886043501958428,23.26115739959649,6,14.152007367533416
2,24.179757162422433,1.3730574405580904,9.137948935509005,29.744589767091014,21,5.277013811990903
1,52.19090742714823,1.367732579477178,11.821732402298071,29.43079618509266,22,9.183964162738857
3,40.09599110334537,1.327054410739111,2.6562772117796136,12.249610367378096,18,7.382951200284753
1,17.457463644606108,3.423715340084991,13.716158270270194,21.983211899800093,11,6.826124940381437
1,58.73303855964681,2.0785202194607137,11.513050984865497,29.4226038292435,7,11.464330090770007
4,38.067685984644,0.05145483833052563,10.655185053332943,36.45321495199569,13,8.557319290069442
2,28.08945844042121,0.7643081723742297,12.879032335760574,25.518979418754093,9,5.605572154276338
3,36.12330788951661,0.6089038283778877,6.265744308138237,20.16068353151758,14,6.179463233434728
1,53.603600258287,0.4455324816670323,19.717079986485132,16.95398423781305,12,10.790465493401195
1,28.720640597327858,0.7203244420388262,11.588930154049601,33.093716787654245,6,9.1761272674109
3,23.670437841901514,0.5817883204981719,11.416622268111242,25.643707932328795,19,5.056154790645698
1,20.808206111889668,0.6794662620152598,8.13841515946831,17.759665365572914,7,7.251858658171127
4,28.403672927559505,4.650937238912875,12.095785529797045,20.984218168331093,13,8.910234973054765
4,50.102163916801956,0.11137149736006581,17.54783956109312,23.55093258414352,16,9.02963445137666
4,36.22318643378678,3.0648128533165475,16.143664837728135,24.71903326944059,10,11.210517646033628
4,25.2366721662093,0.7852581471161311,15.417751004562223,17.50190671227105,17,5.008540344668229
1,22.478324982438714,1.1729770237961246,14.185595806669086,18.929047909372535,10,4.837620637306493
3,29.97282644296706,2.1276404349031353,10.565829889749562,13.735327188135201,12,6.300228916848289
3,57.2965967798569,0.5364130170171467,6.199347331853192,27.19881144802391,7,9.439749822859758
3,30.436202066551097,0.6754312582285794,11.19584491253346,20.29190766614842,22,6.058029253476334
3,59.46558341795859,0.6321803277824687,11.056514141865291,24.33160824591646,18,10.445809191778498
2,36.83537050944103,0.5634880294595422,16.195177758684963,29.111292542881635,16,7.426270669016171
3,23.06237632305679,3.116819772266614,13.237561769839282,23.09935071186973,10,7.259484573606237
2,55.10130413070792,2.1188181761763962,18.449246111614194,21.43514762025466,18,12.69187052107257
2,35.71599179106721,0.1384930081610359,16.789954160152696,22.96960738441967,18,6.4252121667141076
4,46.935210457703604,0.13731293219412782,10.174017561983618,22.315968019251134,13,9.05367854749383
2,59.26702124441183,0.6700658312778878,4.8194832135205266,28.230824989389724,16,10.246723252864713
1,17.25789076439883,0.12464378839347318,17.542300935765923,23.554191987693947,13,6.099687583465833
2,19.351255190440522,1.1582403339072587,17.437540892922975,19.277994902105437,15,6.1898370701742955
4,47.42055336582403,0.186149634998678,6.535153636391096,27.23924528444875,16,8.8780803343657
2,27.68212514829624,0.8867108862018662,18.036960079310003,28.15242178179176,6,8.086235168946239
1,23.293562862754456,0.00869536434873137,13.528468682370072,15.308346865897683,12,4.310978132224369
1,16.771284591887827,0.4568035152601731,12.642741992502613,29.663919423840525,13,4.002683710006717
1,15.983102039379082,1.3568323271108242,18.45913301698931,23.823558866042426,11,6.2695194073844664
4,49.85185214039059,0.7940687782873063,17.37874069292246,23.41634975073299,19,9.921480817695844
4,21.04950423162975,4.5948453972147965,14.605323807980815,27.033123157982573,12,8.008202303519868
3,36.04742771870179,2.486756987790867,13.892868263247932,19.165118044978605,8,8.032766769502407
4,42.26535668307673,0.533803497458734,14.465577162121436,26.77082257095462,7,7.444474326828682
1,34.27583102559808,0.05586424300117137,10.399770264469897,20.116122651310725,8,7.587073086793962
1,16.21979935513049,2.242054792119662,11.779594201070717,14.625246601448309,19,4.2351944016748595
4,50.2575676164559,2.9061060972773642,8.39073138162183,17.011218604465327,18,10.063802610894015
2,15.473095104374407,2.0619480427918986,10.667840897044325,24.835109164516133,13,9.914940539846206
4,49.28504524698678,0.16429013942253992,10.533464485324268,17.27265830002671,9,7.9382817197771836
4,55.19870222046552,7.407661070561365,9.458778521513342,30.050380615948246,20,15.288919331169192
1,34.47779644757276,0.3590324478349854,12.546986010593852,27.946417267198214,17,9.248941610182095
3,39.09941128940092,1.5457165520638085,10.704076597197691,28.667195830164825,19,7.1016896905937275
1,36.46425266779442,2.863615037294129,14.008938881407897,22.62389289838706,12,12.945848364136758
3,32.514387838054745,0.3225336449236022,5.510717546824939,23.289308086474797,17,5.2451296702032275
1,54.934104091666214,2.8665372424578934,11.546580823570801,16.031440728778612,14,10.90809975641239
4,55.22700798014957,0.4443751548013289,12.526206560709984,26.97891755078745,15,8.698622225156582
1,30.111736408869053,4.496482793365916,10.757483040652478,23.899167275185427,13,9.579886237969044
1,42.678138930661405,0.3963067540400163,11.310429200763075,24.836528126461303,7,12.451486131535312
1,56.71084029656389,3.6803085661612154,5.6590159570805705,30.44155905726441,21,15.104029579538443
4,58.29263245236082,0.06603778102423082,13.425908418677968,18.97018508026245,15,10.838631110192116
4,37.903156818992144,1.4824406363594758,14.590423930268281,21.36929225061341,11,7.281759833639312
4,35.37711623779471,0.9114293720730731,13.974149176815068,23.63335460771084,11,10.109963691682038
4,27.54124421678366,0.7798226812588723,16.15490823776873,17.322822972706465,18,7.91267868394452
3,58.14923429356845,0.3035415769779177,12.806118423130007,21.0620058936158,22,9.586022223803813
3,21.426643701279033,1.4673619094384844,13.914724722603749,24.464749052334845,7,7.658312229086841
2,41.092330922147625,0.25406508381227494,12.62436295382741,20.372893643135846,12,10.56070584870077
4,27.714762038338748,0.9658113876161369,14.750202878369976,28.54494704864556,19,7.326017270476177
3,27.555373065650848,0.3504223348611287,5.691081455471512,14.44537719091503,20,4.625218710115053
1,33.22358643192848,3.7379969425466926,8.425676128087957,27.61385620116671,13,16.27536453940233
4,59.94568211170446,0.034858874198384335,18.347598628132364,25.305927374080024,14,10.182107559855154
2,17.473483807791993,0.26736475094545425,2.158256711615179,19.155857062217045,16,4.960289074034733
2,41.03438181915892,0.33297809793422506,11.439288280698625,17.37795715885001,8,6.655788080953101
2,18.715747111587472,0.6414614876820258,16.689099838432274,11.598586913787742,19,8.543739257477824
1,21.953437349573353,0.3179002007206128,11.626957337832941,18.02412493793083,13,4.408832929983462
3,34.78033237978044,0.811191999867556,10.37995571419721,27.235883275014984,8,7.298847446054819
1,37.97070591058986,2.4712422541456065,12.517686707261202,21.71957136860663,19,8.066483320011542
4,26.64565837640358,1.4940180435875654,10.587519279990214,27.814904401959208,13,6.773857494848919
2,29.240570889348728,1.0408920591194288,12.123397971027757,18.90064464687724,22,10.807319977752396
1,18.91351591151699,0.11185904422014614,9.26647585391948,25.535530800532815,13,7.564615852269656
1,28.644890272991276,1.4209732653417253,16.434697679822897,18.412506989577892,10,5.995978681811479
3,58.495129772124486,0.21842249258347116,17.693059684262643,17.172124968950804,17,10.707387120954182
3,57.511832175261674,1.8521969953276853,11.46643871155351,21.46436391414662,7,10.730928902849781
2,30.069523056164325,0.3453093039948526,6.454042317235027,18.675167443400017,22,6.099772153961121
1,40.68842713254427,0.647582013780451,9.904627318746419,14.285889254813938,18,10.209604216831133
1,55.9317925999925,0.5178078792544338,11.264045359588144,21.088426496415032,19,11.489349516926877
3,15.278272018840351,2.3492118055618603,14.022155507612833,22.532177082156444,14,5.014232741151409
1,51.48076066519163,0.1623576574966493,7.967947107317288,28.341793057480338,14,8.816689818664624
1,57.676629875501355,1.0006714033287651,8.923350725431398,26.6840283856653,14,11.576139097474632
1,19.109658045010068,0.18386758554004215,14.042704551435229,28.099715996164157,11,3.4454446577890088
3,22.265145871481447,1.464105697334433,15.755635328158231,25.601787491967542,17,4.95453954171945
2,58.233583624710995,2.825641348287434,9.513623819317264,23.663063794749874,15,11.551247688047212
4,39.18930646381558,0.6842824450778439,6.667131784196016,15.855275467640539,10,6.690674347280402
2,15.638848551227566,0.8035330392118554,25.136472805151534,22.749360989676372,12,6.897276089497365
4,26.593439944358813,3.1477259504849275,15.133216948354853,24.983968886654072,18,12.094445479558285
1,35.24746534209868,0.8832440447583579,10.931984952931874,29.28718974685218,6,6.2500625233108575
2,46.180900996114545,0.8023759927934871,15.476125102123358,25.43144270865907,11,11.122913834431795
4,47.99221701615598,1.0362361601119623,11.50217348114231,28.20191717302711,13,9.557743956667188
3,59.793968081645524,1.4024416102913286,15.468627556400746,16.840010543173804,14,12.235895505533907
3,27.938003972269158,0.1356457291515145,12.637572791104889,20.367911869259526,12,4.672074822545523
2,39.21990458408139,2.065184564727473,12.365087592670292,24.146753568306355,15,7.8634051326741545
2,38.999559653682226,0.6861885617530586,11.545672527076846,27.80476345371281,13,6.75413482746771
1,33.25403667512569,0.09011899942895063,6.210474666147641,21.273856770805402,7,7.259803950458597
2,22.61228522290891,1.8511598674363132,19.75237959757256,21.587770204254234,20,9.053457222473806
1,58.98554534327292,0.5677541533794148,8.233864318929026,25.435701530014892,11,14.35962541913607
1,53.399273399996375,0.12692271231570051,6.559905694757622,16.37064586427438,19,9.127063994720924
3,37.42498627324068,1.2054220927796147,11.14856046897453,30.037022749117146,8,7.817765242334643
3,42.146044020781346,2.5456304972067603,8.154112745957974,17.604319534461574,6,9.626639887812587
4,25.226747410184803,2.6244696205387794,11.793148837758915,12.407052882203484,6,6.512729598803949
3,39.47041816762861,3.794526102984871,14.751055394247075,22.050335042612904,19,9.751870028876473
3,46.27365599046641,2.4272693721486482,15.981211602116892,30.492293511877826,6,12.929513616272084
2,38.182516277396495,0.0025718572674620715,15.258922886486726,24.93226565166805,6,6.649453954532776
3,59.56283267632236,0.574109825640855,10.77747178085728,25.755452715018166,9,13.460296416897645
4,42.510374531147676,2.0480811033965316,12.198367310646343,22.206928811535573,17,8.743478470395416
2,31.693817066647608,0.5473265607370221,13.631516203589964,21.238112513644115,20,6.022610674943697
4,49.74684124271271,1.1042034126827247,4.96885030423171,14.275453152034423,9,9.988627118254659
3,22.670813021173892,1.1186509540516474,14.282338800479438,10.70306871047907,15,4.513224395554978
4,32.303211616781994,0.5450041557161633,6.170802849664674,22.981361692204317,16,10.385175203298143
2,30.613152766991362,2.818027267194322,20.161386395625957,28.56274597170113,11,11.828855096822384
1,34.43131927984997,0.8395497671049695,10.381939661433218,23.720668524140326,15,8.056718788091503
4,50.18009216679268,0.7501023120280698,11.260499291221635,25.117997635260068,17,16.9937378398185
4,36.78778644735334,7.196373579551226,8.921171603048577,29.9185877281977,8,11.307524296528769
2,50.73065026196832,0.8162780089133759,9.48011987257724,23.64383425720529,20,9.321482957191904
2,40.942000641293966,0.2357993912725644,21.09637427657296,21.386724498461902,21,12.06754598844255
4,30.393124559589992,0.863560461770451,15.76147875449319,17.907375971749673,15,6.613113582724123
3,51.44904346575626,2.018518302276736,5.803190219408647,32.11106281486043,16,9.34268140328583
4,25.72303517488912,1.7999488401720318,18.016851602740918,24.6327388957684,21,6.546836395468776
2,25.097234090990796,1.8647003418011387,16.772969100565724,17.281991420403344,22,6.926814409344583
1,37.70263158246761,1.4772995184946758,10.875150150846846,16.144161660993817,19,9.042160906311587
1,26.738216068294,0.3519860609825703,13.226787768119351,28.265318634644565,21,4.647357725643192
3,15.408916572804735,2.377333316660675,11.940223682315702,16.812791517958374,19,5.4017746263186694
4,44.17338872844607,2.6868955117701194,19.89031961778773,31.269170787511104,11,10.268362634048627
1,37.999221966257906,0.2590332051868224,8.814839244031639,8.217686014546445,15,7.205372448358441
4,35.04830165219225,0.16774310963620234,12.584042439102907,29.112975988949884,22,9.91671664230024
2,58.51358315782419,4.456050957743809,10.287418676028782,24.434474055809822,15,14.158364796812995
1,40.703963278331116,2.4328927717583113,6.267838381528583,22.592972115284372,15,9.213888611532532
3,53.8544210005223,2.684563040121024,20.76655302021995,21.122707824791185,19,12.30987288063717
2,21.275260629232207,2.6098366949664142,7.2737336835903506,31.453649242970148,22,5.731501120005266
3,40.614290840824246,0.9362430458719964,12.880516749951104,25.535294292006018,14,7.000328570231731
2,54.05908320289063,1.2475126315390677,5.037197574478658,17.483981955522744,20,11.819652898936823
1,41.23975907759541,0.9459067864825146,10.403717843027627,13.405450219855593,12,7.103234527105917
3,47.31063801571507,0.06307673108654568,13.68787528573383,22.88648606573654,7,8.115907584550643
3,31.741960551549333,1.6421598795103822,8.701064081990548,21.99464433231293,9,8.84636864244445
2,19.160228266667996,0.8446422190790137,14.34720740294262,14.400659813122454,16,6.045058979036849
3,35.60551328071821,1.2519575432007957,10.92383563244767,21.72303237258832,10,8.065676964694145
2,32.75157258774858,0.8381289322821749,16.640330049594453,19.130326834629,13,7.769369941712041
2,54.01770820705263,0.8122829851310716,17.447043653360893,22.046450341533472,10,9.67593825971165
2,25.979788605861252,0.22618494999448208,9.653020957079953,25.62961805824201,7,4.462454644909142
2,58.503040239079866,0.3920629849544965,12.306931437571828,29.463049737320176,10,10.619443363298506
1,58.116215391202324,0.20758617136307056,12.733816905888931,26.544445181846434,8,9.739169100753923
2,26.14342393821474,0.2612892488668684,14.477397181738795,18.392796250848974,17,4.168782398505741
4,30.662337996479422,4.333297201792523,12.057527984977064,23.844575644145973,12,11.266615126330858
3,55.300008339324826,0.19942623796622336,12.760843837371368,22.31553560746012,9,10.576096159400024
4,58.49799994032484,0.3764541901993637,11.026374100819522,15.339355226845495,19,9.864277183219375
1,34.95475962762198,1.0716448128928915,12.460959467888074,23.99116392346136,12,6.307266346966769
4,29.4448670538404,1.130479839008796,17.19176077414053,31.28336168958857,20,7.7677043630546825
3,38.67423059631939,0.2006464084133245,14.584332964847418,22.16213302093502,6,6.8187596543128794
4,45.949614286458065,1.8942099967812107,14.805022557773476,14.029086601372997,17,8.997597734826654
1,27.30635319187409,1.8456735215832296,14.892281296542313,22.151343355543094,11,8.128945443272265
2,48.141292857858275,0.3250964671450539,11.384764888475859,15.931439005133749,18,8.276711639451545
4,17.324581070158846,0.4087363489031428,13.275308174318122,26.318027534431437,11,3.218153512219513
1,17.21825217439874,3.336510233630618,7.6593052866570215,24.624324958625643,18,6.566169652156461
1,32.38294673154954,2.096176222508829,17.075230625267828,21.145449732626282,20,10.682897269010038
3,30.90629364273243,1.4359876936767166,0.8681582706271183,20.344178670720893,21,9.57442979387172
3,29.203494691521854,0.10297436948631597,11.6514064306583,20.938828491922266,13,8.248404985410831
4,37.09588932010095,0.6500864177765047,16.563583908601096,22.0413724717116,18,7.646156433541528
2,29.433011204020705,0.9832741861261901,6.544528265482634,18.138824893292288,18,8.331783625086217
1,23.651606331064137,0.24903622406210268,13.599119670467404,15.061234594992815,17,7.544289174155466
4,28.92612970898704,0.7135413501679645,9.276934213683893,27.69349473347324,22,6.140415213602991
1,58.870692276460574,1.1026304640682612,10.524786939244525,20.07299511751521,8,10.480328927182287
1,33.500103764768184,0.47588377082910016,15.78376384255775,22.835215520845722,20,8.06193739238364
2,35.01207495862511,1.8221179351700303,12.7922277035406,23.426409755837472,22,11.406120247555837
2,40.9445245478013,2.202474364954931,3.862576528462549,23.61010239827607,11,15.065681272270734
4,59.25033457864019,0.46918159417247635,8.094297841073606,16.13091001450788,17,9.948509435730445
2,25.872057439609335,2.1890684434970114,15.901342939555038,13.620799177240762,9,12.157387974473213
2,45.65769497395952,0.13121087419778601,13.79577087277199,19.05653737654004,17,8.337048352111218
4,47.21931120937759,2.1821857315757303,18.992542290097138,23.978557662084768,7,10.757074605542488
2,42.32959875568797,0.19891197358526327,18.73059037605319,18.360250662628435,12,16.54092106978489
3,18.986025283648985,0.1038820425350796,10.631019479412833,20.225393231503833,21,7.135332421082618
1,45.45925241224094,1.2319141528728323,22.012951220277955,32.63648706874784,17,12.266322498475965
1,17.884261996627895,0.7662484522174341,12.097918679407643,12.772880575977322,21,7.802127842879223
1,41.82641922974536,2.8617339389230834,8.149325862363899,18.224830020447506,19,10.851539492430483
1,48.28115297497842,0.5415392143897763,9.46544053635769,31.483020342869644,6,8.836483965747735
4,24.493645077897767,0.4061849214984357,2.9730995788423247,21.777006640023885,14,9.913924769048588
1,52.87299033942483,0.8335416888984325,18.428076032997126,18.47007417250545,12,16.233312439773513
1,16.36592124898519,0.7304485365592809,18.379047956175455,27.8438445850556,10,4.807227258846046
1,52.97157886462377,0.5066966549909154,7.937970244746716,22.276152182405557,15,9.226230024765698
1,35.714807278924425,1.4199901261358452,11.088462846472376,20.25845802477997,15,7.458079719366446
3,24.791457296924,1.7103507937977442,12.38243017645031,22.961844635187557,12,8.540583266583628
1,21.02001652472856,2.3006563727191462,8.158587791431545,18.70945595308617,18,8.125763904778507
3,57.89882254120676,4.327945835534943,4.979591874915354,16.91254468555961,16,20.309851708124775
4,18.269951441152052,0.3721687739402056,11.158569584892353,21.43201536182626,15,4.290003751701478
2,23.959203897116655,1.5109323104450874,10.715682282163012,16.945015199619966,14,7.472058562535786
1,30.652005634487068,0.6015618178963364,10.4463550360449,22.0534665589824,20,8.964965900383957
2,42.91056820325042,1.356428125317881,12.890864250403858,23.772032837371693,19,8.021807909991523
2,39.51604883742443,0.7754743838278976,17.718078634103968,26.265302280258055,8,9.301303916632135
4,20.653957158554128,6.094652528196389,10.787629121233095,27.639624927584137,19,9.560668745455155
2,28.03775926821966,1.5663304808977558,12.681771994885452,19.971317491838743,21,8.174740851440516
3,25.74382969887108,3.6562109231521958,14.907482094979745,24.497073039695348,8,9.164238612371486
2,24.609428452065362,2.161950328211616,14.216571706050996,24.462617231031782,13,8.77205101792162
2,33.50149514159942,2.798429180841636,9.542305902208632,23.63909357907992,7,8.009417128660974
2,46.68141536662456,2.0211178766980185,12.385508492456143,19.602702945247707,7,9.106708492754924
1,24.78538194977562,0.7375562214949113,14.190159280676212,16.859660937679447,12,7.579403015554226
1,31.500549586634165,0.3480834295338038,7.486594649956889,24.5100094453328,22,5.89788488432973
3,32.5912842078523,0.5550525645388825,17.054156043186033,13.46568718903475,11,6.627138718492883
3,58.940543824593455,0.024532548107845168,17.726355620856445,20.660802837158442,15,10.500027516624101
1,57.9599860595581,0.8907876849454924,9.108878978222025,9.231844921757009,12,9.543943892894006
3,51.006191223843416,0.8439771497453212,12.774680073392675,15.317987883208684,9,11.292993103207664
1,25.87465143686333,0.8939614900752497,14.569113026684127,17.614330307762877,16,7.1080198297716
4,18.061679134125136,4.381032507786686,9.81754337468499,27.48362103814642,21,7.823095672734556
2,29.260686197428114,2.909079752412153,13.926455382752378,25.440540122021346,22,9.234527352790051
2,27.00575472452239,0.21167338872177233,12.653022505168662,19.230326580788788,11,5.154244215785633
3,37.766661006587725,0.5523159066840906,6.128327289444797,25.646848975648755,20,6.807014127262503
1,49.997755953050685,0.661885852631103,13.836645263914232,26.438114816901983,7,11.994542191226387
1,53.62453224954861,0.5365441603747576,7.599430334915857,21.196675758126393,11,9.570851512760761
3,53.018883843472885,1.922335039264398,15.75681140664819,15.07810927893155,17,10.153837583318019
1,31.18540025503805,0.8908998795115286,9.315155699464444,20.96043844966943,6,8.155484577379058
4,45.92554545573073,1.0186383933877545,11.35485826535542,21.510537974139318,16,8.52230284825609
2,29.0775388885899,2.300897921364824,17.4891156537863,15.83772804584887,9,7.4252208714856955
3,17.740749445583223,1.967432214310958,13.98552658611538,23.835233964649838,11,4.290241077898818
3,46.570436952132404,0.17016874068495544,7.682104321701819,23.399059271511778,13,14.175341359203188
1,15.442239865640452,1.5017578268414324,7.940333716803665,24.225213499470932,14,4.777296114308045
3,33.41321643563198,0.6860421065668891,9.6027888455051,23.394615485837218,15,5.913712722396986
4,29.82206711859341,0.418871508354226,13.578576333426664,25.649215175574916,15,7.644482323855412
1,46.20198923334836,0.06157572727174325,13.433199259731072,21.103359860634843,15,11.351851608553016
1,49.48104627421705,0.8015592295028946,8.627590781348523,23.00892553685477,9,9.564821291545238
1,28.684258618707773,0.5270186590199775,7.331162057542564,20.01129857877234,17,4.781792432990031
1,51.52321565001841,0.34764179562187025,13.126333620343337,19.077503921890248,16,8.915306667002913
4,28.22625422272202,1.4236413417156213,11.272559736839352,28.691248153810378,21,5.929903798042503
1,35.08468619939525,1.7609292275530404,20.62886354979095,11.781156492367518,16,10.383493293111139
3,47.71583371563603,0.3369105430119799,12.146414626252316,26.383799945771322,9,8.890088335980204
4,46.181410315115485,0.06085418145252233,19.257011310801097,18.897295622771697,17,9.132294302867795
2,59.431581254049,2.266606844648818,7.31846560758264,18.249809111784394,22,12.819143034618346
2,25.132246089716936,0.012011605476143732,5.707148241753171,23.307887420327035,18,5.535651157131316
3,44.80430610928121,3.3196893198090374,7.519659469897862,14.551951938244986,9,14.115773827277637
3,42.435685872409984,1.1854081227645712,16.756519125813867,17.919884640268986,11,9.657294885567328
4,56.17943045205135,0.4660581778242478,19.024406358774137,17.754301767435038,12,11.424465285113527
2,22.03629637401938,0.33959633311284093,8.871282184189464,20.893008709074525,13,7.04791855622448
2,48.830917361411984,0.010855752449173757,10.15773588096177,17.979311559196557,7,7.785667648563259
2,40.57208773209457,0.32219503978916236,7.324076359150001,30.005593428196345,14,6.90184552412837
2,27.359964140455745,0.17782183503161192,4.753440611526451,30.98508258248977,15,7.307257279318616
2,36.349571136622835,1.1366141220908101,14.87364679110652,11.890032386259684,6,7.529775289496129
1,30.0199468681409,0.21861152839274606,12.892081211848652,24.72161352382868,21,5.730558115072542
3,41.06910312548074,0.9025339032765549,12.041951930695502,26.29331719538787,13,11.244507713383275
1,55.00502748665996,1.0702585398539064,6.39977385134648,24.714926011955527,15,10.990737262996685
2,40.61872429854909,0.42465753129013983,18.559826727314643,18.709432534541527,16,10.748663568663051
4,43.42750882469628,0.04283338150898756,9.986573047802107,20.77952218920729,22,9.868160062491004
4,38.343653120161925,0.045558644466298384,14.134505699265903,18.258626726111522,12,6.0437222146070155
2,17.302447790046415,0.03204077139970037,6.181754379021102,19.89867984420586,8,4.741913281247797
2,25.478635059424242,1.6124551651627148,11.23789924151985,15.95017485666412,12,11.206498590790499
4,37.14007782444372,0.4592878214074918,13.165497824954336,21.42605589182725,11,7.246399059197128
1,28.960587768511715,1.9093294424382714,13.30830087221323,14.485991443474651,8,8.506450164217279
1,23.179361899253742,0.6781963083562521,12.6185941729465,20.99932722885931,13,5.692263095390186
2,37.685977886329724,0.7239636055100533,13.978089968195091,15.757091554501176,6,6.690506447358414
1,29.526440705153263,0.8631001468101492,7.477918175868155,23.03408180895702,10,5.553753391599786
4,26.614843942803663,1.4980592079887067,12.78949042175864,18.602902195285548,18,6.328406923925441
1,35.87934378481714,0.383424888824014,12.45503073392111,23.452901739372688,16,7.008029823107743
2,20.997791613697792,0.1555665679386661,12.926690736780243,27.40790364182391,16,4.672985541599328
4,56.74855798839333,0.9744718298429267,12.289380869276727,29.94723468052354,7,15.494080407620455
1,54.046594406365756,0.4751720407467688,6.90714890434641,9.359977054897548,14,8.698413558512863
3,46.84292635832409,0.701132633885684,6.728800991564105,17.829029530631086,7,8.545116527820086
4,19.77962224148053,1.2493635186724281,3.1429272564617943,20.48456961443993,17,5.411781550503816
4,49.91447645113619,0.8177605690262074,15.270138039381191,24.301639091907415,14,14.822199392229717
3,51.35807976490585,1.1619816297425654,15.310630038940795,13.748227479227353,14,10.130114811171563
3,49.54940779714519,0.942841400169283,15.37420116488848,17.08953796599892,15,11.28470674113709
4,20.12846492036585,1.6155489235616158,13.227159849845807,22.651786013285548,10,7.078530785513246
3,43.97585806804941,1.4687519386366594,3.4675231291275566,22.424441207633336,14,9.442849109171998
2,52.54461580872294,0.9167726652671166,7.893158032858936,23.888092032100467,15,8.895251618073573
2,40.98090305488505,1.3632145029336389,12.681661670372447,24.21837863444058,22,7.731449514060161
2,44.088331885264004,2.4815810952692083,12.542072011167182,23.692972165579313,15,9.147757486107214
4,35.626356574183774,0.6793339124433645,11.109007147391916,22.968276583157465,19,5.966274151967159
3,38.79182939478237,0.6387922999811412,13.475668811632987,22.27869886663184,9,7.283358891719232
3,16.546958625827635,1.7339577387042233,12.046606830740982,25.323815448621815,15,5.755063274916856
1,43.75333598879781,1.048319632805892,12.483081862205447,10.803386667178874,10,7.713248200361754
1,18.665124580102162,0.08838460632552908,9.443738668671935,29.721667434856172,14,3.2553074557574906
3,34.575656745310056,2.6719941269142438,15.928043944486362,10.97758974559838,11,10.057429017297432
3,28.169479395033353,0.03752022652680664,10.276913565278464,16.60419091547754,21,4.626298992429276
3,39.544257759527085,1.6558803261450268,6.677403667917495,20.866196016749278,21,7.547170521499667
4,21.00373509854432,1.7065254365341864,8.916003948725086,25.363064455449212,16,12.134883713262806
3,46.12395308879932,3.6719687897078317,10.60613523455208,7.023665546001919,20,9.885857841891792
1,50.77551916178117,0.06678576094588705,15.976011153475387,21.859378380290828,8,8.749854761769237
4,22.350950238442042,1.090156315128989,11.830928006260828,25.961975197078672,21,4.295890675734439
3,19.694088930834695,0.6700051245099741,11.255407124137404,26.972590580142384,10,7.13103039790054
1,21.54819672543116,0.48170726623351146,7.0053463009494905,18.513351707512705,14,5.369504460988369
4,54.470740285432576,0.11359296842574797,15.141930359318305,20.49582356522484,10,8.402343866907508
3,38.76851677903603,0.9924370905381436,9.392191383906457,18.91925935553686,9,8.520133283692605
3,36.02674482033761,0.7825000902785731,11.599888564234657,20.036626732369577,18,6.292728204139971
3,19.802031859605943,0.13252064694344234,17.92073230752746,16.840867246357824,22,5.321838211480812
4,44.23002030406328,1.1376148225154528,14.035053324197218,17.553739187645412,17,9.758365220242197
1,54.059981635279044,1.60707823307384,5.486983809139303,24.171884610141838,12,9.716187908272076
1,52.268364119555386,1.7494943573203154,4.921959054590111,22.658076866363707,6,10.614380760011311
2,43.17246190413606,2.8293773050892512,11.742758199523015,24.457932537952367,21,9.962177171714764
3,18.387542249325314,0.63208331585162,7.14903754050078,23.070071948504186,12,8.211742731232334
2,20.057866222920584,3.6709885747614237,14.594186990531991,25.52169300573798,7,16.84440005069544
2,17.21890441994211,2.406799618034678,12.169052259859917,26.391069990774973,17,6.633652713347969
1,26.58656474216112,0.42202756270119474,12.661539076095451,13.29141690066948,16,8.18570809640262
4,21.104766022217,0.20820026907222328,9.173027273430588,17.728451747928187,13,5.414180878093928
4,26.702161811359524,0.6859427785531914,18.965534621146823,20.843120212549806,6,9.923308668166637
1,32.32761250735328,0.6167941856237436,23.37037491204184,21.886612372563295,8,8.989441497702863
4,57.43422528320111,1.028832032469162,10.885661104973142,18.64954713090983,13,11.311134551761482
2,42.46692269017615,1.05071484360035,13.412156993660004,26.56011835494153,13,10.941459195108514
3,52.573820355733304,1.6634907599939945,12.38966937225725,31.899741841452993,16,14.221029555444089
1,46.96581753205495,0.8557503811158038,10.961252546235725,22.93080977790867,10,7.779457853080851
3,20.062640873698427,0.13288009655165697,8.671718129068813,22.421705160991056,13,3.3352243455256714
4,48.116418286827695,2.344778385288787,7.660128050078091,26.247281275521654,14,14.445576513798136
3,27.3794496701606,0.4448670669494423,7.457610937897903,12.67080122398282,22,6.14382728908276
4,43.75985311476178,4.260923602886584,13.620960102196582,22.14234470219205,10,19.22184980373158
4,30.343288813934485,0.15048555433567243,9.92130208718546,26.895179127337585,7,7.8184123948957716
2,59.895251846909666,3.811300686605613,1.686828599437879,18.784230013994442,20,15.442366584400528
4,26.859816577355,0.11450780851040394,13.779432882393289,15.867197100490174,13,5.09649852261978
2,27.560871184842135,0.3152535648119099,11.846954870143376,21.070971949501107,13,4.981909831677445
2,56.88025150030792,0.0572396377614736,17.386692005604583,21.6965728339904,6,11.117733256289918
2,16.10899820863452,1.4653962529733204,13.492489588364037,17.45673859042271,19,7.813126826779877
1,46.35100445429386,2.2789362574295744,6.085305614758811,32.480806380254755,16,11.362854562758901
1,47.639687583114515,0.6831441538954588,3.0812934370800757,19.606518094960272,12,8.970449970937548
4,52.63703598346797,3.166039942565899,9.122110462648251,16.231703242867155,20,13.226745183185399
2,58.84976897873139,1.0707933945160073,9.49957031722539,21.531893404646944,15,12.029032983058475
1,58.90208636204936,1.1931258702245136,15.772636804000667,26.539303188522457,9,14.906481543590978
2,17.937454090490874,2.2404460236066193,11.964516270841706,22.087071244991154,6,5.094822416729505
3,51.98276952388061,0.42253706905126864,16.534753992394037,24.42796960022001,19,8.849973771117831
3,44.08394701458216,0.5248406317737491,6.700667777189461,17.642447028334214,14,8.30241417961752
3,44.1303960467891,2.8367389554639515,15.861057537521791,29.438442232017568,18,10.04322242699592
4,20.775746697661265,2.7747201239153085,14.883956613723678,24.808555139592215,22,12.702819511837408
2,44.2584224900544,4.500026638403749,3.9270635542752146,27.23850784438805,9,10.253849655712719
3,59.21171612705615,2.785367193074209,17.29047136504309,23.82580316237585,10,17.214785401316984
1,56.031835629275115,0.16349516650503101,12.37383396706541,26.12442018864392,22,14.741281159019998
3,34.76087973621827,2.082847144407676,13.568178015474023,17.634737201613863,12,6.985014918434025
3,16.797658797874245,0.632830816360176,8.540415550286308,19.542947916552187,15,7.432657662713405
3,31.303207050009217,5.626439029460966,17.10098805168789,28.73240297778015,14,11.09962642049943
4,52.187564022024986,0.7670295195811017,7.256590683044521,29.79870973641982,18,11.34791530711403
1,46.56745956593247,0.968482639754431,15.328368073495785,16.264672001404616,17,8.02356093050421
2,35.670464501728034,0.905452554248251,15.282429903634686,23.248680339319062,13,12.371004721878407
1,17.4795690821474,0.46586424560955936,8.103330287311111,19.845280997573862,10,4.865311264228346
2,34.21026275204862,0.09358250596689204,19.933494397690296,18.51484265317569,12,11.265679004025348
4,36.10612228730476,2.7120197239614168,12.926113920870076,23.42419847677725,20,9.820898627684866
4,56.78499898023612,1.9474887373222765,14.615570441084097,27.70481466182704,8,11.614977990400375
4,43.84887466119717,0.18032734308752163,5.891516818656977,24.25831236642097,11,7.100274986507653
4,29.0243812494592,1.799453886153997,20.47092001203426,20.402437750404825,11,7.826414465586706
2,38.63932190028246,1.1797074981193318,7.101772239099641,24.5743058996758,6,8.019143638334626
3,17.972488851997202,0.6314191045754501,16.09954573106372,20.200119132095494,22,7.618128902982436
2,58.76557060423816,0.35166963500915616,8.020913128273218,24.06057150365301,16,9.341000814960426
1,31.20269558688267,2.3570129636928194,9.52404478860927,28.982328502278666,7,19.423040657224497
4,36.50403097109111,1.445520638743308,15.155016175541789,11.614201703495862,14,10.852058718831517
4,30.987778840661516,0.9521974117355201,16.11021085470063,25.986261492700166,11,6.739987712461926
1,45.71302785522901,1.1286033936550186,6.914863003543592,14.304725392147658,12,8.34353392195392
2,44.80044712483169,0.11457959403169712,16.361888676227977,28.141638552722306,9,12.322290129952128
3,47.18950397381111,0.770761838498569,16.179921980532775,18.8148719506357,8,8.311990890515942
3,27.06644533253644,0.25835971249651696,8.24818636462043,15.91164311196758,7,5.119899076960288
1,29.20508165238297,0.28041413728942455,18.39459037436444,25.476346135443737,15,5.798757128936137
3,20.63630539932936,1.2991826612896267,6.172569487007848,23.820850315712054,15,10.26977615222778
2,44.49794873307506,2.9064014033661483,9.500909668889538,17.00406548519171,22,10.922509656318434
2,16.790870730104366,0.6205275883166176,13.916010496367955,15.735001214158032,21,3.8345401108044057
1,41.89570509855566,0.2794528353447372,8.585734861189575,21.06259256254359,6,7.152418595634381
2,54.13631481832353,1.2554980065134977,13.055276342717363,15.979565249144017,17,10.299158811593939
4,55.08744667303351,2.4592726782655037,12.96430431521318,16.692635135381863,15,10.42218841927508
1,35.206699216648275,1.6555104914210321,11.251702920309118,22.578103952107167,6,11.008160364630495
2,35.66866596958832,2.436847762596566,15.329602154362238,17.170641828724516,21,8.829200488651818
1,18.463613235360782,0.9228802241898433,11.086556829369444,24.132696450132713,16,6.0905282886962055
3,45.18442614493661,1.6725931711718351,12.926164275255223,29.450717979417384,9,8.648221188518463
2,51.956673916778044,0.1810775538893074,16.58588750995161,21.25722292549709,8,9.815477298742818
4,26.009477457212085,0.5137583939855057,15.162744840103361,22.650755309927924,18,4.835448057027148
2,33.958539673501406,0.592269024210574,15.144069163256834,32.090483664177434,20,8.997484646408614
1,52.74777015443716,0.8591973246246363,7.403281591132879,16.061994413113265,15,11.585279163493581
1,54.47042104480296,3.1753817727327034,14.099170302005287,27.956175975903708,11,11.031681075041211
2,25.943099111890167,2.4885957585379495,8.486004836121982,27.354287989562412,16,6.03719868005628
4,39.77567855436139,0.17337283035463133,6.874340080887895,26.271586695868915,6,9.58182950844963
4,23.66219177861222,0.22763551859153952,11.713174614860126,28.458739253663154,9,3.9637137453400473
4,19.584544386280044,0.5311286884403327,8.382819253393642,23.402874829793095,15,4.952873461783948
1,56.00042256263809,0.41224626792479696,15.162470875359908,19.085352522003664,20,10.30783345274661
2,51.922837690444915,1.1447006336715988,15.258141838781297,27.472866456102835,6,9.235289561442343
3,49.201570581142825,2.796885810836684,4.389495054274232,27.664211058564476,20,11.407568351229779
1,17.19448434659132,3.933445021050625,8.68678984169244,27.52656950746644,8,7.123274336491206
4,52.96779567196159,1.2722035509782965,6.160853312328005,22.222510411596183,6,10.386325405739974
2,34.71198341574227,2.1853705819659877,10.149482893628438,18.419027431933365,11,7.846730829210501
4,30.40778054831368,0.8938395003280342,13.820702679475298,22.956811270558056,9,8.92185440682283
3,39.59143624614194,0.2803281409078606,11.030847607286447,26.71115008783918,17,6.339265031196075
4,19.11089592256001,0.8925416585576447,9.640963037331458,27.121758949299828,7,4.7353930554983865
4,49.049094720857944,0.9718399623046201,17.200706107252557,19.851619364627027,22,9.396761928006418
3,41.209578459973315,1.6278849279427006,2.780571309614846,23.57686448063695,11,11.257203051254873
2,23.396554359292537,0.2979736288243771,16.9474875740729,15.45610847757022,17,4.842100539999266
1,23.47044898960705,0.551228539639754,9.822846827378058,26.924750515029256,20,6.875196920155105
2,23.29118932077034,0.5431198885964351,11.687563959548841,18.08345621637468,22,5.819177408651052
3,17.56510743983703,3.845955543378089,9.890546649119566,25.92627679785774,6,9.867060532512117
4,41.45093022172581,0.7042655968953955,18.171552422156473,16.253477113049193,19,9.534307174180181
2,52.81566799148286,1.6882568184001434,7.076086012778962,27.157079532170037,7,10.89900010815131
1,15.787419629432486,1.6674541977106163,12.046945478887743,23.60917595011385,9,6.932283563087002
3,17.20520902370731,0.37035052977465777,14.109754607439987,18.09321152191527,7,4.530357057264972
2,40.77466245091256,1.0179931987864632,5.55598892845933,25.456781905402625,19,10.653354046073822
1,51.87730584237236,2.6966133112921082,8.320407318215386,19.048191540973345,13,10.040037902528304
3,29.703250075588514,0.7736804349776739,11.407285866007083,25.747775187225642,6,6.4414191266496355
1,30.732647946347498,3.483073051743432,8.453339861262501,20.62944262309639,21,10.74635235383127
3,41.83559238735492,0.28965797462293197,8.7376329151234,13.394764371851686,12,10.27962509897083
4,27.339580010586616,0.09246345550692377,10.600549347694251,17.087918797595314,11,7.767110056260888
2,16.197376473495787,2.6646960768459595,14.598325326584693,19.847926456563577,15,6.41597225240711
1,48.085283314571825,2.258135487291558,10.629128892487422,28.840945118742887,11,19.2417626273156
3,43.15424608236539,5.885889716092103,16.313704777891786,26.505718152646125,15,11.976246096013181
1,41.13401995750466,1.3650488729381716,8.008968869362581,30.119307061610712,8,7.645571350300576
1,48.37578580463204,3.3116150832749636,6.99231095810619,30.26817608014929,8,9.972406784168161
2,45.38538769029169,2.1050028902315234,19.705381622884538,19.326245977045424,11,18.985408960053114
4,24.26468946802445,2.232763101060177,9.368167489337955,21.057565701205853,22,6.281398242764595
1,30.861647112450804,1.010370855081442,6.756351971711361,19.94360037834731,15,8.30896830362603
3,20.674956375538123,0.5782283518660368,5.0317842329126785,18.642446973494618,11,3.6869606844169796
3,20.843565603804645,3.2719105599848333,16.300413815235757,12.792526453317707,18,6.843792561373329
4,45.42880858604427,0.6790082119693825,10.634781941359764,21.92626140991579,11,9.313048279606747
3,53.63700481421242,0.9287585815658935,10.985161059734406,15.572172031444447,17,10.276512840380322
4,58.322966273751256,0.7089563328897722,11.363193153653441,21.829140592328365,19,9.781362124391965
3,43.275620289725,0.998389999243051,16.051771538679127,32.57885404781492,22,8.843867179009882
2,23.284559551243063,0.7629980472482135,11.281880664096319,19.453274518346458,13,4.333414777297577
1,19.754265545201882,0.05898740117878127,21.376215115330503,22.973870028140336,10,6.488040769887802
2,51.578293719154104,2.5649749126967207,12.535042296216917,26.533241929046415,9,9.992659749135575
1,41.04404143619997,0.7052346517226663,16.247139067833285,23.401456459829536,11,9.115783882491698
1,42.822825945617396,1.0668299587557049,15.220959431617628,23.46242093971148,16,7.68085950935659
1,50.16579399396191,0.17985470401984013,11.854210718967849,20.1879878315596,10,9.252858420575048
2,46.64747524796032,0.004072319680795455,9.652116055918146,20.840610124693836,19,7.276882872764609
1,52.55062137852435,0.33770620027193926,13.327855714266214,17.19994738906086,15,9.176778929863197
2,17.52962574569453,1.4632531505003081,14.040394924829092,26.23022504444704,16,4.66725569158397
4,48.63842865359272,0.12535913923241987,9.709655807493892,13.29254171692952,8,10.220594945208722
3,53.2883740794943,2.874791541586954,12.665355463802623,26.85544169191101,13,12.342855856078515
3,27.876076910624143,0.2905203748622996,16.944819913038383,14.981508076273787,10,10.529336600449845
1,43.820127329696376,0.27468254153133564,20.279790956278717,26.813036370383262,15,13.47650565969613
2,29.137292872663743,0.24034993116745942,15.417477281397685,20.230912368939094,13,7.270056539902436
3,58.10869799171043,0.016896453443164035,19.451038745521128,15.8406565593346,14,13.009585318422538
2,16.50406075959767,1.7730681664491712,9.482503155174177,24.89649322539818,20,5.855255096073375
2,41.09067797248298,2.4956613957671445,14.807529008237175,26.643837675378876,6,10.513256185824703
1,22.492659617228178,1.1428074092948903,17.354078034325088,19.809606759482314,10,6.914970391052247
3,47.04990923297214,0.25020150241204264,8.414666668112016,25.603052743394667,20,8.004897537042853
1,22.915062753839795,0.4030339425641463,10.057639551819964,10.574577526653249,9,4.623375318034359
1,25.59224678542609,0.7753484567039792,18.951619047341,15.397018551267,15,7.354681535306115
3,37.246686497059116,3.703995591507079,8.09960457685224,28.462044652343643,7,11.097394965941238
3,56.16757274985952,0.3409881471930934,6.635479869377157,20.88165362901042,10,9.740079217811155
4,24.527146746658687,1.5785374998348431,18.111926294558046,12.688933367755762,11,6.183339510606901
4,21.490800950314657,0.694600397771187,16.787052899921754,18.505669097790033,15,5.545631137946737
2,49.15395743343138,0.4243253353405054,13.728480975935078,17.382997637374597,20,14.316406932971818
3,37.52787895502689,0.7303818198377575,11.81715698141669,21.170191342635377,14,6.695305322403141
4,56.03033005717971,0.0886428973433724,10.245901977580072,20.146245080961762,18,10.569795634127177
2,21.597655072192904,1.9234754529002678,13.127795495236205,22.894658644690804,12,12.874320066116924
2,44.06675518603677,0.33454914380133144,18.3192278296062,21.652669741937128,7,8.817392829569936
2,25.479561576831678,1.5509807222123948,12.954264504568304,28.798696275185094,21,9.439154295329043
4,22.05421928932377,0.08495558793673517,20.667837068987865,24.122742998598344,7,9.066777468810088
3,45.75432368207717,3.72394239370165,8.40823205743908,24.28835805596793,9,10.67044138351944
1,41.71580789589299,0.2573402161926696,11.921276982686923,27.825785619472608,7,6.670672266581902
2,48.967235626304905,2.572055152338945,10.507765329344338,20.05615624785209,22,9.796071475667452
4,28.925815940078206,1.9895549548357787,7.659433827350669,15.690612783207573,11,6.841137924169607
4,35.15872453719855,4.125181867864908,11.387665067961379,28.034851623161245,15,14.968883009836098
1,33.24622543486883,0.7798539014925654,13.66931720664176,22.679208740540563,19,6.25246791834385
1,59.28402587849314,1.559687799085731,14.09692071980812,22.69675603949464,20,15.37124363429036
4,28.151203053272454,0.5557969480104269,20.681808715778224,18.83335039234882,17,6.772093782892936
3,28.26677572560451,0.24455075754585393,13.857869878894238,18.915723334482113,16,11.436306736871906
1,30.954669397287333,0.702391647820276,16.600547214718464,26.23361169385422,6,6.380437992568538
4,40.40673365806447,0.2174651773389062,12.264376985195904,26.92327899068805,13,8.240271913692709
1,26.354523491868534,4.8238387712288215,18.71222240181038,25.919117028733293,11,9.070393723790113
3,56.18804731706732,0.12143834755377092,21.59379714235228,25.964808027227374,17,11.215887525384577
2,26.955850418981857,1.067612807325275,14.124340523903799,24.845147686298795,21,5.370711782043224
1,55.31170792020876,1.1816886072119608,8.029363938193676,22.657613650390783,17,9.248952111451825
3,19.65637786409631,0.9268350881358476,9.804779908891327,21.123101578395097,7,4.030955292784958
4,44.545321607984356,1.302311391010387,13.127737212820648,28.051619249707766,12,9.522040941761095
1,55.814348329720964,0.14820328065187746,13.825992141002583,20.131395647547834,14,9.479045807535154
1,22.59372472792033,0.9716671501319551,14.793700537537488,23.849896069403734,14,6.7307727637757235
4,58.57471320446648,0.4062864470913465,13.840790724920165,17.97993501022877,13,11.33508474350634
2,35.379751218698026,3.379619302643247,12.027939665023755,18.70350481574775,6,11.222541278488947
4,57.5571798798461,1.7229428586151039,9.455206235191486,20.81922716071387,10,14.047119891996983
1,45.45690196335212,4.312915244418445,13.604553045056917,17.98030811636418,21,13.696526431221844
4,28.57140914430982,0.0459353625510787,19.419949429922625,25.989259127391502,19,6.837079401985123
3,23.473613621269788,0.4027908151565858,16.079714421711017,15.259828742274852,18,4.905632042219249
4,28.66807708012947,0.26092571009408605,14.138815798544792,22.496148116905363,16,5.904477613756372
1,19.185783416820374,0.013460719514349058,16.118267695291003,22.662540484210908,18,4.756104936622177
4,21.474058485449838,0.33300205077285755,10.51574388439659,12.946002108401595,20,4.238860506640056
2,19.70971981559165,1.3627398343172903,9.966939415666719,19.794880897381958,21,5.599735876122454
4,34.0324594683701,0.31533593955304345,9.008859582536072,23.278497690240712,18,5.580743792077134
2,50.80102693159139,0.853581802186135,11.498853508922249,24.14363996647034,13,8.828456803044256
3,21.36225993973531,2.625160501655231,10.311976413163679,20.97846395699917,20,8.045688088991197
2,20.864419492755115,1.420055255786357,16.833098962608556,25.38444102240358,15,5.219458525954533
4,43.954302728279885,0.6022966814779599,10.098706329271245,21.453418713819797,9,7.374392222407263
1,23.873234188562982,0.5591545313515317,8.789113135100335,22.068264560375283,11,4.705819370759828
2,19.392451714904624,0.7299846167944615,19.77030871532253,23.258269344932767,13,5.8513522900509525
3,22.508186019250992,0.2338193198761111,10.194499075674626,26.634998143670842,12,4.359910892162452
2,56.56791281445493,1.2061488508175566,12.614113829001404,18.62140998792234,17,10.38885089135816
2,51.96620637492859,0.5433564313503374,13.805291298973646,19.56589063740851,9,8.531058037450611
2,30.932905305979233,2.295617559924689,7.453227524316739,18.655517541353927,6,6.838023662294854
3,44.51193452973268,1.695425547502604,16.94193507801228,20.339011419290333,10,9.153654176561885
4,39.17740531506171,1.1315102539859487,14.54847616164491,29.131171290398825,12,7.810121353208652
2,45.47059185671537,0.543449671611368,18.233536047523128,24.863626596649112,16,9.044051701365007
2,45.72020186082417,0.2827632578674169,9.283112251127598,16.34455127415579,16,10.21829059576446
1,43.29303067769968,1.7961449061676482,12.39650316990464,18.997765172056628,15,9.421933353621826
3,26.974561584178886,0.7995938914409496,12.15742301997678,23.86383612138201,12,6.400493245465081
2,16.755288934326817,0.305483724296161,13.055553977400088,17.467461095336148,21,4.4023383977070445
3,35.5005051895549,0.260555925822956,6.181541005691356,18.373299795926215,6,6.551092790837968
2,55.093824811081674,0.2169645534955156,12.44334551476889,28.724798330870744,6,16.31061477942892
4,40.62737663333591,1.8015679462152738,6.294144354305019,18.933121857634067,17,7.611447521505856
4,52.45759687658585,0.3120603416104389,13.433336284787686,26.773334080146935,21,8.604566533495271
2,59.623095433255266,0.8974846349414645,3.485403501925921,28.27661594765469,10,10.331431850784773
4,22.36272918622243,0.7207830312422768,4.593652662837654,18.33268954415518,19,8.193315182887751
2,46.1299937613892,1.0398894794012004,15.274194865759993,17.550187217214294,14,12.857052748743683
4,45.34321081650111,2.516197283846339,9.81264617922087,20.619339567594174,7,12.557393566655968
1,59.09799513112253,2.427649768448088,8.048567705471037,16.556861396631874,17,11.885787115777074
1,59.35203302787602,0.7197544937010464,17.08338248430219,22.605169392513712,15,15.025001207769487
1,45.900537527585826,0.018582642134828995,13.31050486931366,20.97174044073307,7,7.107355177272018
3,25.96266563919874,0.6670792348894296,15.488360782135135,23.80290007943151,20,6.688176905979941
3,50.93501271587696,1.1182748425255291,11.335031710716677,28.984717281164105,9,14.071229583629451
1,19.816311039496714,0.9790959830972521,22.718514775600013,26.087424903851595,9,8.883454546977667
3,50.13146868772329,1.2643762496193856,9.58194455776082,24.446198877061782,14,9.182313662865585
4,55.95882558651134,0.20079053000713415,18.97798219743955,12.16975793516041,18,12.27604556616761
2,32.22750276457958,1.2479653054947764,11.754535839600349,24.216879910511874,15,6.530941432034725
2,43.37858827423862,0.24202783171797326,5.381958420349016,30.613138303522746,19,6.937036615666034
2,34.356422944357185,1.6660709801123255,13.931394982992435,6.947387418432417,8,9.012503211657561
1,34.69942747446578,0.4969607933461515,13.259050245820655,25.446912714878128,8,5.997499287362048
3,28.966690009865403,1.4850166157355418,7.794712743043081,21.203207126217677,21,5.768478980414384
4,49.29583292026461,0.05885889184291035,8.31112289146114,17.751024984885277,14,9.046315246800079
4,57.12794538749273,0.6288146745454092,11.901209427660032,26.00564291955977,19,11.010705147136543
1,57.33378866555075,1.4650763449340392,13.398991260991926,30.548529503036654,21,9.876940958495991
4,22.865157819372023,0.30877048373118526,2.1173468684823966,25.87615364418877,14,3.6857478665477643
4,54.363464234545475,1.9033757995065348,16.21248581009521,20.144040243692366,10,14.316299722791843
4,48.18441486422049,1.1956342605336987,10.02200810474009,17.28265087795922,18,8.429075746703987
4,26.377683031063015,1.0628026021047956,6.673010062407295,22.72313816894772,20,6.560544503061381
3,18.027807581468153,0.5235091810083872,15.764266205807722,26.365846461907942,9,9.490854402751564
4,27.05987700979701,0.7903823774377033,11.905528082326175,20.064734868831362,19,6.125798856182697
2,56.04937065516865,1.0916230136256968,16.86466310712902,20.548085041746017,12,10.141279029842092
1,43.49304037030976,0.7674415130984354,13.751809051919022,36.110001249191995,9,8.137959265556287
3,47.447459740404234,1.4380395560054604,11.993941988207816,27.39325972979863,22,10.224107080277934
4,26.571855799909315,0.6823510682503168,11.389080220079375,27.75064339196816,14,7.409696684234062
3,47.37246700086691,0.27118688778205513,13.930851042224552,14.69857046970594,9,9.190395370212261
4,16.26546778250657,0.28885709316145713,10.345874964762679,18.464056603532697,8,2.7407425329173294
2,31.889460559785622,0.006984811390204441,8.589709645014002,22.373408197271196,14,5.0978817272183115
1,43.2039006844049,0.4296528549779445,14.439636490618575,16.99431221057425,13,7.754106147021206
4,21.57434544935941,1.6583691217058305,11.422048634222282,30.00198649444647,12,7.009251366971503
4,52.035160850112064,1.8968031252164042,12.134270592276025,29.051561532953226,12,11.078434089665999
4,25.57640844653634,0.27147929470186155,16.35751934461843,19.33227331307973,9,4.552349707310618
4,44.35265007683008,3.834308259456555,11.544493569057035,30.919593033037422,17,12.908318971715685
1,33.23387141588984,0.837557221775919,12.060135702167162,21.97873951640029,11,7.513495649403309
1,41.82196179649412,2.986390401642584,9.601401954196273,34.94694858694524,17,13.025798771395543
2,19.835274868300864,1.4721382858398673,13.722959735927404,22.723430652625183,9,5.234379776089541
1,15.76107599647233,1.538033349041746,13.399311650720351,24.88096375164211,7,4.942068639213121
4,55.93039923211355,0.10665466608190036,15.603100527162232,28.99951720584779,20,9.696053706591412
2,27.133350394523227,0.29813998030804495,9.683484651972496,28.388166749039044,11,6.872055546612281
2,51.88546512512066,0.010624696518640108,10.168732121639257,24.553660330679467,10,10.581028159330309
2,59.97076352124901,1.5110766961763593,15.168549596581878,21.29429840278082,9,12.824267213414988
4,24.514406609951003,0.506715403123026,13.008852013451454,24.570663499965598,16,4.772024083443137
3,26.932683353251,1.8537996751250412,8.375127495229222,17.919079140619424,16,7.544318353742325
4,44.82869044355996,0.496685944228382,17.226216270938004,22.760668594320578,14,8.616092954274597
1,58.445188557027954,2.0533246622528103,5.2061977263989965,16.453462337510025,8,14.003389054131782
1,56.21164566858348,0.16807797611641362,15.137139013055007,13.095591799598493,16,8.720737499304354
4,37.629398402951324,0.2284822837783017,6.939151856007213,22.252133820697214,7,5.9040967726101705
4,50.77996271370261,0.5002133003206432,19.543154065942108,28.311389453358363,14,9.594632405311405
2,21.108563389495547,0.6300867302640111,5.821601092377507,26.629023207980296,15,4.1225577247197185
4,58.984718289180556,0.5145470750177067,16.609002607490993,21.590438521371958,16,9.818769896689416
2,58.395895531619395,1.730914759665485,11.673462559955023,30.734948490877482,8,10.292737299593238
1,22.367803104562693,0.12237467790064728,10.533589720645024,19.154693045767132,22,4.1837996548520495
2,28.474040616139796,0.5191884108161201,12.741586625871046,12.410836691009884,16,4.896712754884312
4,19.50697488780451,2.1785742634459466,14.527601356631251,11.08949352899519,22,7.908627498312233
1,27.227291950418085,0.08295912826503507,8.382397990676521,16.094045297021417,9,4.261206173078648
3,51.7180105236843,3.4239029067912745,8.736849099325712,26.083123716311142,7,15.267224132298782
2,32.02420232243668,5.149907478426239,14.598419460451543,18.82598658266307,19,13.016955935379489
1,18.977863521604128,0.11128617680001306,5.1706281854016005,24.30479320928651,20,3.4030671005292272
2,30.400148615050703,0.41314104225387255,9.663083627231659,30.231416917919887,8,5.038963195273748
1,59.16225004085761,0.5590239832387519,24.16274781663776,16.49951518711097,18,12.293440148284681
1,43.335761786664136,1.7974295240570717,8.127948141642877,24.39249865897945,18,9.576128900632437
2,33.7272425882771,1.087391111161491,16.59121116703901,24.69481536327861,12,8.243528040091348
3,22.49423310737715,1.240622789623393,9.656196925144751,17.696310057634484,21,5.125008368671765
1,59.37795587776627,1.700152891071689,14.036180579188576,28.771054626225414,21,10.971139319422742
1,51.938205416840795,0.15064729571604096,14.61742276238487,20.561464722252616,11,9.427692418810231
1,27.66647861029137,2.149219784123359,16.51582694073179,20.081235095434952,11,7.053590706047919
3,18.153091307453526,1.4674597968285126,11.198984692748898,32.55806609208986,9,9.342837771200788
3,17.548150081990112,1.0334295448988697,19.955538555019412,24.613833711833593,8,5.9102069954935486
4,20.417016727749022,2.645846106792617,9.642653741659279,26.62645274842749,6,5.675674602957195
2,41.13458626264897,1.4459934068373166,12.93688165439824,28.774464657609194,8,7.642548510337416
3,56.79435395424716,0.2703249186236328,12.98110772887043,18.747630002703914,14,10.733172432630079
2,37.3534542602693,0.6740067816323687,7.5121275202023385,28.249105485268394,19,6.9332381168272486
4,52.932546710528875,0.817563996657212,10.856510980083517,19.49052942501165,18,9.01240175606051
2,35.06489789369135,0.0681608050409261,12.64605399695363,19.276883053308513,21,5.959681565735595
3,46.88625955955214,3.7116837611527393,10.271515827482322,20.64000013845932,13,10.738282344476792
2,47.934273177892536,0.16515368473940814,21.76369586182614,18.889675825275226,21,11.317481314737163
3,22.828366765650237,1.4346551609787006,8.645505305601876,26.110782163285815,14,4.955950957335748
2,31.25472265391153,0.846825066704599,16.71769787256171,23.336053275725277,14,8.520521670060683
3,43.678597044211074,0.031159775695505307,15.425839252595146,19.543877926914437,8,7.431817251599849
3,18.18134736829648,3.1042869991019697,11.944551461982915,25.37252516577411,12,6.550702716588997
2,31.269308449333046,2.2913291634805466,8.539163784591013,20.62408781306827,7,8.650948263636572
4,39.06597598265366,0.8914553243483884,8.92697871843292,20.359648148176618,6,8.141920092965563
1,59.83010218700874,0.3119905406593109,9.92813080313396,22.243419424507717,17,11.394908910271429
4,36.354010318009834,0.15561512170060496,4.857034872214948,24.317301778331085,21,6.356567047531798
2,51.72255407014456,0.5419223406679461,7.986138296802838,23.9492382468871,17,14.810064750849772
4,34.443027827997795,0.35393531975195514,6.07009393854543,20.18375408873585,15,6.67823643288464
3,50.8375825178869,0.8479439206779311,17.38350001271087,26.23555603719701,14,9.79606266840725
1,41.79366607290488,4.0722071047601105,14.473849569552874,20.888029244601718,9,10.229888961726939
2,54.89679486760792,1.0266680260194387,15.14389639546184,18.725077556956403,13,9.18628897424278
2,33.492414855754944,2.6479780138670024,14.355327806167791,14.659891756163244,9,9.451377721790319
2,42.19369889196655,1.2628034958362853,12.667870493336652,26.915892404995105,21,7.948317441972413
1,43.350840627847234,0.773792041352319,17.842721328516546,22.06195038097004,13,14.359440875228387
3,33.7822323810213,2.313982474238844,9.556949377073051,23.054361792552573,12,7.391091758302078
2,21.494041965936667,0.7649555397450462,12.426678621468179,27.229014578497576,18,5.343951933094239
4,19.2101733110551,2.435668300033884,14.988235311296492,19.612968842010922,13,7.489667152976773
2,15.750219776983489,0.41365629696537054,6.715163072575484,15.128003757629358,12,6.775674214677212
2,54.30904189103466,0.1654784569091842,24.386355584570197,22.34890351107609,10,11.434943754725468
2,25.641371050741256,2.319831133661099,12.114263051110344,23.539807760401477,15,14.155749103200492
2,24.517803717679563,1.062376116984381,12.56795780230237,20.685754669198136,16,9.272492129650821
3,48.12159301917295,2.638869409173879,17.027512126699687,29.368687890380844,13,16.523158548573278
4,29.400725088932628,3.3334053436588857,15.659821332040895,9.569167161393217,11,11.104950369184866
3,37.77201115853265,0.06614395805655901,12.152312077585837,27.600283189498914,16,9.920770155063028
4,22.312997938385532,0.8341051989623388,12.520517752392168,25.95576825182113,21,5.840968448035703
2,58.18855746578861,0.5639362912483017,5.983405876208084,24.283853888502296,9,12.912097798384162
1,53.321163000775684,1.1797451229186349,9.774136888600095,5.3204922526545175,7,10.469167168871332
3,53.87053303342515,1.8934759164847588,14.068840864635842,28.41944391635134,18,11.140681817558459
1,33.30481868574023,0.39518897706607226,13.775571356171547,16.867829446820572,12,6.965597298805056
3,49.30625461682278,0.9764765978259777,16.884663000016346,19.461540108083067,22,19.95107597215893
2,21.474426992540106,1.4801996776987845,11.5179957671067,21.147036676049655,18,4.625835056894302
3,15.387855116630112,0.17324193664899118,6.450853946276535,24.037090173259877,15,5.722549252782151
2,15.898781966011265,2.018842055274359,16.226921723102713,25.19714021096275,18,5.006485004795781
3,41.397078183205224,1.1180190967163257,17.744357384728062,26.464202771596483,15,8.823696739455436
2,35.49277073615734,3.583828255925084,15.592978291424917,26.07926755039258,12,8.536794511580277
2,38.310690700883384,0.49776232760821404,11.345465316570035,23.26463602106563,15,7.011227575362042
4,15.335841318774873,0.13734332672851104,16.177544207506315,24.079613295287952,21,12.132524789153301
2,34.02089788458416,0.8474818245884043,25.715641912032854,16.546231420888766,8,10.007718617811832
4,47.313067254038735,0.10766123497887894,12.460609257761902,18.24486596590489,9,9.398523824804005
2,34.92121658853461,4.189078309062835,6.753053231019502,26.47730111837416,9,8.846733417905396
1,47.94986428405,0.047343716087681655,9.654859801791392,26.186047433643406,9,12.345237295533767
2,25.485853397857564,1.6804909339413128,14.501904001216204,25.618997082222105,21,8.684833852149284
1,51.59139020167765,0.8935872878681246,5.580782756407749,19.42791619171736,14,9.430057937632581
1,41.479405820405354,0.551818094939666,12.677612299648278,26.552460659718477,11,7.520208554229423
2,24.48433947434578,0.08173183953782504,13.52134660126353,16.19377773759821,15,4.870244487561979
1,25.65242141342248,1.167963335086428,18.14048695925061,27.386799049311364,9,6.750229561684172
4,43.261370905629164,1.0560093767176268,17.2407794242172,20.695645993770547,17,8.603195980822777
3,52.34728169455995,0.39567790586100665,15.458339167007084,30.420852031703163,15,17.69332490418452
2,33.70325019131198,2.8924943960295915,3.349283957941882,14.392789539672576,17,10.696705912222903
1,26.62351931074165,0.4350764252004373,15.684212512191701,30.817020229592607,6,5.170592657984093
2,54.01552231097702,0.7168054462467249,14.822053544240985,20.19267835418269,9,16.68019347501636
4,45.11707312878757,0.9416900101220809,13.023777508313387,20.10260371994128,18,7.5522169652413975
2,35.16384692773845,0.12674182952571791,5.079111495418058,22.974194094927984,13,6.52811311202785
2,36.95550878756858,3.228754356002026,8.892904363251759,18.514605435996515,19,9.811876943436062
1,24.19154105713784,0.5631140981148488,7.332708921863735,21.638354993488466,21,4.155844864801119
4,43.206118352917976,0.10107472730964367,3.9399662419716375,18.311868673645726,7,6.912955336616488
3,31.14341297442999,0.5878385444786074,11.988339394340821,18.494682345104064,13,5.7389482058437205
3,59.804032950345714,1.1001566734236503,8.808711514228882,24.434429751502858,18,12.39828413162337
1,36.60825818678495,0.8649986919602644,22.501222321075645,17.49217252348242,6,14.051894993214901
2,36.864852278532595,1.4231314852408148,11.324912242248361,18.159028824972587,17,8.627413535048005
1,40.46333043348024,0.06849910880262745,17.175012623463843,15.136043751267955,22,8.430898623687236
1,56.254020140343606,0.40179652738665955,5.723603901227102,19.480346600193304,12,10.29855644486542
1,51.036814493688766,2.052639558020687,9.879641655980521,28.55801014861961,21,10.161365901731637
2,35.30085314090286,0.09991927064003639,12.387591504137259,17.770331799485156,19,8.892266190575054
4,47.34146696877582,2.321254292180719,8.36738420556932,18.341833674063793,15,10.514620532513977
1,41.38059744513427,0.11567576506766217,10.311197260781023,22.969609732407676,8,6.82262777329389
2,37.156517191556205,2.1582089702936536,11.128196375025846,20.146017831002368,17,7.594334794424394
4,23.654209775295776,0.5370236864372675,11.064368058220422,33.14077216674825,13,12.446690607759434
1,35.87713185547009,1.136746688884711,19.420474292141385,21.187360176618718,21,7.652364764163106
3,26.061836416015858,0.1991055812476071,13.51290514172604,23.67609173108686,6,9.487863793475
4,56.16789674332446,0.08215140158016837,13.918042251765213,26.71884392399661,22,8.983482566448952
1,30.093306607335613,0.2919209284021006,14.158619097380281,26.622889329314255,11,6.890789239235606
4,57.851880654001754,0.16415787493225242,14.45050550934845,23.166437907786896,6,9.526841730628991
4,38.987488054262,0.44946789924688313,11.668452064500539,21.194362566569993,20,10.137216670771588
4,43.41949704042722,0.8668026470842582,10.717014514084616,32.12014268189628,18,8.77446029364498
4,39.43232000201975,1.0662923866506704,12.667264238073109,21.501198623428667,11,7.071989100740252
4,20.82212776350154,1.8720238623784868,16.62721579565389,19.791549477857597,18,5.738072480319889
4,31.911954855357344,1.2813734747691001,16.504952753745535,18.770755058529907,9,7.035639996506004
1,19.461575052493078,1.1261157787686689,11.038406097246355,13.36598398646622,6,8.161880977390059
3,43.03293198825217,0.6367892378658607,15.071374778672446,26.108078761185816,15,9.896973199407112
2,35.109338784019755,0.7705079285463341,11.221661347841328,10.259658014495868,9,9.42187158213938
4,50.00932372069216,0.6423896063592603,12.135482197740977,21.971385795475395,18,8.122643909284754
2,24.921171644971643,2.2154539459562885,10.105906473783211,20.975696828643073,9,7.239749408311239
1,22.405472629320073,0.3136384222317298,11.273419444375065,33.19982596115724,21,17.81667149518951
4,33.284950393369556,0.006884830504096871,17.36532027819872,12.841743856431869,14,8.783938978796119
3,56.69634224482715,1.264320465705428,12.369684589356945,17.494483565078216,9,9.773183466161308
2,46.968981675558524,0.27147123217520536,12.54113003420927,21.319517706591753,13,9.534019956180375
4,33.851563115681344,2.649986586098015,6.211128882968167,21.01235331265416,9,9.933248589581591
1,38.277247638943976,2.351188826493437,10.76302436946908,19.252277045949775,14,9.066653819259338
3,18.789585502969427,0.09579685968099669,11.034740385021085,21.595060452989163,16,3.0591298178598914
2,59.30591533692509,0.13498086740448764,8.68342605822638,15.702186355651293,10,9.07447616571717
2,44.98832871127135,0.8202440328892743,12.086661646814255,23.785964394974695,14,12.959556924124005
4,27.84318308085401,1.1275408214456946,10.283270839089383,10.392573289612109,13,5.67401255369982
3,41.36137773968599,0.3857486412722601,12.319983420974328,21.871153220613714,9,7.465551320198028
3,19.92670647310473,1.5139126256314221,12.486012039275737,18.998216528682132,6,7.372336222678843
3,58.462650096341264,1.0843930531379502,8.176982568709423,27.081439713783176,18,11.97451422166325
3,22.865324454751466,0.4713384526846889,10.405192870067243,30.776555353166522,10,10.726580683679973
1,44.161364312484636,0.03083867275807572,12.309497131043335,20.34473915624821,15,6.843746699182246
3,26.045450814251872,1.664274800474579,16.737197724626903,28.953629645707153,21,8.214013212772933
2,47.29026221918411,0.2901093707140927,13.026876691182963,20.419418596847947,13,7.497241258260057
2,49.956961525812645,2.1583505363711106,9.352259280330289,17.16936738435455,17,9.220555678363189
1,45.30388780101447,0.6542732988925888,13.59601903697541,30.729518160928098,8,7.575191862079115
2,42.65247571148366,1.032679435445613,18.83019555728704,24.603882223670034,9,10.2910830623196
2,55.16110922784053,2.4757974917046845,15.666825890356074,22.02219261304907,22,12.710065837286391
3,18.53820199453911,2.3907986114850672,14.190106121742481,25.43588737549324,18,5.847085922776547
2,29.891164460108783,0.5573404768909839,14.902360701929286,23.371075175650837,11,5.023878509533974
1,26.17293658338807,0.2811802280982157,17.759816165714522,21.65390296029241,8,6.98939797847866
3,59.46062829294397,1.7907651863650917,16.30250717607064,15.367825863460018,19,10.921908608194402
4,32.52254008500931,0.6810449253849838,14.267041524470631,20.647316314193667,12,5.72888149247155
3,47.96757146581794,0.2558942328457618,16.27456887836034,25.116277117292363,8,9.219462272475088
1,45.812632374645204,2.8174170972792356,7.6733956149437565,21.386142871565948,11,9.957990867606837
3,24.543655686481998,0.26493191707444935,5.990938990638876,26.51162880565193,18,5.143551264259999
3,25.75489560951981,0.03137521879815364,12.628394602575321,23.918275119333945,19,5.904471801402391
1,27.657805359886535,0.02458612278209742,12.274722838602154,17.609318409572964,20,4.517063229333608
3,33.50072752167206,1.1684348494785126,9.82435978594697,15.404140210839381,21,10.431331857020666
1,25.544627954273707,1.3004981837816219,15.303410679310838,21.214107500349158,6,6.602715100830097
1,15.884316723608151,0.4470894475637445,4.548545654195056,19.37885775947706,20,2.78500104109133
4,54.5726875563238,0.4628143699200188,9.860910975768785,23.68160904810843,12,10.53631359484344
2,58.45244241213978,0.49769873092237016,10.06017782048954,18.40931170618635,14,10.410206239122806
2,30.37066741642056,1.3679158375080482,5.454792859602162,18.923038371225616,20,8.068835762214686
3,30.23280957414628,0.07187045182044534,17.978924029077216,27.26534858797456,19,8.551360096626286
3,15.319131574846695,3.176058619792856,6.563194925346708,22.74101484313949,14,10.427399145448355
4,45.61128097486683,0.30203844211346437,9.646639770769257,18.486364672863537,6,19.892191519570336
4,52.144795308688295,9.631413882937226,15.631919031220535,22.0882090436751,17,17.31173997722066
4,21.597373516200143,0.2257990006866018,14.584181373714927,28.894556215008414,15,5.069074261329302
1,22.184985721521784,1.7717068843156685,7.567301214061014,23.468933441373615,12,4.7905153245987195
4,50.553746248714695,0.30341521856583026,14.729956837042547,24.96475404712565,19,11.833282242301166
4,42.73308367593651,0.10116296324358702,13.159137914632888,18.238827317362787,6,6.549169769908692
3,17.018725093247266,2.494689934434011,21.33214224844587,27.132096885673,20,8.451164416747275
4,43.01461457080268,2.3486793883453267,13.615761664273219,33.59051130231901,6,8.53869695550999
1,28.901297527969472,0.620152864252505,11.435032715725873,18.042661787435733,18,5.504609515633367
1,31.592631996188068,1.4543904170561732,8.57399217152231,16.090530128140053,7,6.204819462006153
3,49.63791382335961,0.9772012227086688,9.023026532177715,22.87771121917574,8,8.523043197830555
4,51.492083670267476,2.3004290283869246,8.696923618127368,26.377525249222053,9,9.719216301279703
4,33.01604820779238,0.4541017813111744,17.484395255647687,21.543051639748693,21,6.826112411247088
1,57.62188212028597,0.8899793114157241,12.071879660065882,16.733968019786687,17,10.457350760455133
4,33.29082230784325,0.7971740288740623,14.26098849589892,21.45707919109805,9,6.8803712298290005
4,49.73262158535495,0.5241720072434778,18.05699039992355,24.990461363887274,17,9.954922509611894
4,36.77447690539166,2.6647092482214405,2.56614343117014,19.964840865269704,12,9.131320228749507
2,55.38895469349378,0.2176506168343261,17.1154950588015,25.03627508877461,8,13.046296373056434
3,55.84925596425804,0.1943292304373022,12.221587647133337,27.82355392619955,10,10.531091416528838
2,18.933756354198774,1.032203109979664,13.740193486561777,23.201153128852237,17,3.7006995659807855
3,57.14219990896016,1.2857601295949623,8.686387113006996,21.860261143608536,17,9.97972385193241
1,52.149067868418705,0.2597281648645603,8.979502406205926,26.146719626131407,12,8.888479835417474
4,50.60898214407001,0.594567778617364,13.95538355925195,17.719495862813847,17,14.020575645084053
3,24.041010285848508,3.515121197240317,21.53839120132588,17.226450831535388,7,8.542358208076195
2,51.230364393959924,0.3398185312927106,16.013253251259606,20.667138575355075,19,10.736956840023199
4,53.255973060826655,1.3244488234121357,17.06209168567416,19.540602725927663,21,9.733888719837877
1,28.011765050436793,1.6171780851023316,11.231994918954321,17.983290123547622,12,6.39602584157964
3,57.85170352630457,0.7133284933128101,9.599183101657488,31.15234237499387,9,12.189064279753737
3,17.243706587962393,3.3276055162283655,8.876780193684027,32.85996604747146,10,6.091613955167714
3,21.745916396121284,1.6011562902495897,10.046905101213248,20.23147478872209,19,5.668040257037481
4,39.19115121231815,0.7348201628100126,3.7888702673178987,22.458594748741827,14,11.180707005910294
2,40.91066120050394,1.0109102661677918,9.100322628433592,21.060785899681044,10,7.0822471872086785
2,44.03175374854065,1.4155790178138767,9.758587375760627,27.53749620059078,7,9.23734854951578
3,15.763610819195991,1.0763452101031477,11.298567302420636,28.528227809200235,10,4.137779976672165
1,58.216504857995865,2.5313622530842914,12.527000438989166,13.113681006551767,8,17.395602790638172
1,17.00646417303648,0.5297248994449885,13.449803474502442,24.38005400032813,15,6.1314986658317885
2,21.43778787255311,0.42781407452081505,11.94029851022816,15.465893294194258,13,3.818311710336396
1,15.630653288672564,0.28871223883273345,9.674227654628972,30.79136078937639,15,7.8214172969683124
2,40.50862949823426,0.04621829860672304,4.146565426937918,24.20124015105199,7,6.587787730945701
3,56.95200977644375,0.05275977535720022,9.698765566392826,17.88325230818682,19,8.762273160512933
2,44.96762247362089,2.448774577269333,8.110197449251979,20.793393060310734,9,10.264159939968375
2,52.01958608161923,1.3613105171729942,13.864266993114414,20.555113708669207,17,11.560389030979053
3,15.597654155636103,1.2964521797671495,15.637149586774775,24.62556471442908,19,6.085875233679625
1,39.39068843158768,1.144301558106789,15.754284268239758,27.20956302088739,21,8.577709734845214
2,35.68033398774848,2.2703133428071056,15.02781094451128,16.25896354014145,10,8.53409727070252
2,37.45355748993569,0.7853279013449982,11.465897058190047,31.19377250456057,21,13.22923372043312
3,18.249593340083457,2.4520632626944265,9.912177738096414,30.028450539104217,9,8.134905479359741
1,45.79959124811884,0.5345043981510788,9.011588985331734,17.623382162044773,8,9.696441890074771
2,37.64491866863855,3.135956464515481,5.970004333592998,22.364008971811547,6,8.589854419355662
3,49.43169824375688,1.439407274431964,15.967414802031431,30.55404272057158,9,12.28355559696363
2,36.83807853277719,0.3567572030170753,11.301155848280102,28.164592933387414,14,8.581952981423314
4,21.722173630189445,0.9963693949431807,7.014638825516505,20.31628484976052,6,13.718710059511725
3,44.17156293350199,0.9137897587364121,8.69403449715906,26.071699072839365,21,7.6421875664070695
1,22.75738629473248,0.17805916682829828,8.532106174269792,36.98599145859569,8,6.068661504148288
1,54.25775535096667,1.0735610411513838,12.172097940060507,22.52579990925606,11,16.73191669976674
1,42.590230758115865,0.4536282379243708,16.269871404282743,18.836758742799905,18,8.374397841146784
1,22.07417476006294,0.06452249027577464,10.608041801617667,22.862099260456997,22,6.0068342955210685
2,58.30521258665431,3.5630523194242976,2.9898659408654034,23.23276047748659,20,19.003856703385697
2,38.32644585008943,1.230959705722254,11.24327865936432,19.37731630499951,17,8.319602907623658
1,18.280430334224476,2.5138944602802513,11.375224399611216,24.208125339071085,13,7.154746542686977
1,43.207480698678026,1.3526215597321531,11.100319076257913,15.727994701362494,21,7.6037978563695505
1,26.39395081557646,0.5299022315041408,9.490155334097192,18.672330664956604,8,5.849557851031297
2,51.16620533447861,0.8626210228470498,12.869756322903369,25.791223880773988,9,8.955919635806218
1,51.80199331047858,1.3514765575395646,12.264564460596008,13.225645742288744,12,9.132867672690717
1,59.05263101345978,3.870244722271658,11.900678743493412,26.515837959973883,20,14.420194054688945
4,37.58412889610267,0.35110403114875505,13.650565445771862,11.940093171471485,16,5.998250549254516
4,35.47305958774817,2.4951096330150384,10.280668707408585,13.343377105618424,21,12.021966518124014
1,48.90640224509163,3.0936554603540376,10.053657321197386,19.505106284720572,19,11.269568084691016
3,20.961179535386695,1.331907063874466,17.5204931583416,23.434319214096753,18,7.055406635902607
1,39.61119812069059,3.2130245097564054,14.237421638861743,28.626318015636944,14,9.096643973353187
4,39.581142005888296,0.6087554064925211,15.307784243771199,22.288113815797978,8,6.918768767990928
3,19.026290526467424,3.6695422891029423,16.904418341336275,20.76723196212005,10,6.919679028445032
3,33.80928384781111,1.4559508247466382,14.1037767224992,24.89790623992402,7,6.764847471623208
1,53.397815935524086,0.05149622555946836,15.713554716544685,17.64550589766033,22,12.262527097060449
4,53.526912989759715,2.848547184088171,5.682619351718959,22.697075796732033,21,13.403990332204556
4,19.465694921385644,0.7950782761594242,12.816615487984109,16.0027687102232,18,7.3869808822531144
3,19.08243972365239,0.7401502202350939,11.26912615274269,22.412952584377067,16,6.109571565562335
1,26.821296465087087,1.0029437426793775,18.71073636359924,21.350818370752982,13,8.001895003959707
2,54.364472814929705,0.1941541546590782,15.7105821272132,17.978660392752914,10,10.024190565677666
2,20.800616328307452,0.7599672189724568,9.47821923682728,22.825203182688696,7,4.345147306081497
4,47.39985611823508,2.1343315310038076,13.491176634116824,22.792748265798213,9,11.261465733217568
2,19.552452882589645,0.01872427684234126,12.670725333796959,27.877270061695675,8,3.241565621792693
4,43.041203418652145,0.3824578327870744,13.817325732608914,13.971832984686062,7,8.193184085814028
4,31.023028460361516,0.00294912465583888,7.924630122501393,21.61975546151479,8,5.090322343109251
4,50.50112833346402,0.6448321015788196,13.4400658609529,18.198688001482605,21,9.496457694937147
2,25.51607019714136,1.5637366212201584,11.087394602847063,26.34881029088146,14,5.774417640247251
4,43.76408232254819,1.9239790034602,13.129799056222401,25.769560325960665,11,8.213721209030547
3,25.605714055914824,3.484653914079205,9.10245933951132,24.539399225343104,20,8.029765952983453
1,47.11471274004692,1.1253378557188947,9.659747314413602,18.480833709652686,10,8.368847985766863
1,54.3155115552337,0.35264440302695826,16.69536808146681,26.427352914700478,14,9.289511424448458
4,20.706080960704202,3.094764642173294,7.793809766639356,14.34934535628334,11,6.551928821178133
1,53.99680598679766,1.791671055570973,8.088982395831806,13.323446482036143,8,10.43102462826031
2,41.71088644864341,1.0251867210524763,11.793674971137689,15.62064500049038,18,11.110961146184735
2,20.71997208901608,1.4274537317238063,8.912438499256181,21.83262594836547,20,5.913109130146108
1,34.23938349118704,3.0974318306127016,8.459885470948805,25.37582200494147,16,11.469938434950267
2,22.238713206829406,1.4953966680526218,12.42030388483318,7.119837629952377,21,4.849730479437206
1,46.51565499899563,0.5513503629236516,5.979736572385181,28.61371415939893,20,8.302614952749856
1,49.14906604880773,1.4980456006399023,7.968151060345448,22.655560980892172,11,10.19164035782445
1,19.760843412275953,0.04933414722730201,20.216382331694575,14.161138262051125,19,4.900920127763906
4,37.776293371258994,0.5861248689285732,13.837900235876036,22.504734851447907,16,6.409406501327068
1,51.65812752116627,0.6257039186419329,9.013746590920356,27.4626270733921,15,10.415163321794967
4,57.127336869794846,0.21903295115450575,13.672860313064788,24.997205076531294,21,10.866000423087213
1,38.10830400337965,0.028027348386334885,14.269321907946518,27.49536531276983,17,6.272228007152145
1,57.76256506251332,0.17178734185420041,15.977657680360954,15.168766853014446,12,9.610384101029586
1,39.106003670521346,1.2757372196500703,11.491375882173077,19.92997382430798,12,9.622973162026456
2,32.73857225699586,1.9451375780203821,15.905990811091558,17.37653884738234,20,6.987525757453429
4,53.1691407848803,5.3279421421640425,3.8462139004713087,30.58790102522159,11,17.372480352349815
4,37.184221970614004,0.5102446766376504,7.7747674780969875,25.19681421743315,13,11.741319413554645
1,36.23561297540354,1.097687988657621,12.655485606945822,36.23504794478821,20,10.409259069387055
1,37.064062023442276,3.32030911758749,13.318534131231166,19.661952332913863,9,8.689016681161556
2,53.10532508413854,0.21932615489049956,8.352870849325432,18.376628941588475,18,8.175148687341688
2,52.43736937596235,1.5175106533438192,13.037679965052636,21.28586680702425,6,14.599064491850744
2,33.158399659809504,1.6876923224781724,9.504639005250958,28.891786107112743,13,7.1670168966594705
4,29.998493694173625,0.11182263351927864,10.892163623091337,20.169401553123265,22,5.3325490512762235
4,37.13676108176082,2.3700925143028386,16.099095202660045,22.622187989534723,15,8.403066067567352
4,40.77476293816991,2.012650283068352,15.635749987554398,22.483453514434096,6,8.477906419507061
1,25.725174478259863,0.040768356051629075,8.01175869054695,22.197483806010947,6,6.544073208062144
4,50.72797881220158,0.11460366572587463,7.770994151919586,18.73800769768761,10,12.4705020698876
3,36.89172445795903,0.060449588883039126,10.355306417786736,21.313544660448166,6,8.666203721549852
3,30.032049678898183,0.48909917545122567,11.8930147953083,21.09948699324321,18,7.13846506497616
2,19.806944683379577,0.8542798802269995,9.368406045701036,21.962176701626753,14,4.333139454405254
4,25.74803221816231,0.9120363212185624,16.162569771198672,26.71758409076354,21,6.524169877579405
3,57.717652729019264,0.37382354687680425,13.38955936683422,30.803140173122465,13,9.497615195935408
2,28.729485906878697,2.9110177080628135,13.624340439497717,17.797826186651466,19,6.874694306782768
4,22.598668021516588,0.5511381336794852,6.933844684220113,20.040031876061423,22,4.087043387683292
1,35.73027562447469,0.05594422085262537,16.66916286953512,17.874940507969068,9,7.756561921344087
3,28.81894845121119,0.4283993299698491,0.7193247110372365,22.935507686111364,12,4.744040848575024
1,16.582166262203735,0.9088630177027635,15.336221807397475,19.308252712445118,22,10.558059670091993
4,29.541534777573776,0.6295480975605551,15.737246950683085,23.198984168709945,21,15.948548697828244
3,39.48488807727608,0.38398604620672755,10.270395250888154,27.518134552223934,19,6.553606697801369
4,39.82705674089851,0.1689410423201105,17.091640868989696,9.370841570976959,21,7.851498540089514
1,31.045151452959992,2.052201001527276,11.747609788182615,24.458899448003454,7,9.221224773560905
3,35.128624031367025,6.670136498125452,12.249726813309772,19.699064755510605,20,16.810560675947926
1,58.44830632056449,0.4797533006359762,13.358115149616864,24.302111339921943,16,13.589765190413663
4,31.980681475364023,0.5767845747932954,24.74629964724422,17.517652811248997,18,8.77050478003078
4,26.620206596699234,1.1549194888071426,17.37773563233202,27.981304941534376,9,5.808380200407724
1,25.956016983004204,1.520897937584312,14.804524802851672,26.56640309020142,6,5.791525448894686
3,35.59940757168604,0.5971547702105527,8.34878205359522,24.841760742713216,20,6.967429923887304
1,49.178406692262485,2.823764083158963,12.57435930191797,25.96612858905049,17,10.528153726201529
4,24.269468288481292,0.9851875422483485,8.747503624614454,18.271897664139132,14,7.401852967292909
1,46.91832572133456,0.7182557786484483,15.288443389131253,18.90188122655355,12,8.295126920458987
4,15.951742050723732,1.248432727940114,12.561867902939428,25.762181004087395,8,7.3043575849738644
1,33.85198400927757,3.664131504500709,7.501913281544419,18.16135428615694,21,8.520525207281958
3,49.91392793412541,1.8990765018017135,12.324498333674011,29.228175233290436,9,9.90315420649473
3,30.242983009849414,0.04900280670545932,8.602330121134777,20.382044643594842,19,5.763372498249354
1,40.368169565042976,0.4847173815979241,12.604864885350189,24.50947194930311,18,7.131414292372542
1,24.224065477165986,0.7630878100134098,8.563690734538973,32.49624759627545,7,7.152132442961069
3,48.38979260067775,0.45315889734873405,12.109950533443252,18.468883229659617,15,8.674727204252996
4,17.352559647094182,1.4455178431378473,15.001879447740379,22.343808754223915,20,8.121053195295342
3,53.364419019397516,2.100297618777356,11.787792032299576,27.270915823186538,12,16.310650896277586
4,23.918837388975067,1.5771931256485905,10.436446931310446,26.756386944382655,20,8.779052753683711
1,54.34791142687488,5.448752766012995,12.813104884229851,20.36092344880321,22,13.990095515480542
1,30.86381585852328,0.3818481329604155,14.788730483171411,19.41634781239073,21,6.36096878360704
4,47.520760851351895,2.4952290064876252,7.571266920472958,20.83432033727474,22,9.610664997153954
1,29.36513840037848,1.746118407074129,13.04262461882081,29.23928883075682,21,7.596003248780223
4,55.76602520555914,0.5396366629880489,17.2701632760696,20.604470718200268,22,15.581240113377016
2,20.698670648326846,1.589672746897599,14.29462785310686,22.390578462417324,9,4.544620985835391
3,23.03339051726694,0.13187957086661342,12.231016586668911,19.866067645382874,7,6.35285753132807
2,37.1863556321461,1.8689746569796655,14.558950026795578,25.527742823979935,22,11.146503463265683
4,18.687229756716576,0.9119923781737154,13.80998582441073,22.777625187918282,22,12.173184906515072
3,23.819108311579285,0.4148653413103794,15.014404436639257,16.982830946208857,7,4.724287785753724
4,57.469487199540644,1.2797597430401606,3.9042735560682225,17.155879429825028,7,10.52302188997516
3,58.94203475165492,1.2313936793071665,5.786175465346939,12.006972167222465,20,10.34856598174478
3,31.931669819868986,0.2820866327037357,16.01931659793295,17.843392954371918,21,8.433612230352626
3,56.5478709456271,0.03704279691408428,5.978883295354238,25.969729018160862,16,8.813552755030042
3,39.51711040530443,0.6821935384825722,13.606154542876821,28.61880269006134,7,7.096634305189877
4,27.13841096431952,1.011402631873945,10.591801375870833,25.42779181608592,13,5.579743118371434
3,46.60794244862694,2.5108403314845726,8.015243017616012,24.773161003203406,17,9.939648883210966
3,44.65058129586858,3.1609257035526945,13.398599028589894,21.36736975235675,19,10.321531410751048
2,59.510639359893,0.9029804650713182,12.804134014866282,25.874572774569934,19,11.286514305272558
1,26.92712793341775,1.6819502585861492,20.441370608385512,23.431391115409422,17,12.94447400913701
1,45.24267761977809,0.6942901344206492,9.500755181856443,31.022244859935626,7,7.909957012464795
2,17.34106897632511,1.6448934184314765,17.760440480276696,21.50777342911626,19,7.7663896570226925
2,20.114071741352372,0.27499624958598046,13.409691657537259,28.715040418680655,17,5.493541930012988
4,15.176326872799196,0.5564723335137111,9.35591247382915,26.3705704090893,14,2.9683369756114404
4,59.97573064768529,1.2068941047256976,15.19698583006898,25.677216431020796,13,13.346402784496977
4,51.1023163716365,0.021989813609053943,14.262954017815805,11.9425433726909,21,7.8729056883604915
2,50.40253566300934,1.5381539199744625,12.143373179432198,26.645947807738555,15,11.476808018549608
2,37.93767338796809,2.166072654297685,13.065181425762495,21.362460105454232,12,9.93956998273918
3,28.5030187307448,0.61127529744674,9.612051875817873,19.78036752782554,20,7.102983771500522
4,21.806892800820417,0.7129235057251386,8.696851498981973,14.585434794110434,14,4.48921396401843
4,27.810363248090866,2.286845772868197,15.037768695290332,21.972064330159085,9,7.716023905026064
4,31.91870498681126,1.7934823294924256,11.104242302746904,22.167757984091214,11,9.090015989084122
1,49.033954364113235,0.4078648153459962,11.679668007003631,15.484990390925978,17,9.711353962977558
3,39.28478050064186,0.4698322298887644,13.119286383777109,14.63359913553154,20,9.530986131410337
4,18.48676319499672,1.363121867322805,13.061153379135233,24.433097400640555,7,6.192262226585537
4,15.811305403151051,0.9939305849461433,6.282694116103741,26.358525655306885,7,3.8084905520425982
4,19.60494807903284,0.21241340066480743,17.145008345819434,22.95141454961211,20,4.086418127131984
1,33.47244211638207,0.4451545268670238,12.484728607602714,27.754173248421814,17,7.37622041920825
1,56.99368126720582,2.7629014509146006,11.189386948711402,21.568075078242508,6,13.611593582207378
2,43.68311165441497,1.3983736074977222,13.723384020678987,21.72824362799899,19,7.978220937579412
3,51.08216549439818,5.12023821465949,12.946168774459451,17.414859856296047,9,12.142823974869943
2,35.98685675270468,1.7481247243247482,15.068250757958808,14.198790112231414,16,6.841289066214083
3,31.274973743776926,3.4162458485520575,14.151934688603765,31.273310669297924,12,8.941745117748892
1,19.878016772248024,0.29230417855106094,14.871384915985066,27.65649525124873,18,4.778589403275202
4,54.416985998379225,1.7713834529726233,17.403975622910064,15.037437164307608,19,11.687444900302474
2,50.24220130625563,0.024509629546350387,15.534498195883888,22.778759539156404,12,8.47591137604541
4,22.56531439189763,1.333162052186514,11.35805511868575,21.499768444481667,16,5.5678994653626095
2,38.051725374431726,0.7602299955616236,7.508395375692669,20.630037634184784,16,9.22283583331025
1,36.93186635645602,0.5109729514452798,18.67119173201806,19.9549107609253,14,7.4512051578061325
1,43.12911987089379,2.380123180824142,11.04910650661155,23.906345734839896,9,8.823627093071885
1,57.57841022960675,2.3111806218793576,10.10757034655791,26.090877627357372,7,12.684801072325653
2,41.089714879311586,0.027064977908498516,5.053092728942243,24.011955845141028,7,10.21843144819018
3,39.30977700503784,1.128408512947957,13.353892421248446,21.397408128104033,14,7.631416932578997
2,17.26453198205988,0.5503205426628547,12.59554641581508,21.2138664155444,20,8.428443990685867
3,17.830836420811078,0.6447287852191844,5.939540255002077,26.684071584613335,21,3.3092208765402247
2,23.430605609705502,2.140840589202584,13.813096168532702,24.31722469058031,7,5.479567702689246
2,16.46118472612867,0.4449977918055901,10.007232317194244,22.363447315177165,17,4.057398669370191
1,48.45088030065056,3.4386728459769262,22.761260029154776,21.820493511999462,6,14.917930396922863
4,47.54986367972834,0.23760538223321012,9.722555231636527,23.726352548061445,7,8.24929357436368
4,21.12253054942393,1.3042188217544888,10.259226671208827,19.658256557202755,19,5.829981181295243
3,52.62355053578764,1.338074457809864,8.500895102982529,26.107694086541052,12,9.021965690803777
4,21.96537156807504,0.3487358952608964,17.11150608416789,16.620707190810666,22,5.44642386739487
2,28.55290141488115,0.47120782577932396,10.508896822140988,19.942717451167592,20,5.215564396954164
2,26.203960462261428,2.1607071517417533,9.100343384938013,25.05553047723012,22,7.112025250750975
1,31.75381943578715,1.7216000200898418,14.82782003968217,16.335585933228636,14,7.632745194752631
1,26.459869465048286,0.4789548526760246,6.478588258347259,14.134957286752499,18,7.150165467811432
4,37.002791689730344,0.9161716827395667,14.500442184995789,22.3153883771462,7,7.835725222663976
3,33.33335466096084,0.0763974629952997,19.12559886640343,13.517709227767646,20,8.204031812609411
4,59.39562708506969,0.280963321941249,14.266431331340357,15.505982229740692,16,10.642656546488961
4,17.516685755770155,0.7982195606102997,14.551593265039699,25.78297059253216,19,12.553367219857426
4,21.39816193743082,0.10787516630698854,15.480240867629934,20.97607371197132,9,6.576874445789535
4,17.37716522588711,2.2243543531140393,18.838832114702075,28.427434748544925,16,8.355974516026151
2,43.16285377420691,1.5190442759337952,16.839575840076417,15.975928295312725,21,10.215281653432497
3,17.45291748361738,3.4510599552788563,13.758678889092096,21.53023817183858,7,6.881909550580083
2,52.639788181925546,1.418915466502105,15.615565602544006,23.997922766038798,7,10.061268946936913
3,38.03723838068675,3.3841472756510598,8.456260298139558,16.147425349355455,14,11.477560361602286
1,38.715343106169016,0.9703034590051214,15.105174362989288,27.158809522498125,9,7.035573816133003
4,40.27175284704874,1.100204890715705,7.9777761152650095,24.553394415830194,13,6.995393929265392
2,22.686616783779485,4.5252040317396345,10.531910325473493,13.95356456656283,20,9.418951958571954
3,23.89606364015194,1.2330997237159411,-0.33024870057294997,21.811291018956997,7,4.883850067049208
1,29.34677952928521,0.037524518605470215,13.605718637469849,23.929783681293163,16,9.115230721565204
1,41.70733871198331,1.5439681092338813,9.42451195556659,19.04971663235971,22,10.43656113247274
4,24.455299917309652,2.8305890390604516,16.44458086081785,14.600675472455931,12,8.209975430936858
3,20.234927720996755,1.9050957600577607,13.56077044242161,23.39229394723705,13,5.312851412183768
2,58.65525988882945,1.0520031744676739,16.4963835788065,33.05621475141281,15,12.12071029813725
4,15.989181666433032,1.3351445834527502,7.665613821309849,20.065079504211546,8,4.762292590599889
2,51.12138324012097,5.549442495154084,16.15354414863853,29.846205906423542,18,13.142043084571643
1,50.46158173087599,0.11404621688288963,20.423425377453306,18.238555891192657,22,15.091219992222207
2,28.37463512302932,1.3204179366361541,15.056633199727578,23.07772817504976,18,5.682730026954656
2,21.103197720329103,0.39988110832673424,15.161396034769155,25.857612654380596,14,6.333646938914533
4,21.553289101744053,1.2262828568298287,12.67839070557974,21.957931670143175,21,7.433281191703852
2,46.38442277567366,1.1226403612194558,9.901324877738542,20.511321755593844,10,13.920344506649995
4,43.92629659887781,0.19991289956595992,15.044769490806035,25.63063760675187,14,8.35672908413453
1,50.223555341312405,0.2779351440300956,5.975668358391727,31.457275576346106,14,9.286780293400549
4,57.18665275795971,1.1662579331228236,10.328979500316734,23.502934623195657,11,14.569704874739724
4,46.13673134699664,0.1646755090617931,4.915772790651271,19.419699117348262,15,10.282088517317167
3,22.013319144814957,0.3697570784001069,9.185374490739669,21.051242213701585,16,6.482572170753241
2,25.95491775444348,2.1639588979351654,14.568180367574245,34.59853822822687,20,8.737498586669975
1,52.898717889290154,0.4753751110737442,14.021573504881854,22.674535581690638,12,9.674310815394701
4,24.418773412539387,0.8034577842715491,12.203654782141891,19.027931507110136,19,4.390183867983791
1,18.263504262951663,3.3991190761704684,12.681603976248043,16.2746604175873,13,5.900774909472843
3,46.64760243190127,0.3092029433034776,4.456541528543163,12.870494529436971,20,9.30449738751346
2,33.11368599705639,0.5924201080524741,10.50975087771634,23.81792136923095,22,6.4499006223410795
4,56.40180236456566,1.1190802944438805,9.27459357425916,25.27320996412252,8,11.22225704674736
2,44.261478199214764,1.6894576943152233,9.363761237941837,20.016519100173966,8,9.595274560943945
3,19.068854000624732,2.783108604059566,14.398314511255013,21.92514790984523,12,6.2416730648790955
3,57.65354552641473,2.964820946421052,8.557970693978758,16.14769145355688,15,11.554936547828312
1,26.635076863811065,1.7987649508562058,9.581276599490357,22.664642324137507,22,7.972789255040286
4,30.17456206828286,0.31103923874270184,3.6517230171619346,24.407476602835622,20,9.56979935486444
1,33.101718615759395,0.030146721807291898,10.823507278495322,19.32417866416181,13,7.928411647423644
3,17.305093338194098,0.5809696639191678,7.648649809145521,30.452263347929197,22,3.3162933770497998
2,37.34319400037722,0.18315060358413252,12.316811714758574,17.81446836626544,8,7.292162788307306
1,20.54933209838815,1.4870543586083353,8.195567813030141,23.41738302009491,9,7.8801064184705
1,33.043664700975825,1.2985685492281331,12.418168982196864,26.24158609852303,13,7.783395707324043
2,30.781940459643792,0.05396124335376824,11.421256957030627,21.61355249925309,18,5.818558934716874
1,49.777803754192654,2.1738192310403095,18.688167092169284,21.05761590552754,6,10.981852998982903
2,51.1426730234729,0.3432093958000389,13.988871921812775,14.855669247751688,16,8.748090363282213
4,21.90357970750896,0.6792404651864644,4.641448509750788,28.78670747858142,11,4.383486957499405
2,31.49480343206518,1.3229048855768473,6.940444623589166,21.15053399166202,21,6.218176089218809
4,31.800892246432426,0.6733197185724882,12.220832035969332,24.686827124674124,22,7.086457637323783
2,21.813469977123827,0.698544949633111,8.280608206429397,25.363602439300703,16,5.255046801340383
3,50.930407727303574,0.08145675374245857,0.1265262790565913,18.858507539911233,19,10.359518122824884
3,46.825274775094044,0.6158813256772994,17.398185255334973,21.012356978543927,17,8.972086861249192
4,23.567180383366562,1.7370272535942857,14.88089606762163,28.67241175371752,12,6.160125620786216
4,31.502485886720958,2.960616878998263,14.083907493967086,16.414011671297775,22,9.37505016117844
3,19.76122611854314,0.6402932754097743,9.57070781811634,32.639590373786284,10,10.082770393997965
4,43.269296869186974,0.6611145913465023,13.710707084039718,18.275636073618628,19,7.877379364986196
2,20.461736604687886,1.4553220721276123,9.182558703116474,16.102412716797442,18,4.941757056986178
2,59.3670375881213,3.4328544110299353,12.819429200870763,22.661545103442673,17,12.844427099119795
3,50.130693360953806,0.37283126240172426,8.317667096654091,33.041741321699355,19,10.391664740828825
1,32.56073473127978,0.6960912481075846,18.065153802224057,12.445170322038974,14,12.877338013901067
2,41.03537695257095,1.9074049616174045,5.719053383672621,21.294921407551538,9,9.219285041186232
4,56.01038172973839,1.1289877545848543,16.929135318043325,24.38132508628278,6,13.230803591474782
1,39.934467617812174,0.1406314161738439,12.155663312069322,22.168249792677656,18,7.351409880851628
1,22.852431887907983,1.1857718758596463,10.042132018632037,23.90960835001505,11,4.457828646498574
2,32.04165100115217,0.24805457406357434,12.668011686782954,18.40983458913863,6,9.49731462593434
2,52.941518926338546,0.8565488001586605,14.933392028712724,19.001390770343093,22,9.311104125599703
1,43.989585719532805,0.9037397531255142,17.46698694677759,21.257886764204002,8,8.360070769084434
1,44.28259729502101,2.506938093146553,13.252572092534129,16.350559560486246,22,19.773284080692157
3,54.006966855982014,0.7449790392443363,8.43721565895089,21.776567992799052,7,9.550606973373107
4,55.22878758581271,0.39327594373708835,12.222520495063154,20.056273531642493,12,8.892550313871514
3,56.39066573007463,0.3151446599839924,19.26717294664949,19.649774074225657,6,10.737469919569627
2,19.268213696392024,2.4881692728537046,17.390712342050495,23.602532062993188,20,7.040406394579549
3,39.48567008833954,0.22505786078406026,15.635053912497435,12.89670253400348,9,6.477549447110975
3,48.322928454824336,0.665876305041435,15.182748080489546,20.85454948308423,11,8.705610975607133
3,49.06170803071562,0.24868455071683238,14.797800362426168,33.586768828074305,18,9.76861030439497
3,42.30222908865017,1.780974651648804,16.63501933803948,16.569451568371875,18,13.212878570319372
4,22.50543008326534,0.771795309988479,10.17348485711238,28.427502482422067,6,5.006379142179983
4,50.88392492737489,0.5190527877677179,6.5796557368999755,22.273280604563492,7,9.710647000069047
1,47.40501000817256,0.537608122663291,12.276014002948246,18.98521095559291,11,9.562382609310411
2,18.876109719706633,2.2943896756236772,8.729673652889236,15.396791702350967,16,4.8136906265645525
3,35.87144211034693,0.968315551704288,7.779916978491262,22.69840982642616,18,6.993153589648872
1,22.82898297848116,1.5184556457589273,9.118885693648274,29.26698552907338,17,6.944746431585745
1,30.186467057083735,2.7280803658421577,21.941255698134746,20.05394427401618,12,11.453857532398345
1,15.813649149255845,2.784186371506609,12.544498536303376,21.595192876316133,12,5.479360854710588
4,33.01484407848412,0.4779056962312337,13.447631345443952,27.05185425095166,12,5.348069251341968
3,39.74446145202947,3.6552000659235997,7.110548771982984,23.704353956731403,7,8.899607824368733
3,42.88121667721891,0.03022861870616411,4.624988164829481,14.138621101377108,16,8.001265797103716
2,44.85706553079196,0.56753381762162,8.723789427524776,22.494436079275918,6,8.786217187954449
3,52.6331090896107,2.713718622379762,17.752782340834994,29.56117455332799,18,12.51437397771832
3,24.695830827407853,0.3852994729065891,13.337101864306085,21.81529406766251,17,6.57110681672751
1,20.421682009731057,0.3827290127166383,14.394380365777568,8.292552852613117,18,8.45288216391415
2,53.31917273540665,0.4325137197247531,14.954264156808247,23.941074957955365,12,17.588561841564836
3,22.047576670169246,1.1370695503475523,9.634602480806889,21.00771780227982,17,6.631862121068565
4,58.86420366012879,0.6922148782713609,17.55186233589347,12.854527930393916,22,11.59204918530706
3,52.91422032293866,1.5567751917484067,9.468769603111271,13.603959549731078,13,9.486513804859884
1,37.53944726503196,2.70353312105505,17.624929437050213,26.875535716444045,8,9.550807893784848
4,59.163964121491134,1.3457635971429986,13.769208624541363,18.3380862720246,12,11.650604753761877
1,19.381952809860188,0.2744911164048342,4.843819383014711,17.46251809632004,13,20.2479347043104
3,28.637959252879575,3.237991402239951,9.00796205359786,21.821807195341655,19,7.157684356379052
4,43.72009867682752,0.3686340593438741,4.860245868511582,18.778985008400305,19,10.003734008667033
2,30.750309081293043,0.19487349455062003,16.653128531176833,22.500243138888727,7,18.963730624242416
2,56.77676483913563,0.11312966738645042,11.901058316790396,20.98639985281665,11,11.879519651808197
4,17.953173968001792,0.9944407137101341,3.086630240200879,16.000022099531783,21,6.403200121046082
4,39.723532442743405,0.1449243159264936,13.502987526878634,19.444011007193076,14,6.673118182935124
1,41.58898203278015,0.17928061347356464,9.85134295044672,24.213766606545523,20,6.388508141881513
4,44.37276556997509,0.4280621863135674,6.064776579866707,22.209590201193127,20,7.51069803152722
1,26.50498004993165,0.39696306390352265,18.71186334787479,21.590287588040844,17,8.526269198952974
3,31.4054892383939,1.1123352897343026,12.429143464386314,31.686921205896923,14,5.827658896957432
1,52.965623834923996,2.0362538142086675,10.82627439074675,25.655187626927678,21,10.276136792644472
4,23.772424603657193,1.719306953927994,10.402300876055932,26.262206324106714,11,6.594690496112945
4,52.20905312280129,0.36536173516772097,5.946882123368911,21.170157961025375,20,9.857745364671015
3,40.3194940306234,0.33773864391895553,6.781804401663562,23.100725951756374,18,7.884209301748023
4,49.29843800373369,4.05033840946161,17.139667139500332,19.844500052371536,15,19.19134297107369
4,47.112331481856216,0.009924416189756488,10.104468520857123,25.88774882762064,19,7.099512630121093
2,24.338017292319556,2.5415248232389964,12.088270803747454,21.44800047950478,8,7.021216054907194
2,40.59657313952428,0.2673651093405316,3.822678095195702,23.11188874465278,17,7.707433532177501
3,54.047541876229154,3.5314108717129793,6.727631856817977,22.80305651077584,6,11.626620680310042
1,34.44523065608682,0.5028209459430761,14.439250079499011,21.909165592972727,21,7.058222435617875
2,58.49658466004925,0.6965362323593227,13.510847040455335,36.69094033577885,15,11.56901919837551
1,35.34967950457731,1.4735932876850308,19.01350079489726,18.666903612526387,14,9.919474647830326
4,21.42535365005481,1.0631147747527743,17.371825326524906,18.62144234920654,6,4.959759417985709
2,32.524560603495296,0.4591639988653984,11.077156110060708,25.470483734058785,15,8.489643460858725
3,57.826608287574174,0.9684687436836475,13.891814258853085,19.024155004624106,12,14.787670700335848
3,29.38743822029344,1.5743458120901852,10.733586228387704,20.542968193255533,15,5.931484786038405
3,54.06441719401783,0.05190863102953399,20.219239274554596,16.56794523322191,17,10.794863820792918
2,54.65628067568504,0.013514987598467662,16.5960587842096,24.457789597012933,16,10.12192807822081
1,30.758393594938248,0.7351353467930867,12.678740363431006,24.52128622242076,14,5.49150662428976
4,18.746594612278447,0.16965042443706288,12.801579139505405,20.424039700382778,10,4.347586108311007
1,47.60510591214682,1.3100031856051253,17.77940114903923,25.57408344240036,9,9.486096902750973
1,29.01805345562937,0.28903827237943913,14.318311388455388,12.709374931332041,18,10.061811989421342
4,50.231562641590756,0.6805600937799628,18.234512068280345,18.465732992428283,13,10.239655420640618
4,34.91946817171949,0.26428374254118187,3.225408294964506,21.150104068945346,21,16.006867482708703
2,36.837003405417974,0.9541722622271573,13.844913045995193,16.138587515485234,6,6.384143412500065
2,50.005923303684156,0.14803043110809364,9.93826054127446,13.25643481290639,22,7.892283186178197
2,32.20634989777325,0.028053601413478495,19.02551195051197,20.460520174807765,20,7.232186086293161
2,34.94073053953115,0.0629822429218415,18.185594748759318,25.47010043530371,20,10.395831625741618
2,31.928571094632996,3.7016976219375044,12.131343236405227,28.41054195713256,11,9.371020801052726
4,31.5303231874776,0.18418178792604498,18.142523915244126,19.263560583973135,7,8.455750669632902
1,38.66759596056568,1.4791688072041327,19.132458079970025,25.666079188107968,10,9.324990860197286
2,51.39597500255178,0.08441194489522955,12.29762668770459,25.182710190378337,12,7.859636821274924
2,31.279574036515463,0.1373627155703598,21.88773508972743,28.093040871672482,14,8.955330286181406
1,38.591462424198156,0.8532709789839049,11.87463538932111,20.249044848229993,7,8.481588000462672
2,45.18272964491704,0.7502967709617245,11.141916198656364,13.00749752407663,12,7.5258616463051045
1,27.124775083664474,3.6334184618850927,15.463490354337374,22.350929262113723,19,7.489282445669691
1,27.488526220607667,3.4769217562895434,10.584837075430745,16.931031295151385,20,8.19793826810891
4,57.00359071605546,1.8148204985517817,12.341359103179576,18.382474454689962,17,11.185879277070859
3,47.559055799898985,1.1058709932304802,17.63773769620364,20.49390427973409,9,11.601899314860562
4,40.9734004300489,0.7282760098159816,12.076875408869082,20.305361843254286,18,7.7087599310554245
3,44.14740244892754,0.5284005822364768,5.2199288280987695,22.70779633447897,14,9.221958157384897
3,16.318474939653825,3.5269398731189106,13.469277551396786,25.515781582098086,17,7.706978595207357
3,42.81463345027636,1.1083071966314866,9.214825683790421,20.161322083620167,15,9.380137497785963
2,37.92789929508909,1.0383536819152164,15.461084629178185,23.978487533040024,14,8.471495770312378
4,39.558735590074605,0.31660416771001537,14.784758863304983,22.074080049652526,12,9.46362748549425
3,31.174072207386768,0.0573880085681873,17.88560139266609,26.677471979392227,17,7.728375168773287
1,18.666325397082385,3.484628049830002,15.630129203170787,21.057040744468416,21,9.370447266910826
2,23.700265512542348,0.45179016678326,16.360977134632257,21.60536662112722,20,6.349738105402723
4,57.78351209457023,0.7013429657901183,9.323612959449147,20.127997760005467,12,9.574864256719838
3,33.39148030219203,0.14611304796787772,15.21594598356201,21.188757300207524,13,5.930916769526542
1,36.00074201238888,2.1762491426558026,19.87380515744116,18.08255935827063,12,9.405268271760187
4,17.371940543404754,0.03362492814724188,9.24540036545293,17.587013569282433,16,2.8299363797962735
4,16.690480329479126,2.154854210602266,19.198953166908392,25.878826926413623,9,7.8444446343842085
2,47.27316511710409,0.1813852258579829,9.802599635194678,16.583991584076994,12,9.044368318084247
4,39.214259885450005,2.6118209647874524,8.592115019800103,20.404409551510483,18,9.75359684686899
2,37.891769289732,1.570189908476843,13.184801773419352,27.07671393135498,14,8.242075682361264
3,25.94060386902009,0.21591448425724596,14.863641664515239,20.236496024981964,12,5.630511431153598
2,48.5137829233465,1.001149753802096,15.64700049588906,26.143702268427873,21,8.288327732482125
1,22.570646059882137,0.44990500995350285,8.152950316907193,19.044771396365793,10,3.947921655643665
2,23.547063464745904,0.2355581993511223,13.73816038901716,16.74418196824903,12,6.020441273141151
1,35.7320477106724,2.352346102334522,9.25778171406598,14.025870725495896,11,7.847862499860705
2,27.88259379503734,0.6200570459892336,6.044310975717694,28.563620346363308,7,4.906814661992264
4,26.135834155491587,0.6100817061540873,8.285054737868862,16.315644091827924,12,5.2053854957142445
3,44.03569400489992,0.22343166136100404,8.996398536176727,25.735932950625468,14,7.371452905600469
1,44.2937285348345,0.5795912459587702,14.08638064141003,17.00026486603309,18,7.167357220885258
2,52.10326814099682,2.4632833179265066,16.608854652274673,28.586919589699107,22,11.325930508406616
2,33.79688551378391,0.5414252413318437,6.1071734804989335,33.033913623075506,22,5.5574754273058735
2,18.288829096176762,3.633994888003297,13.407844296832224,13.567349701548316,20,5.6513021393312295
4,27.314987321465594,3.509409614432536,7.293207256916374,16.57621782920593,20,10.049770678643526
4,59.10024584385676,0.18784234793190063,14.516341636056001,25.865659319016125,16,9.77190080535188
1,41.8316358854716,0.23421281240287734,9.509077675985008,24.565214616829074,17,8.138861045544795
1,46.938168816045916,2.3824777559251022,7.794683927906885,25.884609273800958,22,9.653641344653765
4,15.331102333143654,0.5985992306396516,15.198658061390299,19.13122224797812,17,8.157339403399355
1,38.31925794821344,0.005260291355134417,9.65230957821962,31.937670805116838,12,8.364707790796878
3,16.68878958893114,0.3840344674344219,10.736144194589206,22.590247333448872,12,3.7319845616109752
3,40.61535954411516,1.0924568561726087,3.1200436497744946,15.915187115782402,15,7.439301845457333
4,56.43468823362339,1.9269293530494853,15.786205445693895,20.734257499785276,21,10.53915918996688
1,58.578860872518355,0.17179756155484344,15.283634084676429,15.982165518855837,16,11.883848067240383
2,39.32487039250159,0.1405707311466735,12.021831377125256,29.954706792770526,21,7.217934497640207
3,35.619216236349715,3.062682029612254,5.889676234576964,18.69834368599942,7,8.32086378561562
4,57.52576924118223,1.6690780977822761,16.83747671333905,24.46241742372311,7,15.557501727043853
1,45.31244243985128,1.0692728455668583,9.334946454556835,19.6466342750891,10,8.641193365239296
4,17.920467579228426,1.7593758123198537,10.186586199597647,18.923063451187435,19,5.663872028958409
2,35.95765099503739,0.6721332514086086,21.248176225438122,12.448729093594746,13,11.70683716833441
3,25.811025830893676,1.7048430980641023,9.185454223563081,24.990873014952836,11,8.819548115492195
4,36.141194465190665,0.5578817442581855,14.968839849706,28.49590626314592,14,7.899450537590745
4,35.495950740286276,0.3358068078209197,14.24836904833047,17.42016209317424,11,9.98272099098139
4,41.19651612666339,1.566823181274177,13.56068877152034,14.273854425006643,22,13.510138748142733
2,31.054672065716307,0.6529947857757136,13.128002170218043,26.016580213689146,13,10.650847577876043
4,22.392170225516765,4.780036206067742,13.505554247556798,13.768793254468745,8,8.041368308894667
2,37.66737455654803,0.5159894428346267,13.087762363762161,28.097664679741293,17,7.0751414660473415
2,52.35912979555929,3.0570695228069704,11.792326564895756,17.4780243852269,18,10.849725179197305
2,44.8805502630421,3.2430046069795786,18.045132496442967,16.483536285876866,16,13.865949410641484
3,30.22655396663471,0.33225349310607255,6.749357756802887,23.242312105656456,7,5.059603769119451
3,57.09853602414857,1.920699767810747,16.085832416061507,16.809303574942813,19,11.304358395922419
4,56.0493407062132,0.6810328635117601,15.289369194750206,18.464444593533955,6,9.058599902940069
4,24.420677972284444,2.9943081054863248,14.793596485317604,23.769909663355033,20,7.864538421426082
3,16.773791330416334,0.7176755718385341,16.467917710560513,9.854438314166769,22,5.6787222267588415
1,48.3588918757843,1.6365179216116121,11.629602418926428,30.21209622964161,6,9.135714086726805
3,52.2424617607119,0.7550072527817816,4.524103696692493,22.21820066232869,19,11.109530336588808
2,58.553905467810985,0.3102152085619288,11.710829361142057,15.53516993798236,21,9.992293123370985
3,55.04263773397398,0.26679785071640283,8.035223129501782,16.913773153565792,9,9.2169271108476
2,42.02406456928867,0.664962507068695,9.072563160567745,26.95823189130401,11,13.090244391333812
4,38.85235526455713,1.6902217411240554,7.030321304670353,25.00526467537052,21,8.956858847745808
1,16.252847306816385,1.1148606067202087,10.090620566224663,28.933903286426055,11,3.9113743654323914
4,26.099540108015002,1.4001252993295756,9.613505224066204,18.586285775978826,20,13.21280842421989
2,35.682663827981685,0.3980884088935854,2.4897206802915903,23.482919185754014,6,6.651445065372072
2,43.28267550376055,0.7880286776327756,14.800887645129157,24.132839558918388,12,9.210105573297911
2,40.07633249932848,0.05449309021028117,20.881287432019526,25.476337501261185,16,10.39308109393988
1,48.41861953567607,2.041419292109428,14.424948773985154,27.63640561716035,6,9.993315046351755
3,27.58951188991684,5.513332968270658,11.18830417386309,18.413680470778264,13,10.084475959227932
4,40.42286734436129,0.6268283509999975,11.781014417295138,21.429148661197598,19,7.1131926841785065
4,18.966400952585644,0.013229036284601628,10.316056527947296,18.949251272099275,10,4.109594781952547
3,33.61494856124431,0.22329573303353858,12.360166335467833,21.736940633218122,18,5.965326674677634
4,48.757237482957045,1.2684815556156248,11.851967623707065,25.492163910314876,20,9.914119975898272
1,46.20303840430698,1.136345266341181,8.635806278406822,13.729822498696489,14,10.056192723637121
4,59.578923172748055,1.8606373111878072,18.731553555791326,27.546857847296426,13,13.448677158278871
2,27.50510066944902,0.35144905149468847,6.051383057160916,16.30408937868125,22,7.405552704929763
3,37.41851846282906,1.7308380109307497,14.873326172776984,20.46314840151384,9,7.082282270842151
1,29.828868619829855,1.3976410553026055,11.595209490729873,28.21970962483062,7,5.7561581597091225
3,34.82714013266286,0.46777204472596534,19.60332726026298,23.640048589917026,10,7.438903523076211
1,53.562755844122464,0.9462375465866731,13.363458396992886,23.697649741318298,22,17.30078691294011
2,45.7894083834819,0.1911801332913978,10.560377851267006,16.096869773524446,12,10.242913514386876
3,54.709853610641176,0.7230127664716424,11.00917120626201,16.779570320880797,21,13.942119334799449
4,24.15799987493489,2.556349773589866,12.159626778079044,26.706281983344596,6,6.303936495600575
1,54.30125030286471,0.6561400693826539,7.428837220014397,19.05428227257805,17,10.376057851367708
3,17.6893023380273,2.19585244736869,8.932521899528354,19.525440633500754,14,6.028921599605331
4,54.98696761967186,1.0706595292203602,4.86022412323257,26.81975625527356,21,10.790276721031557
3,29.808320075732755,0.25564877916779916,8.308092406503624,16.750432273152363,12,7.204394465304562
3,29.156443503632993,1.044165550214045,12.3756259266418,23.34617566443129,20,6.210483649539633
3,38.04398595143988,0.846223218861599,13.200700197138083,22.214536630838456,17,8.645085343556563
1,57.33105844754543,0.6102764908920327,4.0826812200143925,21.986571370683787,9,12.194345282025454
4,17.15016141066324,0.15289620548516522,11.451153187823198,19.40782184061248,11,3.3772128933899683
2,30.85039387818354,0.6468821981893718,14.253639803288529,19.100724092683357,11,10.973118703033368
1,53.54573949075011,0.09065449194448659,11.348351226495058,16.608179181025672,20,9.56420608808613
1,32.822451484596,0.12479247536125468,9.4648454168888,24.413325130206534,8,7.662438233733756
1,23.962060391868015,0.6452536599672237,10.351355419807145,18.65925404241632,7,6.72123073757157
2,34.11573815991353,0.43727097484075317,9.836946580091112,26.843723105836258,10,7.13311502108983
4,32.349862567125115,3.117061570419245,9.453077763567771,20.877224792046736,13,8.125362439419412
4,56.19372906600165,0.5653602671772165,12.695294100979394,16.707747552894812,21,11.080209592854114
4,49.28704690843937,1.7018777426239828,21.230752910941803,20.810930589257897,21,10.806448035750895
3,37.73020000848028,0.9066592498210736,9.025200332379267,19.94571400431763,11,14.357853552501261
3,59.4766755024707,1.4612223451648967,10.727429469354293,27.045517058640264,6,10.497154337015688
3,35.93748890741655,0.3615142066470497,11.793208242499073,20.154999053742337,13,6.324177980904103
2,17.620702386912384,3.414810251770256,9.250582262566827,20.61894809399837,10,11.552365937185954
3,26.802344481674318,0.9062530719772218,16.392943214093705,29.057733527462176,17,5.57615752819294
2,34.62317160986907,2.135731183850284,2.5164585067742475,24.541336607316744,10,7.274943226932896
4,22.060618086575403,0.5450426890903955,9.875763318485298,30.313530080017483,18,7.009884777678319
3,57.640430684581936,0.12671445061632458,15.273254945279849,28.295225020319524,17,9.40821486901651
3,49.50820040179979,1.3439685268507715,10.823622766445466,17.564187058185727,21,8.700441418184457
1,27.07292401924977,0.009347893274768105,8.716644164598835,26.94975427200054,19,4.58244598945142
2,41.58620400830621,0.7738982673116062,13.763027017755057,29.626516460372958,16,11.242244354861597
4,47.46521206993074,0.25702340047742267,15.625372941588608,29.664065661617098,14,8.170907370138101
1,57.35755180080591,1.1846208968633234,12.842541780860234,26.940479917883437,15,11.926613360698646
1,54.67359071289348,4.660115261104494,8.795118560748467,26.83761497454588,21,12.93464477343085
4,38.183650176219615,0.7492477097631874,13.824813276606973,20.48669478162225,15,6.934890490972763
1,49.85936789068579,2.0411946632654456,10.39180279890084,17.813089578252125,9,9.422941487338727
2,40.296513922241324,0.8506056171094477,14.98074752757531,20.238913405512715,13,13.889805119082435
2,39.871675052049305,0.8218339952015068,17.933035539426363,13.676054992836185,16,8.990720976666612
3,20.163388125218635,3.1983939771542658,1.577692977245869,28.713976577108525,11,5.827005057377154
1,20.676194610726842,2.648357612636167,12.44426989278253,20.58353520291144,9,5.663439520271515
3,38.829012676010585,1.8490167512601108,5.057064252209491,28.4566536453248,10,8.349689261892843
1,27.0987695240553,0.42160832974772006,21.767154341319085,15.842502113892003,8,8.003521397370175
2,15.94666061072109,0.944971627558577,10.127501864815239,27.413124605011053,12,3.549265514292718
2,47.52776417550955,0.3041644035120753,14.98549296730149,19.525596709103404,17,8.023204099301829
2,16.461896851057425,0.7042046067560344,11.858732561620418,15.57815295845413,8,6.094884590630251
1,41.787457849682454,0.7944738202966478,8.787661677123761,30.13559026079879,22,7.984486745418682
2,39.26372073572915,2.137981168406025,8.311787811290293,27.53655834670387,8,7.602749749215728
1,58.5966610760012,2.716364592661906,18.342716692403037,23.058962100928923,16,12.076305026939629
3,36.789591270643875,0.642593011887741,15.823752240713244,22.169689425674814,11,7.436878793598359
1,17.86206463700088,0.02143565217633044,19.774336349510254,24.19755009409559,16,4.252760450769665
3,39.825958551290775,2.374636911786155,12.221813340630797,22.973142889587056,9,8.255692888038276
1,52.84932767772457,0.2297975346734717,13.151678484984002,18.038620229142644,22,10.714235301231838
3,59.858217792664796,1.1670586407202064,10.931233737378847,19.93973865107539,6,11.221709310314305
2,34.36544281600826,0.030345555265296937,10.851671187539964,31.803589160193514,17,6.496437261497164
3,29.413443412353413,0.6120041047622979,7.832452270090527,35.360783713140066,8,6.725311504807381
2,55.79939836283995,5.119039678563959,12.336040763697405,29.813342526153413,21,15.572378597039046
2,23.605895808425462,0.1273577768017246,8.843013620455212,24.391119700813118,8,3.9881134144860777
3,42.6943011764817,0.6613380454914141,13.76763568865681,20.311254836490324,19,7.313231883525827
1,33.25714908814265,0.4403300178550605,12.680040875920838,18.00907053051517,22,5.599696236861945
1,16.84870642299999,2.8257677189947037,13.15072817470289,18.33858794784899,12,10.311748804058986
4,30.6279813437564,2.4421890905203267,18.700519758760905,19.233661706566195,16,9.380243288215276
1,26.93528351262036,0.3256961684817314,11.849128200937635,32.75582020712885,21,4.495282383385639
4,45.874101927456906,0.10160821916710992,15.026908011413713,31.031411481912993,10,7.469052956206253
1,57.69557239613631,1.1838575494095895,20.206037856342327,25.73139194967697,6,13.749497500925353
1,27.0621234320387,0.4920342872606613,17.22646827718019,17.196934117935868,15,5.179726909815718
2,51.51596726182568,1.3379987905625517,16.612678793819377,26.465279633555184,15,11.868339508726494
4,17.49119176222843,0.039176297165969445,10.773247137918,20.806914857446973,6,7.503721308968968
1,39.215445451791595,0.17181226454557966,12.918572222271187,11.234952806779393,18,6.135833844459209
4,18.174752866945255,1.391458141165252,6.726894831880233,23.435503187006297,9,4.252002572077882
2,57.03148460087877,0.2864732094414309,13.995657603857659,17.790434795829725,17,8.788664127645454
2,49.48580762508256,2.338834484564226,13.097840710455367,17.959732854549813,21,9.524828930761876
4,44.60774600420666,0.0724529646634123,12.093540500624725,20.747960032159963,17,8.66852057398092
2,52.075337173109894,0.2912228886947107,16.10877915297144,19.508385135287934,11,8.468618967865016
3,44.13839080065734,7.851941687231639,7.168900710302414,21.82871590447996,21,14.011989167875432
3,58.6024978728431,0.6810362447909424,18.53945140464139,21.588347249913973,17,11.796987024560178
2,47.12810765391472,1.456689043081288,15.607058751761135,12.620954535761843,15,13.159036062003318
3,56.60963743120111,0.24204461309554864,11.717464081392103,29.601389944414166,10,9.971093755829544
1,38.27093514047871,1.1295264234331248,11.405081648730425,17.083116385256602,17,6.9518357796220185
4,20.26789858418382,1.5540172300537236,13.922444860994377,17.238008074347633,13,4.9663864210726505
1,38.76799746403577,0.4530872366578492,18.083404928255117,20.357233741048514,9,9.33336583753034
4,20.709277262839198,2.1185882628808073,12.406430874760042,21.45832576315353,12,5.039090122555565
2,41.66220656293822,1.1098456641651682,12.576123607916905,29.294899084159194,10,7.664468843737522
1,36.71218772374483,0.5914315981736028,12.072473910503485,23.347117260274505,16,16.914449782807317
2,43.01589290247517,0.9787639910237786,19.12809645080589,24.83232742054767,22,8.484923950225907
2,15.452114147467421,1.031781464648121,10.524467588251905,23.372680937916407,8,3.4734239694005544
4,23.767822124491385,0.21715779455806325,11.881969605523715,23.157307912493863,7,7.450674471742048
4,37.10986943604589,0.6184679692345274,17.853742617043977,23.548647515435043,7,7.13117213036791
4,57.77266027151107,0.5048722325635387,12.588043334451454,12.336329287155307,19,9.138236594731964
1,32.26240681598213,0.6147975532213601,16.54823544018209,20.750407575802356,6,6.054321174858032
3,34.09674117241356,1.7181054569554937,8.354879772388166,27.811305552855785,21,8.854704873205607
4,47.161324005298,0.7905839687085104,11.178829913485943,41.71165505403343,20,17.662188544896445
4,42.17067407787531,3.3824326424606586,17.937736153760916,15.97845533730245,7,11.69916703677886
1,28.451676754424994,0.4172181701693626,9.294641136945819,24.115399801621763,16,4.867026631247501
4,33.48673780053425,0.6448162241937604,11.39480384092117,19.14476711062829,22,5.945003342924541
1,24.79649094857546,1.855512439347928,13.026740923565914,32.238259519484245,18,6.746888256747699
2,58.470965660859385,0.947654703261691,8.043381928028053,15.231086196042593,17,12.043925008294924
4,20.878547170081188,0.9503103465801164,10.344759525512412,25.124697451579397,7,6.0668539474485135
4,31.732655305488876,0.06577854115573739,12.450546727302562,14.96394450247905,15,6.522566696112416
2,16.162753749900503,0.6101933371206668,12.186726936647846,20.407166659695836,17,11.488879196267035
2,24.980077137009587,0.37885963585306587,17.12140808334854,21.828433346250954,22,5.127899712068439
2,50.12120122710697,8.779089891375937,18.165828779329015,27.34845840869804,19,15.870869726311714
4,24.052885452999575,0.4424190754794089,8.575660511996354,16.614165869207362,18,7.88072727693807
3,18.60285311380345,2.590145697222722,12.445074076669957,25.316915244236927,8,5.54984121388668
3,36.35039309300355,1.3532801135677517,14.696993233699063,22.093888616939736,13,7.343693866482217
3,15.448615563053332,0.50028588911427,18.06538986319679,23.3639669314299,10,5.22824276185359
4,18.814476949184993,0.9410902684548688,14.873961189268517,26.791663573425705,17,4.53523184825555
2,51.34316413033388,2.2031236016668854,13.163653606369326,15.587216534973562,6,10.142318468052942
4,49.71630051868229,2.5784809865914156,14.666170127930522,26.05297486574296,21,14.502286837095983
2,56.181246918220324,0.2097868751148535,14.695075337345038,19.155475734552876,17,8.871872892124024
4,53.453194615983726,0.49784267672739735,8.289142830862527,27.47936727488413,22,9.452255221627006
4,45.74290034579181,0.4899646847993027,12.771195170025075,23.6727881726894,14,7.259349738018974
2,17.354978578529828,0.0515451145203913,17.836643976754765,20.952358092414723,18,6.790312924969509
3,50.228187809399586,1.0942737693021953,11.170572925223981,19.049870154545893,9,8.778499958267929
2,53.04798648782522,2.31573755056291,12.517786570189777,26.116474971776654,9,12.77531040478666
1,50.95869655973795,0.576694038870679,11.029934201895912,28.304758427404636,20,8.426913482380552
1,37.88155658886117,1.6166542889557864,2.7445620175725,19.335742295699077,15,8.053797413474895
2,25.480582739226676,1.1856676908457373,12.082360708938717,16.334967171093016,11,7.37588829336825
4,53.0398489059927,0.565250574126606,13.20716772261149,25.471055214726128,8,9.039816412448353
1,47.72232643830623,0.18246716959495055,9.950026436476392,14.757345289831498,20,8.057836402228684
1,59.134252847498324,1.4826546332120807,7.3814522044610875,15.472437812085142,11,12.2574250557703
4,22.006166899016982,2.3136326270514727,8.477574160873402,16.686498622360503,16,5.567604656190444
4,25.154906237342477,1.3894788004983047,15.056750464542256,19.922747584806253,7,10.965988712737074
3,24.53091674466762,0.021648281925417918,19.89009909218762,15.318340553922775,7,5.582436792996425
4,50.664289542960155,0.2923720343216732,17.52973336362173,12.30600045309211,6,11.365013473684483
2,23.410828340255318,0.08641403167813266,6.622615980677793,16.322779028314386,16,6.825790324185219
2,17.999692342048775,1.0138420555737708,15.418509242202811,25.212372232863093,10,4.574573947628091
3,59.93523629635329,1.6950560071850729,9.34735049676284,15.642279639366164,11,10.686102583325903
1,16.11677451503171,0.14062176010465452,9.670931749964891,20.29865161022915,8,2.8928259751820566
1,52.58598270714896,2.1866957200148627,10.152097608114865,31.73349231182781,10,18.097632589044046
4,31.441507869779375,0.9729905077165879,14.824267799421722,21.75412934986455,14,8.079570530276348
2,52.87269568910169,1.405299630798661,15.837013505796152,23.712654948647966,10,10.502094615753368
1,39.95792210450152,4.265295839893585,11.607875714880848,17.269799908742236,17,10.000985236812932
3,55.5734053268862,0.10486885060012345,11.675717035967901,32.817374268500714,17,8.458088290745422
3,56.6786843886582,2.777881021610336,13.857054972943173,19.293527554307857,21,12.944245955564476
2,15.40941815763492,0.1617508936321909,14.271978158096967,20.859476577742416,12,8.730036692848802
3,18.393547919675473,0.598990351637755,16.704902827034118,28.58529338983682,19,3.9756815859160612
3,26.266142830688494,2.2881091039280865,6.862512097963205,21.091328775731906,14,8.57925406647126
2,45.11919373635757,2.840602568428073,12.08010935921612,22.239443913376075,20,9.373029718076282
4,54.97224884301777,0.8471669046818883,7.72790249643529,20.591558396054353,16,12.065016876291274
4,35.69738780822833,1.0819918588090183,11.796230883746388,20.625838109713865,9,7.146091960631817
3,42.313790232341944,1.477807409514494,11.095298849276956,23.85251005414046,16,10.019331728501218
4,23.482493375800253,2.145980892756806,11.813002184389191,24.764715945990528,14,10.454186242970689
4,51.22350752467584,0.15546250291728328,8.801028447557872,18.783757843937163,11,9.74379692262216
3,58.52976501090614,1.993315264228734,6.050840827170285,18.16959771926535,22,15.443126655674927
4,27.086951981156886,0.7876603431992287,3.6222498931403884,18.954319555712182,14,5.228993691035605
3,37.26716782202459,0.7187653726194014,11.475279382940638,14.993729929001159,11,13.810714760900698
1,18.87522497278682,0.6617683101094349,10.275995576668244,14.047848707403514,11,7.485443641667732
2,40.16114954083358,0.8540906054937198,9.29624934078469,23.48583573612454,9,6.93506678713792
2,37.625254883100624,3.4816100028703483,17.29019385132664,26.692979015875558,16,10.183435147306481
4,21.499641786978493,0.9534288306760063,8.562247252818757,26.355226465726087,8,9.223090049859438
4,34.892979590313374,3.6736706874673937,17.667336328555212,10.090043634316707,21,9.13575476267406
4,30.034709343895347,0.23856578298730183,18.495374977077027,20.774674564783695,21,6.954075314344459
2,38.48238938873352,1.5454166539199679,4.196398132842476,16.489540222037206,17,9.580458968514211
1,41.35444509429597,2.0071059241158715,12.369525835995878,22.718687189104283,19,7.876890434344791
1,15.382301037324428,1.3640586961612555,10.401214036656036,19.910882405953096,14,6.193957267104363
2,49.24526923272999,1.1204975117124518,0.3527842211309373,24.959559531222943,12,9.179524190281171
1,47.08564313377833,0.9983747426115696,6.221434987726343,21.904234547993294,19,8.435235954379438
2,31.482887379293498,2.3673376146471776,15.099744428433898,12.519990525410554,15,8.362139287275095
1,17.382117100596822,2.0687859453861868,20.076797010845056,17.164570636002296,16,7.357363595987995
3,48.971964290327264,0.1565250948480734,15.610712570796993,22.028925574133268,12,11.796211755725704
3,57.98288222151596,2.2652980988954274,13.29452989005191,22.45055214615543,16,12.763712460654428
2,25.80682182099064,0.6414631131394392,11.91467047347565,14.97161596147999,11,5.480087234233601
1,29.558607618166704,0.3511480406719239,18.730651658592457,14.317701482269392,13,7.934340403824492
4,23.271580026681672,2.4461305982875614,20.59295680783056,22.281226687865896,6,9.89930187935163
1,40.96212555051778,0.6788130270494149,9.652629281903256,14.981663469747364,13,12.22706877115646
3,21.96786275913547,1.9825933693914104,4.000053758758836,13.656852867496072,10,7.3178140421638265
3,31.028727455762073,0.3668582142413233,3.6072501469151934,19.77429743684329,15,6.5177608629992125
1,46.36558562704184,0.004724473785312722,17.287523968639206,19.557769543306744,7,8.578428560090622
1,40.20521923542068,0.820927867489727,11.811765836902454,17.607997613303496,9,11.129233704987236
4,32.390815394757084,0.1267369995798342,12.732967641834874,18.481315216375187,7,8.105449046024857
4,33.911232081339385,1.6847438238527128,4.837396028173147,22.069178616111973,20,6.595124777191873
1,40.29498971804533,0.3876812052998877,8.987244348846135,18.399185481600902,15,8.7592827330412
1,15.26391275492226,0.7036198337819343,10.81807674439687,22.353485108324197,7,4.400111123614465
1,18.53294408041244,0.10926739509665677,12.831353533456282,20.09765731941333,11,3.086190611470297
1,54.656613049335526,0.40535527237849484,10.405631844344963,22.83825077693328,19,10.187414835740888
2,18.504554509108083,1.825109534597488,7.850695206794629,26.391027827183226,10,4.663409946968128
1,46.80616182947273,0.1972665699380998,8.86173202958991,26.196239226952976,7,9.64173309016132
4,56.401717384907364,1.2500872065145907,16.833293143788932,28.441052355330417,19,10.66305386122565
3,27.1807621935779,2.992870362472933,12.979138478413999,26.1907344844858,18,6.7972578974646325
2,31.67211466767814,1.3667091450013824,14.448627227822207,23.192787657709022,7,6.015241293644657
1,40.601463263012235,1.9993476344011758,8.404504756490681,19.832841811799277,14,9.039524311413642
3,54.67690363373631,0.13845481273020968,0.1847060583975022,20.06119538591888,8,8.757673641466477
2,57.385751426718905,0.34638998019123407,9.907582772462014,17.61111346782095,20,12.74878181367323
3,48.28034616500706,2.6992951938918472,8.533717782298014,22.02264645525779,8,9.407499314422509
1,18.897889238461232,1.506764089789913,13.396049074512318,25.486937393559675,17,7.751267651609827
1,45.11193699906829,1.2244951724931765,25.142894854727366,18.371661985584897,11,12.261750372773882
4,33.46366748426979,1.3079401465889247,14.780664070473023,21.81391070668113,22,11.17173053723166
1,36.18154497709777,0.6417333489891115,22.943840637533953,18.613188856391155,11,8.781619215643397
1,17.211677565532966,0.05469574338066013,14.275078781357795,23.046771650938073,22,2.8412885406785477
2,23.597796270586116,1.8414277676775606,9.480455049709139,19.25308308025025,21,6.974247289053138
4,50.57311233901415,1.362505451428653,13.391664312483533,18.302447143529736,13,11.129276800756827
2,35.428147487153694,0.7682205161019814,19.122554397910832,18.600166525339873,13,8.097859195963155
3,28.5748008734017,2.7602209575519843,19.318250385284955,24.516643869227835,20,7.8174212314841816
1,32.28085832842312,0.49165634128270497,9.698650527827684,21.516252973348227,13,6.2804489704358115
3,53.44797809965561,0.4183150484849831,13.012734782797196,19.85789134999982,8,8.884438716191422
2,48.70495578322306,2.4743588851302785,6.282932481315419,23.307022512736054,21,10.139025704077193
1,27.254192873148725,1.9133861853531604,15.298674498765719,19.927418912661746,8,7.121936575571211
1,20.2875828095568,0.8682777136582431,18.21341879622358,27.632589468428517,6,7.1254042893024545
2,26.33991997398323,0.16812834271290336,12.159197816464065,17.130669231533716,13,10.691380267221305
2,56.434040297463014,0.2905951341564055,9.330463782559487,21.065142435913593,14,9.008551594046109
2,41.17149770323899,1.2813319249792814,13.440523805110251,14.976173891664995,17,9.479030276383897
2,39.006609393515234,0.5834400801874107,13.669836125452663,20.26562804054953,22,6.848831878123219
2,41.83771198616077,2.172934004087922,12.324575327398481,13.60182251146685,13,8.512734469243398
1,31.471271958593185,3.5937994377449107,12.714860497343812,25.73158261279563,16,9.603538995649895
2,51.319815914378076,1.9656328197929143,11.304740598122516,25.832518835027894,12,12.262692823711156
1,38.547881218511236,0.5689015463678145,15.983819712905625,25.92085086862238,19,14.14660830398384
1,20.2536556245958,1.8652945575588764,14.944909780660508,22.14436240087234,15,7.459494816498829
2,20.807930617307832,0.5196040063111486,8.067587411423403,17.60064797644954,20,3.8791968348252954
2,39.158661592617825,0.21941015689728327,7.957637587365621,17.998296839820252,17,6.560151246802455
4,57.14565981318776,0.04075618759431259,10.982502331893752,29.650860276102605,22,11.470301083020031
1,28.875845475428946,0.5847588928438961,14.947348496420716,29.178385518998983,13,6.296452570510719
2,54.12935259866482,2.8065924067606387,12.592229655563258,22.612775784753858,19,11.064949587439719
2,49.38430139604957,0.32772515613119135,9.427398359509379,19.421829829598366,20,8.946322456700944
2,26.15155993081081,0.27758199614053897,13.04607438690332,28.843117113492553,16,9.072374579195568
4,16.63533367423091,4.200722213484874,10.676757921910912,18.52748419307595,17,8.673770750770391
4,19.58312693140722,0.030386431561783885,15.521945840896525,23.144246040479537,21,4.316574797238863
3,47.78222702313481,1.8489141515343444,13.33223374026819,28.759786526992293,15,16.526685395794775
1,23.985138211829103,0.465214984471121,10.738887250191425,17.818307501676863,6,7.1382105369908215
3,31.70719142274272,0.04585044066631847,12.926075088185847,26.14611792818556,9,4.804535491145747
2,37.576462470289115,2.99835705622859,17.260192238096806,24.60280397921935,12,8.951607077218327
4,47.64606758025732,0.18048849730781527,9.72147969381449,21.802417288842197,6,8.906033633199556
4,20.09540504666064,0.9629633971609819,13.610627926588643,17.032832004334423,13,4.646106307931006
3,33.28648823748577,0.38433591939107564,11.718158638136018,18.37780119948362,22,8.649021750776036
4,36.82828091142129,0.08089797180223283,13.707934735448399,23.447255364253294,13,10.109679229500884
2,39.33721787871929,0.06145404441313765,9.381740233617078,14.883316025593068,10,6.500333044274664
4,51.82622886278475,0.14735624416189813,12.441341732637504,22.65371929509125,6,10.773623029388826
3,22.72551877694476,0.08885001793976915,16.431293129667203,24.705254920308317,20,5.44244130285829
2,51.35241533219801,1.7153334541249916,8.251972075015571,26.9261008640455,9,10.070181440743639
3,46.17952924634935,0.7976260860426874,6.682379586699673,15.008214627698887,12,10.65589230741256
4,40.01418663895317,0.5038884353544965,6.834177742052143,28.581236485806368,19,8.069706856988823
3,46.478754168115735,0.6503026781220168,7.317349879199244,30.476817470899675,17,9.509328162695866
3,33.54079825282454,3.1731905760001147,14.381293151570656,24.050757838567968,8,7.698224629416327
1,21.227891368565608,2.899601003184265,6.376561256538138,16.809757092876698,13,7.26706194040319
4,44.95943581194153,1.5091710416005417,10.808418621025877,20.359453558198794,7,8.666635330826178
4,38.610253800853,2.5920780267487493,14.473157213242832,21.762013774407464,11,9.224850031663019
3,43.771866024424895,0.4621740098822748,13.666636242194375,23.352317543652784,12,7.437605029370672
1,30.209945146282053,0.5757919668407514,10.45776408015006,22.10990776321801,12,6.898427211517864
4,55.808995980292615,1.1414070534073701,12.763694927020424,23.405825714473085,18,9.603566072354228
2,41.43164408590096,1.1726061708969846,12.428581318950274,21.546266213304385,6,7.415109017188663
3,18.84311179308932,0.7886408895000506,11.103036177807255,23.325535472561217,13,3.8749029073487486
4,35.241179581699285,0.6143071671970183,11.15666112538168,19.69738289419343,18,9.17924434081958
2,49.036022463463546,5.137993210271124,20.941709739027843,20.309066415087656,22,13.316529052053648
4,50.736055277952254,2.0652724325417244,15.237243615725204,19.11987414761666,18,11.949336793602926
2,37.25686737436914,0.685073400556922,21.922603670048574,31.58629767252036,21,8.329703838398144
3,55.26364068740855,1.5592264839570598,10.012147468317995,29.319503930871612,20,11.32920381131384
4,27.045079673743388,0.37693260578121673,11.66013361244741,24.77647095006808,16,7.328845079760111
4,33.47694137572199,0.1266584083465509,6.6714969388934104,28.626544986338693,17,5.648386234052856
1,55.43686097560365,0.5214359602066523,8.76173279164171,25.992306694889415,8,9.168857967252675
3,55.33155224122105,0.6189511268340776,19.607652594650006,22.906355797570278,14,10.859856337804544
2,45.85707459711064,0.02001046710974828,9.911862840632974,14.472143294901581,19,9.299938665722392
4,53.65412462049991,2.023530923989771,19.677125200577837,20.6891803993743,12,11.658357628504728
4,18.99479701303047,0.5340331048607488,7.026550957280438,20.324810539908242,16,4.669832938859676
2,53.92477392934993,1.0421960357834088,7.786123863706893,16.334624134539215,15,9.21129039251576
3,29.427895794760204,0.09220954867097679,10.635075115906316,14.56918862696692,8,5.72475735918892
1,23.024918059269734,0.23084165845938948,11.745000313283288,24.463596732835125,7,5.598621928712366
1,25.771642635392084,2.645393360413485,15.692349169800519,23.622521611854065,22,6.338822720754896
4,33.80858286062492,1.1258986520774068,13.803081668745063,16.16301509966194,7,9.3513866428863
2,26.303640207201028,3.6017153702892197,10.334738970623889,18.270607467819055,21,12.370046223809688
4,29.425541370742458,8.021567089319957,11.466736773927575,27.806111365770818,22,11.26130607880776
2,21.074031873223895,0.5579908692399926,10.7237483208612,17.611517432417198,15,6.457008645915307
1,28.327954450154934,0.4259597948584684,8.341385058697082,22.853994519669012,9,5.34216198987458
3,40.75277165439005,2.3453265611374903,8.448148253593514,21.051108502160094,16,10.247678500246433
2,34.88341686409788,7.895374445821993,16.11153556573364,24.531817355310313,22,12.614792522861451
1,30.602344255616003,1.1919397271145467,4.68734028829144,17.719461736717847,17,9.509885741061677
4,48.59034579857013,1.9025183842020026,18.46943478978022,22.450417387700536,15,10.704084383350416
2,55.207948712699306,1.826514131930374,10.628023097591072,22.843612886729385,21,13.521113343462389
3,49.055515030607864,0.5268381364090001,8.909965574431359,23.150904031146098,9,10.685885025897278
4,29.940031595295565,1.024740995587627,14.959037162789077,22.395369289813065,8,5.747915470221016
4,48.499897552689916,2.1481229884336326,17.94086633658847,23.723046602970552,14,10.217208255231593
1,21.839108211332302,1.398140574975835,16.47052976641583,32.958851660254055,11,7.860667210333036
2,20.86430946410809,0.025669173983695937,14.007408197439563,34.80648888385553,17,4.139768925404434
4,30.55321666662715,0.49264373879196566,16.347453958887343,18.80391929606639,6,11.348671112630521
3,51.34660660698257,0.18724893315715646,5.134009691424536,10.408785098237505,19,13.579383709322705
2,26.085671125903584,0.3182786986889333,9.912677834047408,24.977476503609868,15,6.5324222882492355
3,17.846403400440582,2.8308529216598064,8.355319759900622,22.931262299506333,18,6.330259915423509
4,20.92692908428598,0.04510927466781442,16.8985549248607,27.3052092959179,14,4.178438041851794
3,53.643523583831104,0.2978470733372524,10.466087924304453,23.424429498576586,9,12.565615156088915
1,43.52024781362795,0.4445276986634838,15.381626227128223,22.293019697628594,8,7.169258519066376
3,26.394052351648952,1.1513011817283012,14.143427769954553,27.644532979386113,11,5.805335192759797
2,39.988312139768155,0.9165454652857408,8.550772255345276,28.34390294206921,14,7.500513913723382
3,38.741083009140766,0.29549424606832314,9.652167160094862,15.067199706095009,15,12.408254573213778
3,44.49461902982976,0.21529807848361052,17.175270763258904,17.91696906430208,14,7.7504018813311815
1,25.493439948972735,0.3242791003639765,8.898069405262346,21.472035203556608,22,8.500718171513444
3,53.8981344237479,0.8378631303790043,12.499470440781916,22.49218811962292,15,9.974221282799395
3,28.92158529360058,0.37959054343578924,8.86983485469422,20.870083983238757,11,4.739238281136638
4,46.23592442893066,3.5386757152801738,10.744191252336558,24.17103588930943,21,12.376616067323402
4,15.725609086749671,0.7480436363545327,11.815352224120112,26.9805239465855,22,3.1699521746562707
2,31.769570845236625,0.07271446778684475,8.868533958810035,30.613548553603643,16,5.364612386582887
4,30.826941808146373,1.5679439867736606,8.158212184064475,24.8945651188645,12,9.094562471697325
4,39.45679928623565,0.4785067195191675,13.14509334710977,17.73833160773445,9,6.637528374079616
4,18.27313177997384,1.2718086225005734,8.621050364835295,21.26311887401091,15,4.545895047069372
4,50.555911817674875,0.393529021601346,8.757369777205309,21.623238793702214,19,8.793906286529449
1,24.800136079540586,1.0148414397274168,8.243787425192117,24.573201199905796,22,6.309257187672856
4,45.46670166969046,1.774894505475254,11.688367814674727,23.94084016716971,19,11.36058118346265
1,51.144545545984194,3.157452697047328,15.774806537599364,32.25198325555755,18,10.954923761276973
1,40.28446303086809,0.36315530656394907,18.026114545249065,19.692434323725458,7,7.701824971098277
4,48.33974430248935,0.4893037802156031,9.096327656024886,23.923752668834016,14,8.144211792832587
3,44.78371404967525,0.748941953106347,20.601243173324846,33.77355698872046,8,9.958361588754444
1,30.998840871840343,3.1436324976036305,7.9811805571728165,19.073965515481994,9,8.696611634883563
3,51.39863425651044,2.7798608738287047,16.334194093311478,22.725743480851776,17,10.36101437804019
3,28.26156164484876,0.11301231634187463,9.11321418393823,17.275597494379923,20,7.3606067180624475
4,40.70458129881827,0.16977926602067173,8.516306920519959,22.410434498137157,13,11.46834159635354
2,48.54289826136928,0.8210467563560664,9.020975372862445,18.09891425931179,10,11.647920636675924
4,32.05301594156284,0.13529093126741537,11.790209201403524,27.234004517456732,7,4.991972109270237
2,28.624542342784128,0.5088087196234078,14.31988868413444,22.736594295156976,14,6.187524846635306
2,35.67057045777702,0.1927454115992492,14.679472151619288,17.32301370008853,19,8.869090649114264
4,51.80835724571191,1.212854739886076,8.224059938608447,26.202838488958356,6,9.585075378862607
4,56.84647934155492,3.582829783417774,8.041362849954925,22.898330194357936,9,15.940014225982607
2,39.52875357869506,6.868942745408442,8.333445226545813,26.764093886117273,22,15.783073702067279
4,44.76597923956433,0.5644674188224744,11.554582390457956,16.261686860261257,15,7.472084535810453
2,55.64731300075114,1.0965904394084054,11.159377583236502,23.844122061243308,7,10.585347646634798
3,19.43460831358241,2.3277628967641597,8.19929815172082,25.866708473223543,11,4.829406844672037
4,25.443536003977428,0.14994421691628657,13.078414776252977,19.883112548821316,14,4.598666167541614
3,46.900500281321214,1.403734610555252,21.050275233341274,15.704986365159243,14,13.3144196032271
1,52.068500786053484,0.6308097177483886,9.981138152659394,21.79196252314803,8,15.703962005757582
3,53.566306274876005,0.27702709876483894,10.265952715185866,28.14057646890464,11,13.147706962593194
3,33.679822958471966,0.618510662172962,14.238646281297475,27.62965165317028,11,5.633808970668051
2,19.02029560313401,0.09480027454661503,9.76473483305282,19.857857826222116,22,8.156106955569383
3,34.7001664784829,1.4265351690875023,14.67585792687273,15.584572818117788,18,9.805492742701777
4,25.38305655931742,0.3496148002686927,9.125829172883838,19.844101398252135,18,8.132554786315342
2,28.103840474848088,0.4477235111629342,19.328478430309204,19.65761174634044,12,10.79843472615959
1,49.752040057687765,0.15487545004960815,13.379099890369178,24.23223391652389,14,8.92627060300911
4,18.39871887116491,2.3999503210924558,9.519908203693154,21.474992485479394,6,5.1542994232479185
1,52.2411547866316,0.8161451400676983,9.645233202122904,18.233678941314288,18,8.531585810652322
3,34.245108862087605,1.018770377634713,9.94480098916786,27.52131533630334,13,5.999442555944258
4,41.822876899526776,1.0111819178653014,17.490998664995494,22.70212933722417,14,9.886980407347902
4,19.034350405605554,0.6341626546866778,6.924995969594867,24.177078263654703,6,4.18528835564715
1,30.18115852607758,0.2566191258645575,9.328233318161981,13.375072829343665,14,6.102417033663751
4,19.03654135566806,1.640414942064495,9.753357772298296,9.878675646513571,16,4.449409021932007
4,58.26946752964993,0.1630610109613095,11.937248132972249,14.812271092777959,9,16.290124675945528
4,51.32677421968127,0.13160882023570253,10.915561229412821,19.597282871966122,21,8.082696292674244
3,35.683473946040706,1.4860495329015326,6.035088674438149,24.881780088069043,19,7.718237309563439
1,25.0621146745652,0.28110154803137843,10.40070926561813,10.28876564796351,14,5.1558483394373855
4,57.00547973624335,0.439676896104605,11.601797267260126,29.964260321859935,6,8.919915647170557
2,30.50684680771373,0.7737484569105517,9.487608659680866,22.85283013385063,8,7.399049752417383
2,22.244299425931864,0.7159899259221204,14.74710195619066,28.801474964749552,6,5.454729408249555
2,40.34239748042797,1.4795841013016258,15.677633715014588,17.570149587629356,8,8.814621126533417
2,57.46983541551673,1.1719873063639277,11.68645320108243,24.519299670862452,19,12.966494848254275
3,15.172363072514516,1.2407255798008794,12.922166347402918,22.425979649853936,19,3.8203034539722154
4,25.715617946429944,1.5023441442421637,3.3557760106029164,26.08843156527277,18,9.007174130904666
1,57.23014381846834,0.41541239304809313,10.315588911352673,20.831043162001414,6,12.918536107009293
4,22.698868508572293,0.46691966669627827,16.01928676703165,24.366076045037943,20,7.591488318273646
3,20.095955323791895,0.6914993061518289,10.30625366728289,27.510976593856,12,4.4028638049440705
2,40.6584247109912,0.44087090236099924,9.050953294432157,18.744118530541122,21,6.806265633588075
3,53.78297204826735,5.034685876826675,21.110755704123726,23.211221162448247,6,15.21781006895058
4,36.46994179622668,2.018745382264919,19.27630876078322,12.560688813888259,20,8.970160863084288
1,59.755391550803616,0.21589211114340828,13.87029964992863,25.51251509531679,20,9.243207018544833
3,45.56272647920967,0.0067318341280916405,16.555642445920192,31.77331271731245,11,7.962023659693897
1,18.333370824470148,0.05247053185029082,3.096258328167689,15.777819761256524,11,4.058451906184836
3,59.67744592568889,0.3357574035310546,8.849794237485174,21.543093697860286,6,9.45944719958837
1,33.355240655108574,0.14564057698202343,10.120168507307394,26.402406504570568,21,10.896560461167285
1,27.933114023046713,0.9145803579573097,11.056079604532215,22.157087367332753,18,7.056446982310058
2,40.104563261004856,2.3422734950180413,10.04022391610415,22.825497757466128,17,8.182657190676982
1,28.693841631938895,1.6015823605739479,1.799894833934614,20.04500279238181,15,8.928651869322712
2,18.890587820406854,0.29141728666263716,13.54409847483424,19.859238734560428,19,8.331354488944527
4,15.064275438562952,0.6115900783376346,14.174616513122427,21.566529232073112,16,3.3586622708710165
4,35.2312508814118,0.8508738771908396,18.407595166359926,22.20835711069678,17,7.296889957323967
2,52.658854000196655,1.9941782550987168,8.846762940900145,16.092793692113453,22,10.272789842130878
2,40.75418335335344,2.192527797810687,8.519347368880391,21.669890070269858,8,11.437696436130091
3,59.964328452454836,2.8857847545602056,1.2800620561421248,29.842669693546632,6,11.688248488794217
3,27.908099054124,0.854172921401336,10.825732653636456,19.904331032055477,6,7.891877344437075
3,27.62047791420249,1.4220821334248557,15.604447124248686,15.81372508562686,11,7.981488428896826
4,22.18872571052749,0.14227050490358692,9.552928551229122,21.242919660067866,9,5.549594554851399
3,22.382861471940082,0.9996884932543549,20.57377927417459,18.426935939378517,18,6.965225988987596
1,27.83339682045215,0.3431272054293139,10.973620656841906,15.308290873390302,17,5.363355328332976
1,50.67780203730872,0.6781626511047673,12.587969137154221,22.695842308663103,13,8.32242681410246
3,55.75905557864015,1.2063119471301522,6.547587677673625,18.44858981424461,12,10.21323595182615
1,58.87892263684566,0.3564483699250877,13.148881380701118,18.876429165733626,12,10.958808853031334
4,25.453034434340367,0.06431520531501052,4.082720820589219,22.767136901926946,12,8.439078751106473
1,54.65838955263413,0.012343898822655151,14.77479182005258,14.334127023188326,19,11.789648516453095
4,29.771479017480168,0.026890495838620573,14.897712704941648,13.292151748744375,11,4.55272640601528
2,20.077824503259798,0.010061750205635524,17.43716569734604,25.354360972509657,21,4.049875881177629
2,54.151121648407454,0.14031940296760081,7.920125124929245,12.345831996379586,8,12.009104379109885
2,43.62475355896284,0.3285171934870619,12.642248473189676,17.116611523463227,7,12.410755150730907
2,22.41289032364778,0.30003435678039775,14.255266237546017,13.000802323057812,20,3.7168143103325804
1,34.34240658808511,5.19273655919508,13.76912655332124,19.56931766575584,16,11.721860405334132
3,27.926596269468043,0.43835053877408353,8.538802899460595,24.140293738255828,16,5.450240787475295
1,48.155755591958865,0.16356220357880777,2.432072441775439,22.561689743661884,8,8.260239469181682
4,35.403730378092064,0.9464339829168202,13.387841187537925,33.95936694728642,9,8.12589333240706
1,59.517597529787324,2.341954387653901,11.390001286760322,27.434578088945003,11,14.124941457327909
1,17.46352420168178,1.3600695078850544,9.73331762815424,17.344210749216995,17,4.350303399511648
4,30.9756869761311,0.42131224021012686,15.055781454861865,16.01472497586795,9,7.444100896946972
2,36.685507519948985,0.9895924858390577,11.820321847382267,35.53343970487751,17,8.315023432680844
2,37.64100996367439,1.505713047214657,6.723219788928803,27.31286002866681,9,8.307527415256535
2,29.217112007353656,1.562804939534872,4.274190843615114,24.94684803634786,7,7.477557886528826
3,47.81581120939056,1.317873274216694,7.4841469394673386,22.37425906107809,17,8.263106967819487
4,54.36361830700386,2.455769253608163,21.572049179067147,23.367607837375086,18,12.098921339287406
4,57.24236858900384,2.4492388509282352,14.891107095731092,14.589633622587868,21,12.144711897276464
1,51.22920195597868,1.0379661196892906,12.754449367900047,22.78519585098384,9,9.99988382489505
3,53.276108878796975,0.6742403590569167,11.273356291256782,22.356156987295073,13,8.678823477263764
2,39.77453852789979,1.2312272647656484,11.010428240210256,17.4793057844926,10,8.305813904612926
3,52.164970189206656,2.0458969362680985,16.66878393343638,19.30736773215761,19,12.795842728528035
4,28.65767591165785,0.00680176611597388,10.037617032386274,29.57588196721778,20,5.862385241069212
4,32.931544294914644,5.793527920838205,14.30768164273717,21.37412539852569,16,11.032576497505547
1,29.261085621834496,0.2423834051343917,10.606288198833624,32.355856512665554,15,7.11411682589573
1,36.03243009515664,0.7624178004999301,19.76062652734025,13.296602817563082,15,7.820094685759993
4,27.851082730738636,2.467148814610853,14.969154030313215,19.38934906887126,11,7.3744440788421315
2,58.27251490145011,0.3059332545437495,16.982227258734504,14.263607243765406,21,9.900741911033657
2,29.078008260255068,0.7773388203000572,9.662360901247045,15.952887730540828,9,6.467576235967949
3,19.412004214992294,0.1706814046149906,16.232544450269685,17.858971471703512,14,5.210798225039789
4,38.706772472268604,0.6031835838915329,10.749690298421237,23.576548133852956,15,6.54803605940817
4,17.569458530032936,0.23395641417203367,12.440139295731397,23.334130855401934,10,2.979621245868505
2,19.974442483886122,0.5423659034272387,18.540190682477835,18.60354840186197,15,4.856920086787832
2,24.872522513831083,0.5610592682687476,7.8288997729743235,10.861002213317091,21,5.945136097935652
4,35.895761244696374,5.983855463342212,12.812990925221602,29.388464365160765,16,10.59195049828018
1,34.49629195390625,6.313926519711972,13.752021034074907,20.57117641981822,11,10.86942356967386
4,50.986133790125606,0.14631140410812207,14.080017523203239,16.418549148494304,12,10.189960205576238
4,48.2763594247851,1.5534158820336852,10.196862027626139,23.374653905350435,17,9.055141832903828
2,34.18432322958156,0.06375879768009453,20.345056403232327,23.022225852615872,18,7.795597264346139
2,30.016689340903348,0.036788617243252164,6.820272458638959,20.386617675000174,22,9.817733770977878
1,29.241095282767436,0.13356563581113368,17.835541554529875,22.742655078207523,14,8.829579150613602
1,49.829778928230404,4.039656362927797,16.860262422366553,16.22485079795991,13,11.85428096514142
3,17.343258279957137,3.3934893093758265,19.60355515841474,25.79956421588242,21,8.517843789665275
4,15.576974227977262,0.2586983849802027,5.647091605168719,17.015664526215648,8,4.735562635368413
2,50.799497636699165,0.21161549667740714,8.52467404844116,18.972151723482842,10,12.399223265560533
1,36.47158691950722,0.3301693858493285,17.967772236646564,25.244009080757877,18,8.210995798246493
3,20.889651234910918,0.8696818168209219,4.491843381478764,28.019794825051168,21,5.477012257103965
3,25.600467056752557,1.0119400846327953,5.574164395838345,29.928872840231694,19,9.036136882986654
2,56.96267788938221,0.30060756998395705,10.046768853154033,27.27899119233286,16,8.896720415555523
2,53.67763390312041,1.6957712722151996,12.76797515448907,20.37963908099109,13,11.386744895459058
3,46.94032726007876,0.4444995724857424,18.3689002945951,14.294834654497686,17,9.485251974235492
1,36.70013536517969,3.0632778382505825,11.258936340278566,29.025277928014468,7,12.766282581325694
3,38.414563178612354,1.2830600669260135,9.567043407741842,28.853479944524878,14,13.253581852070749
4,58.88600408777814,0.6879886876420094,13.24555975078571,18.64011923323252,14,9.756546625842631
4,58.459669974792924,1.8722745558323335,13.878385933177604,26.6059451891228,19,10.927861525277336
2,24.687107060362543,2.043935537084248,13.764959288681085,20.339111030346306,20,5.977132193486701
1,51.49970548373932,0.41180262824091635,11.288055168194619,29.506384417558642,16,8.266514170259788
1,23.875919977515757,0.4980996337531244,4.179655544327401,19.42567668798109,18,5.29907552423766
4,24.60918650477781,3.297806061628344,8.329536043574672,31.893256437742515,10,7.768939500411506
3,45.42418653740596,0.2160161622193383,17.681084341069848,25.93060273799123,11,9.492606918514019
2,33.225049436439676,0.051677429738913,12.7482757519064,30.987724223429936,10,7.200196988372914
3,56.91949831979341,0.726285158197816,10.709911523571773,19.681013651750604,6,9.248920680396024
3,19.0054380703204,1.9386069432215753,16.472674193495898,24.025148022220964,13,6.7917857710501695
3,38.01865383642719,1.7723460413021563,7.479533470524206,17.153604008278172,22,12.023060625620243
1,56.333468869940454,3.023854380418817,11.09860746514797,26.219946260595982,16,12.08300969908737
4,55.68511472157773,0.9142269621744623,12.551033620696149,26.49520766418562,16,9.309842253932663
1,22.043814603708356,0.12651885064300034,10.234489986821483,33.98511959100593,8,3.5875142100703004
4,31.49869650434054,1.066086716686873,12.403051291606396,24.410198986098244,13,6.2395553124349705
2,42.860463002101326,1.8082338401759839,11.249224274312938,25.620471012530466,13,10.668544926686266
2,22.1727698147131,0.11756959040920302,6.4026278088565,19.64584811748109,8,4.024884927767748
3,58.56099774205824,0.22744368315650923,12.725911527516224,24.70689686317619,15,12.333683184108835
4,56.163719792744715,0.014840179164206565,6.68659283394853,20.10054395656208,19,11.862243293799674
4,22.512758056551114,1.0806561235776693,12.662460500386889,22.57930379421,8,5.463142494319856
4,20.451995756744346,2.6136236455836124,17.496543296600436,22.872578307728975,19,6.623266264604683
3,18.843381726371938,1.3328096350457288,10.875907210895782,20.238475633254147,16,5.713706076217088
3,55.9249648816484,4.823535711748117,7.314067480116055,22.314725482709967,15,15.574624030674565
2,23.713071440795737,0.07812949505180902,11.492048747180078,20.123524151432896,19,3.752963943057993
1,33.73282178449596,2.7996665852041893,8.672115567685875,20.101344374830802,6,13.43297671007551
4,35.198311454340136,2.0188509710010796,14.378036010525879,27.383323257511357,21,8.971180887584776
4,41.95549698961054,0.45267574073601335,11.408045009908585,22.877068209132055,11,7.670951753365198
1,18.22809046863412,4.3579356052875005,18.839053006658293,23.735331361001386,21,8.782795358293688
4,25.204137783023217,0.4075079268583532,16.651958382709353,14.713476155072321,21,5.57640829364496
3,56.917067411351674,2.6411689350236,11.38767798207439,24.11729165915195,10,11.714631332873868
3,55.878454827085626,2.5518254603915556,14.862436271892363,24.65211731987619,17,12.234012328289458
4,50.15807913325615,1.7008844943560955,10.427054363348619,20.008306886556237,11,9.008682033819484
3,15.873056052819695,0.9946791155396837,12.135827540660673,32.42514838130346,7,3.5623599370608883
3,29.715304582324595,0.15340379529529427,10.554263214598752,10.553863679079674,21,5.095073566822861
4,43.25814309043085,0.9110719062159289,15.065823839398835,25.92183567885273,16,8.284183136101174
2,27.383559529806405,0.5295524876427842,17.73195310683831,25.564024024774312,17,6.2781928285000905
1,55.93140127741998,1.8855134071955328,15.194592828764574,24.70791465999706,16,12.518239290578762
3,43.525025782459885,1.7032219278608944,15.687746405141423,22.881063528193113,13,8.697648823241845
2,18.23580227924005,2.8977294121041344,15.692133748942917,24.753396613125187,10,5.378724982302846
3,55.905251497606635,0.01792947449537385,14.205023689338839,26.34087739777947,17,8.51420819698527
3,58.099499617930014,1.9872268790643741,7.4428553631589285,18.37056208084003,15,10.327461576939418
1,18.497058827627647,3.345721526503904,18.803886077666,23.49597811090045,20,6.669837593660123
3,38.956210568759175,1.8687865076153838,19.2176433067937,21.08341578988348,10,12.51693721877285
1,28.651392699637668,0.16738273129146164,11.064481586746526,16.53115799887246,22,6.8212640976932555
1,32.6777584416631,0.1017274892343044,10.517208339135273,25.585849873066447,9,15.991843321638811
1,23.084304807990385,0.02527868289044723,14.4496466116615,19.178197876579834,17,3.5239124046555688
2,41.013244590558564,1.1890400750706547,14.20325134073402,14.510706626102664,13,10.884190177124214
4,58.10907089620008,1.1920415277348921,11.192215724987925,19.304446696491755,22,12.05181963338565
2,37.63826701222241,5.203428580836353,6.999897377649583,18.00550550953435,13,11.853688714010866
4,18.731156162751653,0.6090834648312587,13.222804762999107,27.14239504595055,18,4.1787065491863515
4,42.90006000648337,0.4839921878590653,14.205746152702181,22.76596570279039,8,7.767745390126085
1,30.310034750306567,1.1751562801871929,14.903284592155188,28.9119137284497,8,9.222544869051221
3,53.5166335316084,2.0957441957098535,13.39717108941683,18.66721884383477,12,12.204011332451575
1,34.56051667424116,3.313246645997993,10.915539406552362,26.3708493594825,12,10.053919656691189
3,23.67778240240105,1.9502184409561611,15.976008158025113,36.198114574039565,7,5.466902245358834
4,23.59975302110152,0.6675609057745792,12.263393990263673,23.7801623356357,12,4.481477099981138
1,49.59438813245222,1.2091475775040963,10.140307942541117,26.308244311615763,7,14.979953892983985
3,26.951441923831197,2.3280273606773765,11.277386471817117,25.46758832112703,12,7.1167711354668235
2,49.525502737165034,0.8094488828192412,5.016123870100072,14.889623362870868,19,11.117345986704438
3,24.264928984496972,0.29306695612784156,11.271032703285844,24.929086487337255,20,4.860574405912121
1,29.475886591558925,0.22319571428273696,14.753746079498674,23.532281603247846,21,7.49052462851995
2,35.94691375978647,0.00018930842524948966,13.35913208855692,20.701263083008453,13,5.6460664359916946
3,57.44381323620528,1.5200310218494801,18.082656691924743,17.579818128975596,21,10.843476094727116
3,56.92791411392211,0.14132087487651246,10.948100343937183,25.469916201635186,12,9.907624122949038
3,24.30923439400295,0.33540131322948186,13.949252652213264,17.137981301946894,16,5.705948840598598
3,31.119856855938277,0.4243748694597276,15.170960705223088,32.66822802340948,9,5.8410092574347985
3,21.722972480419756,0.9862130921238201,21.371428033149634,22.57084541744064,18,8.476439429021214
2,37.94932856910737,0.6089122418930334,12.579061964470561,15.883464761067483,22,7.549171549701931
4,35.72621478126,1.3475129975463485,7.823251284543907,19.430018608358306,17,11.707941678623811
2,55.53420731028296,0.06869569193025976,15.391715013421127,20.609328308550914,15,8.68024385481445
2,56.85024200059827,0.15878373301748958,19.46290942387383,34.06188326961923,12,10.131211220020148
2,32.260532595328144,0.8298857157289211,10.709805159093515,17.577055265952517,17,10.21331219372103
4,37.12820743585452,0.49311261584396626,15.364326154425664,21.418913683743064,17,8.284940294513682
1,55.33063121157599,0.4208542178775441,16.91491222091568,19.31085815067489,18,11.434865984832983
4,51.30185134852776,0.08325620882291788,16.068262175880612,24.496292427908323,6,8.138245299977807
2,15.164534010509218,2.7128013313670256,12.502234089894312,19.39058293147478,12,9.995713701723773
3,29.40268038826121,1.4124799959804795,9.206104967147414,16.30471666930145,21,8.495671346423858
3,33.97984088712566,0.15560865452703426,11.674881807945656,21.023527101019006,21,8.111979733185038
2,25.337232765745426,0.08070948427383008,13.834401815510523,20.503030783338783,21,8.724391009902202
3,23.980722715317242,4.42055249463674,15.632890096366916,19.03877811187993,21,9.049643399217207
2,16.700302796805584,1.3717262796129632,13.335780191996157,19.30594820551441,19,4.606377547955312
3,43.951637628139224,0.648420818345354,10.480368133837692,27.923478989405016,16,8.421949127944679
4,26.812963071742452,1.4517115820744568,14.221518624599074,20.401298928662477,16,8.186640681525375
1,17.355623029409088,1.6943373116231721,15.440340270971282,16.329361687607836,7,7.019254073468531
1,25.394068973762863,1.8167471280758798,13.518440225657923,19.68942018100072,12,7.143606360818113
4,51.08612787762569,0.7798232064923765,8.6552515418467,22.271678297326964,14,8.778784358465916
4,53.3170131740946,0.6742959021648578,11.27437586113124,15.31865181724323,14,11.954224844593057
2,36.73798103369862,0.013307213273361143,15.791283105649867,30.129889800031993,19,7.842671428401058
2,33.72318016839088,3.1334967019244346,6.467928765022105,26.33789738753136,15,8.065435677079677
2,59.00341620758018,1.1095137737698795,3.6272879104353635,29.1508637180939,21,11.048456575079351
3,24.025409681463145,0.2725125175573461,18.032331400576084,23.960640627438412,6,16.492319692551145
2,24.69116772845738,3.0249403605828227,14.045661020087518,11.531512749349497,7,6.919752117719403
4,28.13402296663799,2.957163825122552,14.426920010080426,29.676668583192566,9,6.8336996993466865
1,22.77407932264893,5.432092747639819,7.692732105491776,17.682158201450537,7,7.805597301563569
3,32.0714519191884,2.4863068639488533,14.950112253866152,18.089066279989506,9,7.207995622928525
2,55.987540214538924,7.334671841360945,13.100994750273458,22.781625719777217,11,14.679833957943655
3,42.69065282828584,0.3367463654636105,5.662689688606411,28.891149233350745,9,10.57781570398171
3,33.53759468755186,2.216089377698875,17.697133657095428,27.266435669761997,10,7.952223109074474
2,57.04848575570467,2.078118595078536,12.634733294474916,26.531405600880106,16,14.190227187358992
3,17.180890461412005,0.31510410744467493,10.415664135682924,20.440864735627233,18,3.010634737258154
1,24.46242800558376,0.12435115703616606,10.48804101605913,20.36196236953944,8,8.51152182393379
4,40.46498722957915,4.660152610711914,3.9391123782704938,23.729718339900334,16,10.39024916111328
4,42.69986804369306,0.42121415730152,14.373346398525454,21.349645793582336,16,8.632865773884518
1,16.78008779531759,2.4565252711942005,13.047428828982902,26.446589536646766,7,4.830290705951338
3,33.13674410582095,0.0049628338600789836,11.223679470667621,26.150588322476132,20,5.963256933838472
2,44.211928417389274,0.025498771342246433,17.113940829806687,24.956706605863527,13,7.465711922175254
3,46.41317458815307,0.7525421689271276,6.464563924016617,9.370193591153107,7,9.296765673288942
1,43.71629561323212,0.3272964825967036,9.61291009452954,22.63994181838632,13,7.6682027592648
3,29.425345096241607,1.4048053483299683,8.599966980958456,21.455730596336494,20,9.360761239508214
4,19.208405561905927,1.0004488683264077,10.884820080913787,22.840128008797656,21,4.082957155718209
3,34.220060088870035,0.09678300896201184,12.269880101028892,18.228376807267967,18,5.867410400333742
1,20.793949681562495,0.2129846599780229,13.72005409524542,15.376070448003874,22,3.6796973326723363
4,57.64306463343002,0.5893242076104476,10.612106187579531,24.3156923998752,19,10.777332362842905
3,36.38268897101827,0.24637034798450785,8.490577059380424,20.21849341133969,19,5.8914973711203364
3,29.27666284605904,1.8855440978143827,18.744027799081778,24.873464968538,6,7.442998096002941
4,49.483683200350505,0.6455694836938135,21.646560767154277,18.645428111576145,6,12.202429208504942
2,37.407686666201876,0.11770690911655388,12.573146687528101,29.079553202463384,8,5.859976122041511
4,28.95153108056025,0.79477592843009,8.972878531916532,27.005324212853814,20,7.697182911557805
2,51.53854840758608,0.11427861841654463,17.901816524169178,23.4841355427294,10,8.913124378979488
1,54.021846795050486,0.16564958966383234,6.212971574686139,20.933557933070265,10,9.997107064512516
1,45.285367482990466,0.328708318230447,10.66090670118069,26.262044388990986,9,19.302982124606267
4,17.113399008345027,2.3552940000318086,9.215531794614794,23.96273907618703,19,4.833306773412274
4,40.48452960749394,3.102137074914579,7.361857798198045,23.192920939653025,12,9.159537440149117
1,49.34827103987767,2.100218737069398,10.879903068312922,27.214327047798044,20,13.656363886972134
2,21.142635543761198,0.48789786867886664,8.54331168330414,29.1326807720332,16,5.5302454469816675
1,25.29018381230715,0.3816811946128599,12.050617856594618,15.737944077572276,19,5.455513012514023
4,54.71227972806614,0.9559598537690198,12.108708670689856,16.748079463250967,11,10.625904795950536
1,15.905477483388331,1.5355273262623035,9.514673105912083,18.09869637260601,15,4.314764162775666
4,48.87272120216892,6.019885320257342,10.51794657362452,14.487877011782242,12,16.013302813488973
4,36.31979816314903,0.16928293801672584,11.076604128385158,21.686257372154245,15,8.318490656604853
1,35.104747147782305,0.060657969328240524,15.239384244477709,25.00058227622253,19,7.443105772346291
2,15.319343962269922,1.4224006677757879,11.406282395743258,21.892908525238315,10,8.80476092838705
3,51.87292039349217,2.14216338350026,15.29880696314439,19.32939179193552,6,11.310336259099927
1,31.192120528645493,2.247684059332989,14.343251934218623,27.63228878564579,13,7.911341482924463
3,39.33445340852443,1.3615732368662512,14.286122787602968,22.702782016033748,22,14.423441513969564
1,45.478530885104675,3.6953490112012775,17.55138388138389,23.714914836831593,21,11.004853191717231
3,46.61833093970621,0.8584830371456231,7.522436481016361,27.771174024498798,9,7.985764242686384
2,58.019102647173256,2.941508148581102,10.107267574771546,21.38379030574433,13,11.410221493194628
2,38.91029789564741,4.1233989872262145,19.053195201198278,32.3010703631234,9,19.452966778156096
1,32.98737979384924,2.2540164218971306,10.970733997642931,19.76092498064117,18,8.863869069950358
4,57.916663192126855,0.4448566011283585,0.7395052403766016,31.9897410225645,12,9.773729166603
3,43.89496057614845,0.26210912235597417,11.188126627408458,17.126324090437897,6,7.366571530027588
4,28.416766032445004,0.9532065179120186,12.539758120653,24.58742451440221,14,5.141691747798591
4,20.690891043160704,0.7240001314606428,1.5315475302751569,18.787339155968816,9,3.9658395315350923
4,52.914952565933156,2.522106470101068,17.335742559551793,27.597830584905463,19,15.431339524241661
2,31.29817212573682,0.1264748476219521,9.145150144537592,19.60883696070786,14,7.547335228555022
1,44.7211374613994,0.35766693057657656,13.314252460750062,23.45435595322043,8,12.673804461785569
1,36.186738871465415,1.672219384412632,11.09607381862375,18.747290019792153,20,7.868147544540094
2,23.951840090776727,0.11976669415193585,6.846594323183834,26.68612586833307,10,5.527366650128283
2,42.07589738792093,0.46414470167583827,7.71796746145832,18.721243696804304,6,8.004723612321246
1,17.730738102780705,0.5875726473875585,8.259668654289811,30.417074223713342,16,7.393420168363663
4,33.600410694203646,1.1693198506584115,16.342687636734553,17.02001446519305,10,15.886102071349246
3,39.5976722848652,0.20655937636054977,11.409847247599393,15.271860408359267,22,11.50432467525442
3,34.62211383533606,2.3645279917828326,9.912537933793013,26.757760390395433,22,8.90782371841958
3,48.690247886294586,0.7120539513541099,8.261564349639075,19.041781798682393,10,8.000768825061924
4,52.25662295453906,2.987011553193908,16.784600886104506,21.96381343275232,14,12.685675360896523
1,49.70593833149301,0.7570407555443269,17.856805090094348,20.388794230821397,11,9.122735366152666
2,16.746582651531096,0.3859669862912537,16.738975594826723,15.436958664236549,18,3.641360561919162
1,23.73579467006875,0.18354203883325293,13.969749356616667,21.61503167930831,16,4.131967895707
4,39.147337916869844,0.004502550164454894,13.159320167482846,28.32457947486151,6,6.7792237774829465
2,57.06699181997106,0.9115482552879841,7.136248728096394,27.015685016527826,22,11.081217211382818
4,52.57305487734526,0.13601302318235076,11.01672349315577,23.158963813129624,11,8.80635999814698
3,52.914052875831075,0.5965592880524921,9.264559186614253,27.561341465175538,8,9.618290427834566
3,28.644368719185373,1.0677882032915038,4.697951564061161,16.702407076529116,21,5.24777328837333
4,34.325155368541616,0.387036163946999,16.228173676661463,20.37272835547497,18,7.760748064994877
2,36.181767629217184,0.23117255897443534,9.216680214430898,23.979024703651042,17,7.752438085380802
2,22.081721250745968,1.7885020904066338,16.783767629741227,21.34792586591444,16,5.4875564125719904
1,16.398065861000536,3.5202371542129796,15.526985603040048,20.765883347617212,7,8.509319905370525
3,57.61063047572326,0.12701998633215777,14.226871906533676,15.996781338394523,13,10.828390426971975
1,25.8320663548578,0.2029410054064987,14.451536287052734,11.593293056786443,18,5.382791083803129
1,25.79770066756341,3.863030767513345,9.538744471705169,26.089332124748182,19,8.56984621997547
4,18.75205741959418,0.04621986218137574,19.431400605162658,23.21610786626113,20,5.577719240938447
4,56.782848837470034,4.560166750935561,12.172501723812196,26.509991891050465,22,12.276148443024832
1,41.088170172289736,0.005586362650850941,13.207726740474815,19.813820289208127,20,8.824873847201127
3,45.01665857064093,2.482616527960433,9.403694665733443,18.43611057586203,15,10.172695826399472
4,56.020959926837364,0.4406335518633049,8.27533895689216,22.03273983318317,6,9.135126054668735
1,30.552907600535526,3.3481967968571555,13.909184035237693,26.27099824306408,17,9.544935204097523
1,42.96782900121379,0.4574163817594108,12.870053983755142,20.842738925061727,14,9.186424710300093
1,16.745975462799937,1.2746426620877611,8.842590536389691,26.00892592164243,10,4.0119240412082355
1,23.40476377040082,0.10010041378225218,6.246293124898384,16.968459972034566,20,6.774925020058545
1,52.40606122904741,0.33300851458228947,6.920307650689812,21.192764334150663,8,9.346784531486811
1,49.50457603522511,1.7829629572762737,16.784534868364428,21.649429279609844,12,9.785806521797173
4,30.77892111557161,0.9026765159626753,9.546984741399713,28.1319497196096,12,7.482647494729885
3,31.956478249839563,3.156791465828899,10.644365817296665,23.03813699007954,12,9.135187788301085
1,39.009949509911074,0.6719169625734708,17.801361035036248,30.730387591470976,7,7.603072801545719
2,15.010845210831055,2.4465342350969905,7.511397754054341,15.261576000262586,7,8.325763202256432
4,25.855995121711253,0.7151275168552922,9.092020697131773,22.649594522056397,17,8.306131649405044
4,24.37043138736965,4.650151297949689,8.924932685757227,22.89699019590223,10,10.994448453969497
1,26.271732603739355,3.8576926895736685,18.472273924664158,25.100465987934335,9,9.087675318391327
4,51.26576291400486,0.4790278761957258,19.973534002329657,17.933200317755542,12,13.046779043059352
1,27.58532354458994,2.6050649962729007,15.006252901608683,30.42223169705418,21,9.949747283566301
3,23.61845949225667,2.257585526970956,15.13353889661696,22.064819707358797,8,16.722029690758344
3,37.69185573568642,0.28390076047273133,9.678579988589075,16.56466243532541,7,12.202330652463495
4,53.95402663677294,1.1747265318132882,19.78931394761713,21.919875047931907,22,11.43495711450283
4,25.860736672687494,0.0905508845951548,13.070785017434648,20.43419238559943,14,4.393353966879483
2,18.534130925675942,2.174678316940687,15.41244105779896,35.91617571123665,13,5.335523601551828
4,31.03821311323491,0.23018591981775582,11.577900244916183,27.24971799762507,17,6.205408160827663
2,48.644332105424,0.08813651971519704,10.927869650689559,22.248306778541085,12,10.641369669299923
3,39.78107451126576,0.6134290196210513,18.65216903838447,21.440416574003976,19,10.120915531693505
3,51.755701630845635,1.0322388568442193,14.158894718953228,26.755284312407326,21,11.68877635031615
1,58.18164664241553,2.31653880108432,17.805501844281526,26.99431080164107,6,12.377962700013079
3,50.66981145382277,4.390836507590813,13.021312686980178,7.442250403396756,15,11.680267773708696
2,42.1711385479689,0.6946952136904873,8.606533854307637,25.21496577366667,16,6.930278080772708
4,37.200371462357126,0.07482116011751958,9.666628268486049,22.139832719893132,12,7.607893787961841
1,16.803108885672,1.6593155041293766,12.411860969858441,15.44428089106512,19,7.017777524199863
2,59.29448904663186,0.9993691408824252,9.493999135826693,26.401070698120883,22,14.092651853468137
4,32.25665051587691,0.712812495630504,7.570154365489238,33.23094006779132,18,6.702182921087472
1,21.850269626259006,0.444005575695647,16.8056681271481,24.783979734138903,8,9.426808293147788
3,45.00189849284055,0.8375469348572986,9.820519716705952,27.502142211284323,7,7.87264868752497
2,27.79297300929567,0.4962202118254384,12.552770991165282,31.02059545982202,14,6.010572098987811
4,41.360022191897144,1.6976912103608743,13.184534359542418,17.848689246399744,12,8.04316237750124
1,41.404555853006606,0.9420352498916809,9.647387498717725,12.712142774165414,19,7.38100745574506
1,35.05784194062912,2.5132008963752197,17.803197865234957,25.28433031654751,10,14.241996552193772
3,52.625337699526916,0.9411153385792728,7.531432955181549,20.761942317792744,20,12.051342563300995
4,26.923517769994938,0.3265837884814119,13.046501054323084,15.129132738142285,6,4.323534831834715
3,35.18846662279804,2.2853109870304182,12.984470825506335,21.609150319321035,12,7.731870430515538
3,39.19614578659372,0.9776161071636879,11.782981588543409,25.637736868953102,10,7.120681365545337
4,44.86311243452848,0.27807794534721786,6.81234954691207,21.2551416761782,9,7.2702353167925295
4,50.27873327275152,1.1722295706395556,15.483270207453856,18.065861846324815,16,11.015343817063808
4,32.76632772952152,0.5312710757755214,14.974042681338386,20.88246469851745,11,7.0132522152914145
2,44.07211248434682,2.232603283924096,9.297725885635135,21.90261767349327,10,9.606932453042742
4,21.77749288808336,0.7246255140298262,14.829948828821447,12.35258868686959,20,4.266524961431416
1,56.96916452441154,1.5554871207999321,13.499630745203103,21.286125234146535,11,10.440166919390734
3,32.23764628894516,0.12049560660262874,6.877551418555567,15.278297639275541,9,5.812470375848834
2,47.82846398893973,0.6050656683687868,8.58428434171457,25.295129760105482,22,10.737051783318252
4,15.915348684697994,4.90661507517406,16.553125779558318,14.19478712206611,20,15.832994597369552
2,24.233421430716312,1.9831921514449729,13.237664740568201,27.06346102275468,11,5.62819254605161
4,36.91871449456101,0.20913949950624627,9.742788216757496,19.95417465393029,17,6.540769140665419
2,54.521361047955594,0.3904840706390127,8.566096435309433,19.28512146613994,14,9.148159477534488
3,38.72648174778047,0.480243230668635,9.938424807538317,23.47227298650986,13,6.2833025764043
3,56.84417170322455,1.2610405546608356,10.222081880489181,17.66982777388304,20,10.030378989136553
1,36.77086034622583,1.6976067239855255,8.616147869482994,23.39372877065032,6,11.511426803181456
1,37.07020935311775,1.661283104262389,5.032943550466791,18.339456126558147,7,10.590771010571697
4,20.388605482523936,0.855711471548846,16.560053145603142,19.216327438376155,8,4.57775386128468
3,51.11953098684989,1.9980710150376497,15.882534690445773,24.026770846645675,15,10.443073817784619
2,26.11344356101781,0.6895372211657732,6.906978192772562,16.307096331328086,19,5.213102725902005
2,55.48256202175418,0.1587034276230381,12.545245182254671,15.678313491188216,16,8.76907621039799
2,55.98708991486782,0.9973523373082641,8.391047189140934,23.24112753705171,11,11.142769465610458
1,57.448955034336734,3.6514234905432126,10.953731107093859,21.865500737553077,19,13.168197808029124
2,38.41037200963905,1.890006979902811,10.620933680505374,22.84346372404696,13,8.38727025790961
1,45.469220315263996,1.0372939768370653,10.288663137128509,23.638196183607104,7,11.519146631381773
1,50.033214602774855,1.2488842035410326,20.011788336305145,22.286877769034906,9,11.941275420322073
4,20.895657839270953,3.2007856802839143,10.238697261295238,25.040463119835344,8,6.295225348329591
2,42.043073774887375,0.6710589098629927,8.766944699732301,22.48718143489329,7,7.779174900656477
2,16.543405558649024,0.48307264664447225,8.94967428201181,11.963480501623485,9,3.1933756200719015
3,37.39047375249267,4.539383319710477,16.17510782560702,13.260577026690722,16,11.382516442019128
4,21.967920672910232,2.3892169761512476,5.391590673228261,31.639745901210414,14,6.973381675824863
3,23.231531668293812,0.46817806463384476,8.949508334257919,22.000359335294316,13,7.942541795405286
4,31.42714050116707,0.7478542420601852,17.787291360446137,26.751208258585486,13,10.021881635833118
2,34.45967250224264,0.6435323934346523,12.975944751990587,20.27148047186462,10,9.31107582698236
1,43.04275910394843,0.19374670512100473,12.767688020144453,21.70992452803035,18,8.20377567725891
1,18.349278829733205,3.7989516876958747,20.528585840574806,19.73317672864578,12,9.561348383373142
1,37.66612925568501,0.6216467553848027,12.985391811793995,34.32963665730682,10,9.135369636812776
1,23.21813086138955,2.498493209195541,9.16725535456167,23.266212111820714,18,5.673841912835384
1,40.82888287642838,0.25191187961446054,10.871691772494605,19.325710472469012,21,7.040920824933962
3,43.683207551753256,0.9525447873762727,7.458270763877725,13.742301432849047,19,7.684984411513001
4,40.051916544878424,0.029103754715809158,17.023748160062787,31.86866721367926,10,8.070894288191377
2,48.22329797152384,1.7338297970550023,14.298246870146862,21.183608073858483,9,12.256781315375239
3,30.102415990840562,1.0436146640702988,16.497656599883555,25.721145597807986,16,6.324130765412701
4,49.42979662349089,1.178883255403972,16.85193571419748,26.27998645153273,7,11.538527528807126
1,34.47451867686871,0.0637276708529706,10.34315687628987,19.68584738284815,18,6.26331934047013
4,36.78830242451686,0.2844450480748471,8.22098859196444,25.36226387693078,21,10.413434936939506
4,44.16459572674822,0.09268610609332696,11.793147554767817,18.97930856624191,14,8.670063813492973
1,15.826127279965078,0.40915481305078316,8.508955716845847,17.04786818980292,21,10.207268867825672
1,44.429739963911175,1.18482542016006,12.659827501636098,27.822323462561062,12,8.176171417967378
1,42.83633170824519,1.002167246427256,16.528387523338758,21.209053100889005,21,12.838648678082714
2,28.943120253897597,1.1365633825298977,11.327441415803332,24.592564168013276,18,6.134113312590779
1,18.86074282047703,0.9562142849831108,12.599980359630957,24.054604969408857,10,5.539632868051385
2,19.092095246086853,0.3826420933688618,11.624617535106534,25.189659800276445,20,3.5534798922780735
1,56.545068614335285,0.3364625052049471,15.21091028975079,14.217315328991877,12,11.666646230152566
2,46.01756945516267,0.17689169820217712,9.32887042284684,19.07354734341815,7,14.7004717315454
4,20.71961761968332,2.2691339070932375,3.2142149534276037,20.377624212517876,13,8.020181095588057
3,31.052542618900787,1.1500342028895085,13.883475437501524,17.842606635492547,15,7.49107585516678
4,41.66173472557184,0.24770746752560002,15.951337685231975,24.14503424008194,15,7.922017377372682
4,52.60072672907919,0.2340642253779412,13.785496979034143,27.934465387979486,16,8.92432215710309
1,16.964741792085384,2.476618270559942,9.439078018127944,28.72592327673149,13,5.612058360349106
2,25.6484909161504,1.6291590231975357,7.459951607255724,20.30397617395058,21,5.946452990729215
3,55.0387045632921,1.2924525712364285,13.977990127121286,23.459829312289536,21,12.86581904276757
1,15.412449758271741,0.6267980943102236,12.565915811738694,24.228217522450496,22,7.285236977204196
1,24.062959625724933,0.3645340130353161,11.49682948936668,25.106280471017648,11,9.878889788575291
1,58.15608791878347,4.661917767808046,19.289853371975163,17.60932463463678,22,14.823718556349483
4,42.6030830934977,1.9148762033021494,8.212799623274673,31.10290134132483,17,9.502645475643966
2,26.77521149868779,0.43106391240015046,19.10014808450986,26.632600921732223,20,7.311449077905265
2,18.01459924781314,2.2572188002284235,12.12713561948256,26.763246718462206,12,6.613837019249614
3,16.268610320124996,1.707211217348642,4.657718092516501,28.017300284501985,19,3.8109792471906268
2,26.013528583661728,0.4230155687191003,11.283189382723437,24.67067971132992,9,7.939511361514179
2,54.66686188150097,0.6673074089995296,15.837984306397765,16.863432884745137,22,9.609604368947373
1,33.71611444338792,0.24688526666484384,10.539779868780117,21.305136342224465,16,6.532864939492645
1,47.41500161246969,0.14126044531159868,6.10088583504642,13.744733024690422,11,10.910121442593084
4,56.322826592098096,1.5394548652532472,11.34194187281532,24.07536254849542,15,21.204600172114937
1,33.36182077212675,0.373569750882894,8.571310504433177,21.153931709172266,20,8.471483300342674
1,23.607481696682868,2.0581539506310196,13.96725760435185,21.79738808236534,11,5.2379389828646215
1,38.27030688856138,6.51375910832711,15.093599264270445,28.020005650428256,21,11.899752910411165
1,55.86376591769345,0.09565707206371836,7.774918369007575,19.715029807217704,17,9.024030184453128
4,51.19684863619653,0.7687456604097194,9.176783779537402,20.73938420613962,21,14.95032842240229
1,17.96234295134192,1.9437651051929021,15.02656986042775,22.10986647981608,19,4.871006957894571
3,46.16577600349118,1.8667973457199216,8.564622886804163,12.800038752931837,11,14.16003757996627
3,40.73538851065292,1.7125254185071321,7.67136745668802,20.669681721189985,14,13.02606656647972
3,55.83584293558915,0.515085428315585,7.285235472814981,9.571025438569084,6,12.445250172007585
3,20.511663758263374,0.7258410922389704,13.408154451832482,19.072392190521303,13,3.8638630896344845
1,39.031625094209545,1.0845481018878333,13.236630878069857,26.275945266964136,12,6.7263766878926505
3,54.57582120803515,4.376851321181116,9.263815878483832,24.236332791255347,19,14.846477675807906
1,33.45107040337844,0.4761881536020599,12.020341584512936,19.02589844772962,13,9.105443314474298
4,36.68977129797902,3.078984332305158,18.108529536620523,22.20399109111906,16,15.449135996633053
3,18.170730495013125,0.3765962383620021,8.103759372327113,16.625052164347974,14,3.519666427196398
2,27.516463820200986,5.419983134766403,4.193029563958202,21.9882829842524,12,11.105566761054451
3,29.60279921260263,1.3313543939108639,13.820302302881482,36.65160142746255,11,6.969547280655823
3,57.53051019351991,0.7472521389099914,11.558395344393647,31.22900660185966,10,10.023807766735299
1,27.720031224352155,1.1404079438851837,9.159899652739595,22.263110650086304,16,6.934617532355774
3,35.739093087134336,0.38182094987501164,14.608320949419632,22.80072082457687,10,7.255349388441539
2,45.20869906039259,0.38453371919028706,15.356900578675159,17.102173426827246,14,7.887456187921753
1,22.298251758354482,0.14464281904676518,3.1668879204796294,17.991054460244747,13,4.085665506082131
1,36.88990742138435,0.14531411928922383,9.389608362674046,23.810921610523472,16,6.9830603924411
4,48.23425677641584,0.5126488556954716,21.27006492478742,19.375537171817577,11,10.811324031297918
4,54.008484586217975,1.7269026309511117,14.333619663192763,26.520747974257908,20,10.202018162777236
3,43.1816673598092,1.1237038678211877,14.704414553188599,29.848428404888786,11,7.988533103324412
4,45.10740818926266,0.1298836568369809,16.691577114525913,23.663103923905194,16,13.54912952791422
4,20.682756266305603,2.2945709104054295,12.068275300798904,22.508686029199634,20,8.904450211081278
4,57.55994237608562,1.1036587892613248,15.18673664036648,13.596101875446742,17,12.967064939704176
1,20.965833486801706,3.888596775962114,14.87224817534881,25.73805122636025,14,6.738071604971326
1,49.86028217318093,1.3310697659683652,14.156165987011036,16.28164349230471,15,8.963590436126758
1,26.916734480024346,0.23110064534204705,10.711952117530382,19.909954356832902,20,7.536802578722995
4,57.01169146655632,0.7704507507654933,12.688235689465035,26.797879461925675,22,9.576449664927274
1,47.39817927162658,1.254646479475417,9.646553742772888,27.148790821545163,21,9.513932426871335
4,48.9216170840266,0.03440620535077322,12.05125721826598,19.667462363249413,13,7.866339179240783
1,24.85766278769475,0.018027047494454836,7.326036431602932,19.955422325400068,22,4.692925826015252
1,34.936798948582236,0.16629131574815287,8.83750403490819,18.50340563371664,16,9.214387811753886
2,42.80159375651789,0.34788454242776784,10.870751832300282,16.010731273370446,16,11.13905228204102
3,49.64881281929704,0.6735938633650996,8.225178274279696,18.82602258947879,11,19.401326780570987
4,19.67817191605753,0.8020061111435165,9.979930917019294,13.934349905426556,7,9.354722200259175
2,58.30643924045378,0.17823844531398694,11.344296092977936,25.415312907541324,6,11.113476440213853
1,55.05993017495502,1.342791978359258,13.60904937865751,23.97261802580938,11,10.463526252928762
4,27.165686572301297,1.0880186355587393,15.797029207411637,24.802646424352563,10,5.303223640934059
1,52.02421093645494,0.4185571457338662,10.144862514487569,17.227979747124287,14,10.012311932935962
3,38.32457653679205,0.016504845664363686,17.340418469074496,16.02464718242472,10,6.937184502538624
2,35.78129167029084,0.09699390932396225,15.754444314501974,22.2675713715678,20,9.46718008583278
3,29.149534761513245,0.5964942108244653,14.016375327775767,22.320512824751127,20,6.441753083505672
2,41.14358639842166,0.2006467224773147,12.614596517186476,21.263650862435274,14,8.97683003815199
1,47.8450102966619,0.5675030944359808,13.276483367474166,20.552583654060754,19,9.869374265417235
3,33.49198072332412,1.1872229010791069,16.748204602665528,30.553878888471935,10,7.351407736977301
3,43.31486368537314,0.9508648971043041,16.894318639037095,24.130125058964893,22,10.672847990350343
1,46.46908145198867,0.31547166279571853,17.339786913534574,31.853391957332455,20,11.632480467679216
3,47.000481765687866,0.5055887208579067,12.165307327508012,28.344825127158167,22,10.180718204370544
4,17.33847441590311,1.1423984853363915,14.219868659994452,30.516354630086724,14,6.5141248041214315
2,53.68865125582801,2.366686710772838,17.374186026488204,16.627686168219988,18,11.551525632243871
2,35.62139916442716,1.6790777284485725,9.505135860334429,24.96585495499015,18,12.44016491423588
2,26.80872367632965,0.9673103995918304,10.726332585126785,19.841172555033136,10,5.900439616986362
4,25.87940283658567,0.5398516153593603,12.064146652053914,13.683066443202335,19,8.8608196544782
2,36.735635077977776,0.545053242461287,15.598394951917626,29.48001584777763,12,10.027079933637795
1,54.90741927610316,2.538503447426119,15.66068860287449,20.531537371471856,10,10.730656400647414
3,32.025641175719116,0.04804123579062877,11.076543555208259,16.724491848666577,17,11.62104760573012
4,48.73765860525945,5.30568405091752,5.96556218248116,19.927180683756532,8,22.77670148129347
2,19.356842894424837,1.3101144454301883,12.98473577718387,18.018879386130905,14,5.815170607938896
1,36.42255159679778,1.371595113507355,8.326735450686396,18.531510161916664,15,9.617389232133869
3,59.625876317673104,0.04648629623398672,6.04025518143911,20.891983049086754,6,14.407810262360833
3,49.669701125655166,1.1162524188385992,6.944513757065134,30.654075965223715,19,8.38391229564226
4,24.473781979827585,0.7957890238446583,13.305524031382241,18.668413917276872,6,9.625933590164928
4,37.56486631640598,0.13416267199125606,17.444149443731227,30.296353321095953,15,8.4496228061672
4,25.513114364185494,0.39074655311745904,12.155578064944976,26.244183979897606,16,7.665400035989617
1,33.430241726812916,2.652165239888925,12.845522618583859,23.98135781793043,7,8.692468815390999
1,50.10378106807342,0.9581783448348,16.731579755511703,25.740600161259376,7,10.313953853968634
4,49.705116688068166,0.6401284550235571,5.822180363665783,22.06827831918729,16,12.524010493629133
2,25.26451700560733,0.09055067787119019,14.080705686401085,28.43025051931713,13,5.278526053859016
3,56.500049316968706,1.5026261753446464,11.953640862724715,24.834901316335504,8,10.953628688666331
3,41.66556822441721,1.4562251857812443,14.264229835328269,13.676670074872435,14,9.288765801044288
1,32.09659309329065,1.142437064796685,10.066064366384737,23.481259659449826,21,7.190427412246704
3,37.587101135138724,0.8566632531345917,8.728250838294072,25.919865714963077,21,7.505613168373304
2,42.22820640469847,0.682536430176751,12.562035617142422,20.554993906993914,15,7.278440020376107
3,40.19507393306034,1.079530069925254,18.596765293337846,22.631279363569664,11,8.98491965524424
1,36.88822659912802,0.3189410316110408,15.44364041816585,18.935710026627966,16,6.584177664901351
1,37.721976184023006,3.4015421060828452,9.969228919279633,15.111871719682197,13,9.402731048614271
2,22.93853596925488,1.0663947124882778,6.636111856074881,14.2481156453438,6,6.09255836771112
2,51.57298069371057,0.4473520279688484,5.271730865208858,14.314660064655683,11,9.971165930154813
3,39.37921439734569,0.7167060969650025,17.264397807401927,25.34522371235266,13,7.704920743485651
3,20.89859377671164,1.9659283666487612,8.17967084745669,9.548591458118356,19,4.884054941532472
1,49.47706957122501,0.21153494640510914,10.697946348020254,18.667600365182594,8,10.319366433880537
2,56.95997902698079,0.41579056806396597,17.284844504310307,18.17173357377311,7,11.066054899277756
2,57.62881046566329,1.3654776418488563,5.544394178084033,20.58920232006268,6,10.903859609871402
2,31.605797958502773,0.45486103908943826,17.969058037900236,12.717842250318986,16,6.273070330450788
3,21.09825931023393,1.8871584536408341,10.985438184429992,24.019440473703092,11,5.745603283786865
2,38.32798319848793,0.16774014343256696,7.405666739045045,15.634193029200505,13,9.292815363061752
1,20.06741532071493,1.7260462061963013,11.010596291404347,27.662027703546343,12,6.132798439805306
1,57.02943383306778,0.08495989436407554,9.10961287439409,18.89117156205584,11,8.813149483417698
3,23.26108323098157,0.015207085901625443,13.763279195622863,21.5219348829404,17,4.309086285826225
4,26.374463697802383,2.741971477611227,9.40747026444889,22.01886928277603,13,13.954092681472211
3,33.298643709823665,1.0448331286837098,4.353431156323828,23.22120526430286,10,7.403414989531852
4,32.242401085160665,0.5203169810142466,11.117749862364041,22.18507188748071,14,5.927468155368709
2,50.75983015790501,0.31768813513666877,6.573819790853844,19.86444725633684,17,12.762069625275716
3,35.534256924793304,1.1513065418758222,12.81727953595328,23.715242653470217,20,7.0701319408807315
1,22.68457170015016,0.8535787179830056,7.251478670866703,24.33073565247477,18,6.7035290760221455
2,27.024445296873335,5.735110548398427,10.047948787311656,18.174326664451897,18,8.960263775302336
1,37.91010233343849,4.904794118581566,12.730351216857345,24.131839094867786,10,9.950725071966428
2,21.63542628417607,1.2095102785947067,11.150165099862923,27.958601512008478,7,5.860865025758525
3,42.52450540407064,0.7019490978307559,13.00172113200418,25.529470980522763,13,7.488643883196901
4,40.45862879480157,0.8107011046841944,14.721148662871027,26.661876208235935,19,6.81853615218954
2,47.161604237201594,1.3766538356527642,7.368265201074776,22.859604244537227,11,13.395563261826672
4,57.19670769207155,0.12853384968464032,11.74240983750117,17.319247769625605,12,8.797569316588577
2,56.051455249552006,0.4776251941366557,-1.3180151900325168,17.951777701481774,19,11.317532207661504
1,57.57340281309741,0.09390707926469254,12.989333206730095,23.59943983927206,11,9.52102404130888
1,26.01220186606654,0.09142914960545324,10.79674347850063,26.71381862576155,21,9.396229594435743
2,20.92043879877096,0.2615472982768108,8.066200946088115,35.92955956997028,9,11.892197763026978
4,28.602451522340182,0.7968963069143776,13.262877689186096,26.90910972219302,12,5.745116862069936
3,55.27883277448416,1.8432817588338006,16.69079030874027,16.14782121251249,21,12.062290075212639
3,58.74240635805697,0.7974620852013109,10.095929009604227,18.163637138200087,9,12.414806828420613
1,53.66962279817142,0.49042224347315483,8.22074203903312,33.392586579779994,12,8.706211528995441
3,19.95079745073946,0.10313098004740125,12.660101049754847,20.92805534011611,7,5.5471682980342365
1,57.634259912690695,0.9589975561636166,6.6575733334145575,22.237573173806442,13,14.145464241300903
3,34.05111123078537,0.3797400555009789,9.358474517857843,17.197915397953857,15,5.804711613552194
2,15.418963084305915,1.1452091914301794,16.88960864660201,29.82551702787122,7,7.44499812635085
1,34.90771833366871,4.536548556253602,12.248716919249151,24.501666036603126,11,9.111096108234404
1,17.073112635396043,0.14161400814510816,4.482132144215335,18.126993260573443,9,4.354314714502915
2,39.47450645225029,0.2860996046658942,4.812033410882396,17.030873555713644,6,6.979159193547869
1,30.234931234667307,0.7688809628589756,12.648342770587103,23.53601972948936,11,6.4265864498240965
3,36.30457201173219,4.1536649544682716,15.449562303670751,22.221030874402263,17,9.618643402158884
3,42.59266623344027,1.7730908199232578,5.529514165495399,26.160551086105635,19,8.411041069165133
1,54.09604931180191,2.7420383829173116,13.798850429986034,24.734842365636,20,13.02647997465251
3,44.785570941236784,0.4872450535588588,17.321374029958875,20.677598256156887,22,8.308965186568505
4,34.53219908151813,5.799761473376932,19.551435951834556,19.28099202269317,14,12.23496302119554
1,51.87425341516643,0.13021566370893625,13.324891039439505,21.20028925850583,20,8.527256314414075
2,55.75119619079095,0.06531309108664524,14.027210378209897,19.246595766716187,10,8.960214930542849
4,20.389198489448873,2.3222234947006024,3.467262289487424,21.34902233597619,21,6.889027694853523
1,38.936983989875614,3.1451169543527566,20.399010191983955,22.082204643096908,14,10.069329923726052
2,27.803038188409985,0.1139449637951743,9.698039147615514,17.510345533099716,8,7.372446381731351
3,17.11775390446263,0.14447075027485892,8.266115366299834,25.1533993104894,17,4.263587232401108
2,45.08460128012934,0.04048428100895427,10.979175462241502,20.147861427651648,19,10.320691700248663
4,53.82468498566515,0.13245780321504255,18.046693656741724,17.790578248573283,6,9.572771767532968
3,22.330619451482733,0.28198583274469313,20.832184190174193,20.24196285859066,14,7.796493472046665
1,51.558614593075525,4.21093815349858,12.501634717903377,23.211290783101433,14,12.194011322930859
3,53.40280800916237,1.32263925758187,15.992336690414621,22.415190999066517,18,9.52606099708295
1,56.145319919991756,1.8090865332194719,12.172816194742015,24.11059057452231,13,12.661565847617485
1,26.93782900887236,1.7960781105219559,7.848818107927264,26.491730625377645,16,8.350080076314757
2,55.677887933545016,0.9190517851789042,17.906974683153162,28.524701020040165,19,10.590952052953574
2,29.42982396313945,1.9163531554440363,9.511490078574443,23.427430813440267,21,10.902529068826297
2,39.85521060549763,1.0870369313885826,18.14212309348753,16.652988063822516,16,10.67813906866823
4,17.272836187452697,0.4532088347124964,17.194165319076333,20.654445987348495,15,4.344492540338241
4,16.974648976593464,0.9882080575283556,14.456145055828832,16.97840807808496,13,3.883293969060312
2,47.41679457294913,0.9150187971565934,19.315899025017412,30.484270368561408,16,10.299260789091282
4,35.0015990090006,2.081002144331881,20.929384132742953,31.937004412635815,13,9.386711537802197
3,26.53315689161479,4.8028111378339045,11.299026548142754,25.251555987481716,15,8.311526496975159
3,23.568607321120957,0.6352816382521062,8.764823526334276,26.292294213195152,22,5.062172424359601
4,45.14790708866481,1.7296139162981008,4.542920650974111,23.254715966183294,16,8.207957893890056
4,15.018069481140294,0.12611666577151598,20.978729021721023,23.830279577303955,17,5.1735828173516385
3,51.26510261385844,1.7997931229704662,10.241271964326202,14.012728908354386,15,9.630790308404741
1,18.566232275846797,0.5571444710417449,16.540147428406957,21.630338173715447,22,4.306653290253043
3,23.617032670865377,0.04822433905716752,9.034978529962068,17.5942346882687,8,3.753455928630071
3,32.38063778845903,0.5416465964013025,18.15306256364814,23.40678268769185,12,8.014323431352791
4,36.81864328722466,1.131909574465655,9.199529632738347,21.70195077305733,8,7.705677096440056
3,30.974780211627383,0.1523779825748033,7.233123465530627,31.73410981173057,22,7.545733471366112
4,29.432047424293224,3.0929710673788597,11.165974276184999,26.583138443614207,13,15.590026763644783
4,58.37622054329348,0.09702578207012555,9.87289719615345,23.422559912608225,19,9.08866165884001
2,43.87108565595274,3.1912272469890044,14.38519914184485,20.66530156430187,10,9.769721275437782
3,16.05448299153247,1.4736625495584812,11.794420291229905,30.380107293799647,18,5.8813684733500375
1,34.357915879994096,0.48005768389201087,14.510809578207686,21.85022676936735,16,6.079546040007089
2,54.37539148847866,0.5946325886323104,10.835914107658825,23.65836980817639,17,8.693237387981005
4,28.565528388480057,1.6202297334322247,9.339570515924779,22.211248022134175,13,5.8136461718059955
4,19.25503551484747,1.1039703163623213,9.665757808415705,19.97923047146339,17,4.908436138616106
1,49.1273147215463,1.3363843303816365,20.179755192124105,22.182531111927602,6,11.119124128545065
4,42.270622437123656,0.5915133330880178,12.900683728907744,12.19016574660842,7,13.986788465716563
3,40.66406285219267,0.8028797123241669,4.064951162187822,14.261467993794064,17,7.996444947527148
2,17.410945182333357,5.510406748950732,9.919163946183676,23.748152708348137,12,9.286795230888977
4,21.32245544079828,0.2888404346784719,12.387464129903503,29.84099845263743,12,4.784779828596122
4,43.01472282959012,0.6492453114957214,19.381598725001517,23.741105520720843,6,8.915282502628912
1,24.352072865647614,0.4140737776824118,16.1147948635596,18.39815572551673,13,4.54137975329666
3,37.68315358867909,1.738373267957598,8.31312865407234,14.785731229663323,15,10.962212579146563
4,39.519675871322704,1.7327723687654275,21.673423014289803,25.922636302378194,6,9.647509035980034
1,27.75782356219227,0.4151286786075759,11.875358540794089,19.164024244924494,20,4.6996063185756025
4,57.67913199936718,0.10187275884690099,16.985319244299777,25.2161770927628,20,9.810124696666406
1,52.91088480760088,0.013798238564945017,7.3799660104003895,23.949325790328587,9,7.952654794081728
1,47.50680784347593,0.6691873709637651,2.4073476189964094,24.39150196127345,15,7.8107430589587565
3,18.50972398842341,0.6338461195645845,6.366274038526557,22.16800853676778,13,5.3003298186392875
4,19.775850868905874,5.347053636308947,-1.0013339047828236,23.918221924848208,19,7.802251895678112
3,37.17516056392301,0.7614058800819098,20.448357309011634,21.402727993718326,18,8.646433142892018
1,22.232100713594356,0.355532072413224,12.858131675545664,18.823467328158983,22,7.2264970716375565
2,59.021945858826335,2.6622174946729866,8.301423926207875,17.18250469741974,12,13.947791861377688
4,22.133410531233423,0.8105289212586012,13.810496119920483,10.074956010145106,11,5.323959393837254
2,36.936052595878834,1.0970783287996477,12.757336144720663,21.094452187977453,14,8.316611098818877
4,31.385447557867742,0.12067141795046246,14.483733582455965,29.596890914759765,13,4.983790768262881
3,43.77238896543441,0.5793009381671703,16.838125604545073,25.650400462687987,19,10.448303014128513
3,20.80663840002412,3.463686928017853,10.840315387899938,23.138545592379792,8,7.3440773881746235
3,34.36423926190759,1.0684709595786754,8.480642775596053,18.329975028554244,18,7.7017721041517255
3,27.361726476321465,0.506831767080671,15.31110085748767,26.986696128795387,14,6.793452676004687
3,54.94881861022596,1.1791319831121565,15.209331111537864,21.403453440984876,14,10.635423391963563
2,16.82635704606128,2.8950284811287976,12.402943232485379,29.874671568945292,16,6.314979781958403
3,56.117737230290665,0.3842307806804412,20.710216754723092,17.094563683526594,11,11.822947474846181
1,52.48473623488502,0.8441200069292208,10.248711508553392,18.250152360136717,17,9.921611057153635
1,28.390682239836696,3.823999808496462,8.400568113458927,17.763650278901856,9,10.092033985422558
2,50.518079460469714,0.22706480762188722,13.672365710026407,14.589408147829936,9,8.873830865736966
4,16.40461021524364,1.5261193557958792,9.300248572346007,17.314776574041186,22,3.6873820413909764
1,58.508949763202715,1.1437977861964048,13.982066096579583,22.516081298829587,12,11.585206248782931
4,38.69677241654052,1.3661034995823231,8.66796697664224,18.43899487574686,11,12.998302574296105
2,28.647646172945038,0.5191932402294951,10.399030868272458,2.718123353797015,13,5.306511862501673
4,31.316244566760467,0.4520421915740259,19.56336168015666,27.37136648710061,12,9.815820515622525
4,17.98824090572238,1.3832121601662761,10.377650573009284,13.579531353262972,13,5.020544571630635
4,59.520728131891765,0.2913166604824862,8.804593823930816,24.946141424433186,14,11.221101096402808
4,16.76813753178116,0.6529585020703305,16.682715154826,22.156072948347823,6,7.972901252253891
2,44.47082054165365,0.2501640519596724,7.795832198853225,32.58686408210171,8,9.818939766273264
1,34.923116746790626,0.010007422131507031,9.228227079411727,26.984787407613098,16,9.564714147194941
3,57.70122981849218,4.210166074556,14.306244482035979,19.476977022575127,21,12.04244849950433
4,26.06998831380578,0.6781332864454739,15.753645695493168,18.48968218822344,11,5.0939219438598435
1,38.94390707721051,4.182132043890558,16.8819055643243,29.513638403996428,7,10.853403860644509
1,36.70602938622388,0.1814389755440943,9.011112671118061,14.620644514492941,9,9.416724574707949
2,46.62898998225456,1.0622353997477465,14.38403469194448,22.95439967959354,10,11.489299236081516
1,18.06046043785892,0.26923420093016304,10.135567201823282,21.34439768375164,19,3.3339351604993044
2,23.720510851050967,1.8732009553417581,9.57737746595747,20.28386965647662,6,5.363504942883607
4,24.655416904178242,1.8373233165405047,16.81285112916914,23.767569922242128,19,9.312042540100116
4,48.21678396787603,0.14336099547969394,9.801782416561656,22.947799302543377,18,8.906509773937254
3,23.511241334703303,2.917381382284413,13.11281838408392,24.287003713958722,21,7.83171085260506
3,40.80712937509395,0.2597436501302892,12.622317876922555,22.69487826181642,9,9.641987043057728
3,24.68597192254292,1.1391264465618853,7.71698249464599,24.088407025086237,11,5.090067933944612
1,53.77312275377903,5.091437436528865,15.864371421425282,22.466825964657975,14,12.691917346038787
4,57.39834545203373,2.568524133215179,14.241123574715814,18.70286556391843,6,14.583189841061834
2,38.33218387240082,3.7637580527244987,4.0548375525183165,22.020006301182978,22,8.997892389261526
3,30.85389978941302,0.503352898319643,13.109684444949373,18.428067201479898,9,5.215394506615521
2,25.53259987578746,0.1338899319572225,8.908106263333515,18.09811697634575,11,4.5859020060723745
2,17.240145068536968,0.2504186567321731,16.388301225650512,20.31924998641124,21,3.9649253648664136
3,27.082503428887293,0.832964953054697,6.2184006528769675,21.402884196320787,12,5.280611175922518
4,44.440610097539306,1.8913759903279934,10.574092125481824,22.176126531739055,10,10.885865456863305
3,39.012761908914484,0.19523964443979483,13.448098203953863,26.58189413681665,14,13.258346934830556
2,57.48185752264173,1.2936244343434968,12.2173611765675,19.507679587295783,6,10.102443896160935
3,32.83247681212653,0.46912506237457885,15.051833026855885,22.9842596323741,13,8.360886312339934
2,46.22385040477775,0.500806111669415,5.9263120559628435,22.590138569719095,9,7.424723962156882
2,37.01952363638046,1.301359213460314,18.607657347469512,18.956858562669673,22,7.929487463552037
3,38.06592971658952,0.7550793189132162,14.100578635153086,22.368703931032723,6,7.761649941056342
1,27.049844157185287,2.0057885068780448,17.438872852003584,27.01360707588657,7,22.086707833073625
3,35.472784957889985,0.20340748381785625,15.496960676932966,22.932531084417,19,11.598982083683337
1,36.18532486557183,1.8724817329888097,11.953559542179827,23.13291964513654,7,7.16322267921071
2,46.798913478702026,0.0796694009865074,6.863207156355357,18.473358345286663,6,7.631622498513976
2,57.328799963375126,0.25888606517994633,9.745787275005195,31.84429425602438,18,14.636276862140106
1,29.819457486712693,1.2810587195063168,18.35825333145031,18.758218148387495,13,6.831983491088646
2,16.89902108615843,2.316610745085097,17.541751126625527,13.66108269726261,14,7.866383942875826
1,37.33328064752879,0.34951356871573697,9.521600079585241,26.300920601090382,7,5.881820227540796
1,39.50075994671259,0.4755536327137812,0.7267828551912849,21.42591480175787,22,8.303337532150978
2,22.579824800936187,0.9243468652136037,11.149241062779526,20.484790895264624,11,5.491263049710092
4,49.220907282423,0.28525825473084815,10.849188447483535,19.272231097942363,8,8.884971968168259
1,59.321809879867125,2.0002024641367058,11.000909551838467,31.35857312157919,22,14.032860855483856
3,57.559862265380744,1.7827365663838364,14.114156807325607,23.772951393023412,11,10.22852885096982
3,23.86977174706435,0.1883940622169375,15.504850317286653,24.748756108225425,13,4.830120184328522
2,54.391345795534235,0.747964204601781,15.961198188398097,22.81307811791134,19,10.226753030369862
4,46.70221363852581,1.7890676256891151,13.782836560541467,23.35024806722598,15,8.701196857434251
2,35.42309537131102,0.49377293121441773,4.796917192309456,28.99312305279707,15,5.887602540967722
4,39.32749474461281,1.2032214520466955,10.635201069226817,20.745726693861524,20,7.257662751354546
1,53.232007874210616,0.06182118951787266,21.216359134196757,14.71531227239635,13,10.450798637654378
1,36.60607228372679,1.125902432120865,13.496866939209914,26.340273271138884,16,13.157988855017628
1,31.79433160973071,0.1987739560755555,13.47127827377546,24.48350806121196,21,6.21922225429218
1,37.196137186169366,2.1304728799547537,13.437943759095432,22.539899064425214,8,8.711678730912887
3,41.06084118157721,0.5270424574254778,13.661518490023958,24.353766207738932,20,9.035913230316893
3,23.5084944200257,0.39679745015520196,2.467551275656307,20.14627889852913,18,6.149427560850727
2,55.54084786201458,2.2057836729066898,11.041902732355727,22.103462914271297,16,11.493189057792916
4,45.33841269733262,0.06173389093676011,11.848428672821242,21.34149873070045,19,7.680690250625547
1,43.497101280186996,0.6062274423410386,17.12598159701365,19.042558714645416,12,8.451438608556506
1,19.477330178128717,0.5544492954872616,12.190691578489183,27.945863915525013,20,3.484044913096547
4,42.18782721776663,0.4022322940830515,5.413954453592235,14.938706862910998,11,11.247746535426561
4,20.443229800732155,2.9131568066508144,13.720356624687009,33.80441085906483,12,8.33110376242371
2,18.541395383792956,1.668017817145784,8.784701407029019,26.386811046032378,19,6.068465482545722
4,38.7289903039077,0.07926925960221581,7.132857435674329,13.110122326488245,9,6.881396806574961
1,33.125349032092274,1.5050040371591749,8.663363813133676,20.879168352545353,14,7.919582896114069
1,41.496462157030045,0.8991510087753778,14.170016918658062,21.15727042048221,12,8.271315674782645
1,19.014997562575736,2.773562302060714,17.035044959040274,23.959433144710562,20,6.321844377434745
1,34.39423782812663,0.4504101963400415,13.931719780710347,17.0531086463014,8,6.2287400042266405
1,22.86540217703211,1.0244355429738063,14.528092894468086,22.160126716841088,10,8.399934424808276
2,59.419503866585245,0.8335906464863915,13.892181091352004,21.394403009386764,22,11.595010298936298
1,40.25175955958285,0.8069807466037279,12.405308707441874,18.311908187132808,6,6.686195526088456
2,45.934658742339025,0.730799760012602,14.78772253985103,17.61623884264384,6,8.266477469957998
1,29.643822630717352,0.27624632530069454,2.3248981317223176,26.594023233511784,21,5.49843609119068
3,19.263251165070486,1.6912787010696015,12.444353405219333,13.517087299787033,19,6.693145679952812
3,58.914188825259146,0.7203229276359417,7.8202998615109935,24.389394680480258,16,11.824356843608975
3,27.881656592243246,3.81894491688149,16.651610290176556,25.98755153439062,19,8.980707638420343
3,34.071368332810835,0.3626377909713313,11.411378779132558,20.90720830830792,13,11.431845327503073
2,44.243876476615874,1.3776549054442753,12.123792353071321,22.26186419862498,7,11.85373941239122
2,16.111378395875008,3.390520842432037,5.979712502984786,27.817474998486908,15,9.15210186269009
4,51.461660873277914,1.3068399398773616,16.067323556051406,18.475742446379716,10,9.941154200530754
1,39.14601855128791,2.460072814212491,14.509312481095238,18.99173785555438,20,8.96770998265869
3,27.519773418096996,2.1086972044580343,14.227791529362012,19.522581594503457,6,6.9008017560866755
2,17.772359338161117,0.5357652599967215,8.74790859132471,27.826627996116407,7,4.255056478081269
1,22.312428696349865,1.0999207556835346,8.905440620247479,28.461468734423537,22,8.627052783621842
1,55.27652364840466,0.20389497199456022,12.894397817783622,15.020548827681905,20,9.02761524206243
2,45.8710900771151,0.9202193326889347,9.222006359007796,27.031203736558183,13,10.857786859294709
3,26.245577473660042,0.3142955156315922,13.739571850709353,26.094541531736418,19,5.631530856840616
4,17.952034422526328,1.6338603552109294,3.356349588933112,29.767974052249137,13,4.572816910910911
1,46.07768905739863,0.901080091503051,10.04982177437363,23.925540160631897,13,9.131079792623195
4,40.75834766854943,0.6356582214097888,19.187013861705964,21.778699398607117,18,8.313306384339313
3,33.203378600620574,0.37567714502979954,13.757943311983059,27.726083432858296,10,5.510028851677689
3,31.36251521355287,7.973068657781665,12.66717465812397,25.494518957508827,15,14.725341639641035
4,24.756642416809875,0.08929398736453997,19.940906142685428,33.224492070743636,12,7.670634259640362
3,45.13250654418829,0.05344551880359121,2.6561855247942567,26.793539224809138,14,7.271405871217245
1,58.68006125072417,0.2939416479598341,8.73875554084757,22.767739882119578,19,14.741976065241154
4,22.907186062657164,4.251553378814868,10.395307313010443,16.129478098119144,11,6.886722503050207
3,41.87024790069765,4.649566792034366,15.43340493202156,19.09541411402941,15,10.94098288206033
4,34.08832750856893,1.2768017033481556,15.502625452912945,14.82022510985992,6,6.32925993582466
1,35.10099247850992,2.5453833898641527,8.535973164069496,20.924689819695683,16,7.60845175363679
3,26.436627605751646,0.28889975908855337,15.991817288570198,26.630337966164227,13,4.891254621921774
1,52.131069404763856,4.292466316130965,10.38674093071317,21.981644557597424,11,14.578623910668316
3,36.83650218662585,0.1848796102559541,16.846558502596668,27.108626343800363,22,16.162403504175224
2,39.45326334892188,0.12793380829430734,7.869429207511769,23.68786866719507,9,10.059970818233712
3,28.71424107587966,0.14282614109025962,11.506753603735358,19.984538551229953,11,6.437841763493688
4,23.181380955012738,1.0215250761081802,10.039330738493758,22.43812577584982,20,6.86134997455423
3,18.86596746912692,1.8222799971582568,16.224121486262856,24.36048345527548,15,6.134682731778369
1,47.13536134162121,0.5481110515998168,9.908875133735316,22.69611699231808,22,8.607037740091704
1,23.830542675953502,4.574395366556673,11.830205883952976,22.75342114425957,15,9.590505941114623
3,46.053390938495895,0.6838845238925554,14.027245590652196,18.15474946206647,10,14.687615225058705
4,32.56694007211293,0.1956561306912323,14.181033932104478,19.83511867378892,12,5.100205304284116
2,33.709866044534316,0.7527566071754936,15.547810429892687,33.29230398077322,15,6.577031307820215
4,36.112987324174725,1.3637159312248432,12.844499107378667,28.142332452117714,16,7.309054501207003
2,31.546882865739445,2.1421633620462353,10.327004338880675,14.630795515951421,8,7.51549044482286
1,19.527898975016555,0.7366893507648125,10.601205018564999,10.165155212468191,16,5.490311828336294
4,28.93343145012806,1.0805210150877014,12.102689260830449,22.38096210724361,11,6.646509305359224
2,44.868046231227225,0.3732959562076254,12.998369904297533,26.46736447212995,11,7.066657017254503
3,44.96029806609919,1.2458671110368502,11.411313408606254,19.400290812888965,20,8.80146753691326
1,27.880093825799747,5.120035141387706,12.07681368386219,27.10829364098969,8,10.210310787085112
3,35.70461819509596,0.060357061108071035,5.930984557711579,22.298272825035422,16,6.809665354229572
1,23.705125260537187,2.6114672460668187,14.669421137818713,21.184693601365126,13,9.757359477559742
4,24.46674366884261,0.9914178722214206,12.72444915555772,25.780575880875908,13,5.480121467498364
4,16.037118978297332,0.34858104902100284,16.00748165416435,19.340621035488656,21,3.0119535953746754
1,55.353594745848504,3.718373878869544,12.00064202962834,20.566468390981733,8,11.948399940711957
1,24.48179992837078,0.7924775341514666,5.046409685912855,25.350836310652316,13,4.59785937252276
1,25.239024462140847,0.48360422138294396,10.5662152427733,21.84302031466988,13,4.7487154815337
4,27.582064469030932,0.2403347814263133,11.200280307526333,31.543881366888677,18,5.228687424415798
2,20.733363226294305,0.33637469218542787,14.971613221734396,25.46912706428009,6,5.637179101186286
3,43.766829743161324,2.1466295187710527,3.7189058219464197,25.14406914166381,15,9.065955490287497
3,18.381432892991395,1.1435768092264658,12.16471806779574,21.752476769674658,10,7.982289772115276
4,21.039109184685763,2.9336092387417447,14.054700863173224,26.37377338354803,10,6.214869492841043
3,44.014052696554174,0.3167093625103078,9.35404845887392,20.38696113599177,22,7.15000225907278
1,30.284727921664924,0.15495365178583162,12.29851203926739,23.411888755997577,19,5.036599199153768
2,46.857652201553506,0.007327362641511684,9.491853963400622,17.4185347649772,11,12.488360072735805
3,40.08411351015639,0.8507954285377647,9.081708267118438,27.197206961152958,19,7.906511614580081
2,26.52095278776809,7.657454466699308,10.366320599474731,23.453023486308958,17,11.136205205870315
1,44.287257772019764,1.42479556335835,9.157232030131958,31.912565318489385,6,7.92570420126283
3,20.23231561317963,0.4424876467251675,14.734473247745331,33.96149191834879,10,6.032257157301311
4,39.138467238601365,2.513306223060322,9.060192492658489,25.81659725716574,19,10.254024846418705
2,34.67166472702656,1.8263844213895684,8.38835997180829,22.342126556039517,12,7.60423566789679
1,27.054311226784833,0.018642258076596273,19.071714667358133,17.269677439372156,20,7.648351080095881
2,42.1802248982775,2.0370084182470376,15.842960047296142,26.523749016294122,14,9.125526070179461
3,54.21001165531271,0.42891328506896326,4.553946557363199,23.05142281947614,20,8.626576762978305
3,59.95071148933845,0.19456181274559325,8.940926840589865,24.69017419577231,21,11.827836473349121
4,42.3493245934541,0.30793312595081446,12.969851886890844,30.648936937281217,14,13.315095307615605
1,33.21176434481266,0.7586426901785079,13.295020268925974,17.877883556683265,12,7.67857842049564
1,25.134319509729075,0.6637866870052022,6.038028537052426,17.37847915759332,12,4.948379585707298
4,26.56932402278003,0.4091092220617173,16.634261971289288,20.8178703081466,22,5.432167678069333
4,36.575474016739456,0.22680700023372508,15.300897676726503,26.106005748759117,16,11.047555824267553
1,31.527496557631917,1.7237457361883803,13.927606528161355,24.77433620107244,11,6.830894002360187
2,56.12165351812249,5.539451119848962,17.426913962848484,17.52155744152114,19,16.50157679836285
2,31.57329604450693,1.804967412712685,13.809159970283673,25.78276450351241,20,8.239531098341757
4,31.805006601544598,0.4210648707295248,13.794323517007388,15.993935905533686,13,6.903531328993861
2,32.259053059528966,0.3369414365974927,18.23071708728897,17.811291628255713,9,6.477151493578924
1,52.64790946654461,0.29456803347854627,16.404878322910836,21.42271341405405,6,8.624338441007458
3,44.28547443811058,0.17638478197391294,8.633970164353876,19.2328437701239,11,8.125437094038961
3,42.637598264350174,0.9617626238554691,14.53278071468766,26.44929744325467,6,16.037357889764746
2,30.0364360072738,1.115860353603171,9.342928540165673,23.43189241500547,10,5.833868539589333
4,51.805687957459774,1.4669823725293332,14.016618203801112,30.827805888136304,10,10.4839429371756
4,16.726373761006553,1.3681215477066089,13.906454028079258,20.764073173227928,10,5.826722494288164
4,54.185872755215094,0.4149384897459875,6.466130750176056,21.38898924479628,22,9.781879961252564
4,38.073745490726836,0.48113023382976994,11.51261755475586,28.051913045308815,17,7.510189705503361
4,32.921260568853576,1.3730141306315058,13.061028094321609,21.54539598438102,12,8.201453391722666
2,37.372527632295856,0.5159201922529822,10.254839236023372,29.470026238537727,20,9.392392813309481
3,45.0336988740224,0.2868580221379377,13.25883976956304,24.70414105192246,18,7.7953343101803005
3,15.574444193305382,0.5627304466164679,15.223591108004275,10.236067650573204,17,7.444155413516485
2,54.219833540621146,0.38108380624370425,11.877627743076978,27.88785207074732,18,9.764633910091105
4,35.10327863901268,0.11094989253973021,12.898397906833038,26.563634065599043,11,7.522945591544531
2,30.433493386503518,2.1273290977595116,17.5336963142239,26.756663030552723,6,7.252244587819895
3,21.22105045353257,2.30169687456979,13.892786332900904,12.44510810727371,11,6.380950575445763
1,34.775941846129896,0.297769539044822,12.803297158697895,18.685050193644763,18,5.48708203769655
2,37.334524707797044,0.080358170995981,8.167682481434557,19.05647583221615,18,6.656420511299079
4,33.1641012522065,1.6110887166661436,14.684104045555396,17.794393162198038,18,6.375535522943727
3,45.53970422221037,0.28519101292827703,13.320599797567754,30.70961265946969,9,11.604788975428882
3,33.94034379416517,0.5999330291281121,17.13495773480563,21.94116081088183,10,8.445883962800913
3,58.2637910030958,0.07954117583919251,12.187514173213245,21.817195286854147,18,11.942447460511623
3,41.96748830206163,0.3078381201416243,4.734933999464017,24.760041551578894,14,7.80241273792759
4,51.3365071043359,1.8894774140999124,5.199516524686953,24.84650833944691,22,13.031762571672342
1,19.921015639926548,1.9579984277894367,14.942723055038933,5.325536446870853,8,8.682326785164069
3,32.878108182565754,0.2784468361682256,9.719225609207387,18.768212314253184,20,6.037129535285079
2,30.15814656512187,0.49121206389280064,13.74707100444199,14.936057111043617,6,5.8626434268517755
1,40.62670746614663,0.172974862867757,12.456930578009425,24.0015304657741,14,7.6519178652341076
3,53.750108402764155,0.09248098501087036,11.332641329224318,20.555537928329763,11,8.222824455439518
1,18.5252197992903,5.820014102259411,11.614554857647107,22.076937822506345,6,18.365095767852814
2,18.265865912011986,1.2791207320973963,8.538441979819092,11.607401255547385,12,4.653193669235636
3,53.26429686709195,0.9373162030150727,11.936889244401318,20.45073887654751,15,10.012438886371804
2,24.578253871726083,1.7403519555073441,9.662026268822405,27.575651259164076,11,7.890031728862327
4,45.093896450241616,2.1996765937386886,10.51097391949718,29.04724741551084,12,9.23008393524323
